date,branch_id,department_id,total_beds,occupied_beds,icu_beds,icu_occupied
2023-01-01,1,1,627,540,47,32
2023-01-02,1,1,627,489,47,33
2023-01-03,1,1,627,330,47,31
2023-01-04,1,1,627,339,47,38
2023-01-05,1,1,627,494,47,42
2023-01-06,1,1,627,523,47,32
2023-01-07,1,1,627,395,47,22
2023-01-08,1,1,627,400,47,25
2023-01-09,1,1,627,376,47,30
2023-01-10,1,1,627,595,47,27
2023-01-11,1,1,627,477,47,29
2023-01-12,1,1,627,370,47,36
2023-01-13,1,1,627,514,47,29
2023-01-14,1,1,627,342,47,28
2023-01-15,1,1,627,373,47,33
2023-01-16,1,1,627,434,47,40
2023-01-17,1,1,627,466,47,28
2023-01-18,1,1,627,541,47,31
2023-01-19,1,1,627,427,47,35
2023-01-20,1,1,627,432,47,26
2023-01-21,1,1,627,566,47,40
2023-01-22,1,1,627,460,47,22
2023-01-23,1,1,627,385,47,33
2023-01-24,1,1,627,486,47,32
2023-01-25,1,1,627,592,47,37
2023-01-26,1,1,627,525,47,35
2023-01-27,1,1,627,592,47,43
2023-01-28,1,1,627,458,47,20
2023-01-29,1,1,627,413,47,41
2023-01-30,1,1,627,402,47,35
2023-01-31,1,1,627,519,47,27
2023-02-01,1,1,627,401,47,36
2023-02-02,1,1,627,552,47,21
2023-02-03,1,1,627,399,47,18
2023-02-04,1,1,627,346,47,36
2023-02-05,1,1,627,594,47,20
2023-02-06,1,1,627,348,47,41
2023-02-07,1,1,627,595,47,37
2023-02-08,1,1,627,438,47,26
2023-02-09,1,1,627,448,47,26
2023-02-10,1,1,627,317,47,23
2023-02-11,1,1,627,331,47,19
2023-02-12,1,1,627,454,47,37
2023-02-13,1,1,627,344,47,44
2023-02-14,1,1,627,584,47,29
2023-02-15,1,1,627,343,47,35
2023-02-16,1,1,627,346,47,42
2023-02-17,1,1,627,591,47,32
2023-02-18,1,1,627,512,47,43
2023-02-19,1,1,627,369,47,25
2023-02-20,1,1,627,573,47,36
2023-02-21,1,1,627,411,47,24
2023-02-22,1,1,627,460,47,42
2023-02-23,1,1,627,565,47,23
2023-02-24,1,1,627,383,47,34
2023-02-25,1,1,627,412,47,40
2023-02-26,1,1,627,402,47,22
2023-02-27,1,1,627,552,47,42
2023-02-28,1,1,627,398,47,21
2023-03-01,1,1,627,356,47,21
2023-03-02,1,1,627,344,47,33
2023-03-03,1,1,627,552,47,43
2023-03-04,1,1,627,493,47,20
2023-03-05,1,1,627,337,47,24
2023-03-06,1,1,627,396,47,40
2023-03-07,1,1,627,355,47,32
2023-03-08,1,1,627,535,47,25
2023-03-09,1,1,627,555,47,26
2023-03-10,1,1,627,443,47,27
2023-03-11,1,1,627,350,47,26
2023-03-12,1,1,627,528,47,42
2023-03-13,1,1,627,533,47,18
2023-03-14,1,1,627,564,47,22
2023-03-15,1,1,627,425,47,29
2023-03-16,1,1,627,504,47,32
2023-03-17,1,1,627,318,47,38
2023-03-18,1,1,627,511,47,29
2023-03-19,1,1,627,490,47,30
2023-03-20,1,1,627,506,47,28
2023-03-21,1,1,627,359,47,28
2023-03-22,1,1,627,440,47,35
2023-03-23,1,1,627,503,47,21
2023-03-24,1,1,627,393,47,33
2023-03-25,1,1,627,412,47,42
2023-03-26,1,1,627,402,47,22
2023-03-27,1,1,627,533,47,44
2023-03-28,1,1,627,580,47,26
2023-03-29,1,1,627,544,47,25
2023-03-30,1,1,627,452,47,33
2023-03-31,1,1,627,336,47,19
2023-04-01,1,1,627,396,47,32
2023-04-02,1,1,627,373,47,35
2023-04-03,1,1,627,490,47,38
2023-04-04,1,1,627,370,47,34
2023-04-05,1,1,627,404,47,18
2023-04-06,1,1,627,509,47,27
2023-04-07,1,1,627,396,47,26
2023-04-08,1,1,627,455,47,34
2023-04-09,1,1,627,445,47,41
2023-04-10,1,1,627,518,47,36
2023-04-11,1,1,627,474,47,26
2023-04-12,1,1,627,335,47,21
2023-04-13,1,1,627,317,47,36
2023-04-14,1,1,627,531,47,26
2023-04-15,1,1,627,489,47,24
2023-04-16,1,1,627,387,47,19
2023-04-17,1,1,627,471,47,37
2023-04-18,1,1,627,386,47,23
2023-04-19,1,1,627,338,47,28
2023-04-20,1,1,627,561,47,26
2023-04-21,1,1,627,430,47,39
2023-04-22,1,1,627,493,47,41
2023-04-23,1,1,627,497,47,39
2023-04-24,1,1,627,590,47,34
2023-04-25,1,1,627,433,47,25
2023-04-26,1,1,627,389,47,36
2023-04-27,1,1,627,535,47,36
2023-04-28,1,1,627,592,47,25
2023-04-29,1,1,627,419,47,23
2023-04-30,1,1,627,389,47,37
2023-05-01,1,1,627,313,47,40
2023-05-02,1,1,627,428,47,41
2023-05-03,1,1,627,461,47,27
2023-05-04,1,1,627,477,47,22
2023-05-05,1,1,627,345,47,33
2023-05-06,1,1,627,465,47,26
2023-05-07,1,1,627,443,47,35
2023-05-08,1,1,627,419,47,33
2023-05-09,1,1,627,535,47,40
2023-05-10,1,1,627,464,47,30
2023-05-11,1,1,627,384,47,38
2023-05-12,1,1,627,428,47,23
2023-05-13,1,1,627,537,47,27
2023-05-14,1,1,627,431,47,42
2023-05-15,1,1,627,565,47,20
2023-05-16,1,1,627,471,47,30
2023-05-17,1,1,627,381,47,43
2023-05-18,1,1,627,482,47,27
2023-05-19,1,1,627,493,47,33
2023-05-20,1,1,627,449,47,26
2023-05-21,1,1,627,585,47,43
2023-05-22,1,1,627,493,47,22
2023-05-23,1,1,627,487,47,25
2023-05-24,1,1,627,372,47,41
2023-05-25,1,1,627,449,47,32
2023-05-26,1,1,627,470,47,30
2023-05-27,1,1,627,521,47,26
2023-05-28,1,1,627,358,47,23
2023-05-29,1,1,627,581,47,44
2023-05-30,1,1,627,518,47,37
2023-05-31,1,1,627,351,47,33
2023-06-01,1,1,627,386,47,21
2023-06-02,1,1,627,359,47,18
2023-06-03,1,1,627,349,47,34
2023-06-04,1,1,627,549,47,40
2023-06-05,1,1,627,353,47,27
2023-06-06,1,1,627,487,47,40
2023-06-07,1,1,627,338,47,35
2023-06-08,1,1,627,469,47,37
2023-06-09,1,1,627,453,47,20
2023-06-10,1,1,627,478,47,19
2023-06-11,1,1,627,351,47,31
2023-06-12,1,1,627,386,47,33
2023-06-13,1,1,627,464,47,23
2023-06-14,1,1,627,485,47,38
2023-06-15,1,1,627,315,47,37
2023-06-16,1,1,627,408,47,42
2023-06-17,1,1,627,356,47,31
2023-06-18,1,1,627,448,47,43
2023-06-19,1,1,627,467,47,42
2023-06-20,1,1,627,552,47,37
2023-06-21,1,1,627,346,47,43
2023-06-22,1,1,627,326,47,37
2023-06-23,1,1,627,374,47,29
2023-06-24,1,1,627,366,47,28
2023-06-25,1,1,627,508,47,35
2023-06-26,1,1,627,578,47,42
2023-06-27,1,1,627,405,47,32
2023-06-28,1,1,627,552,47,36
2023-06-29,1,1,627,545,47,27
2023-06-30,1,1,627,525,47,30
2023-07-01,1,1,627,395,47,29
2023-07-02,1,1,627,380,47,28
2023-07-03,1,1,627,460,47,26
2023-07-04,1,1,627,431,47,27
2023-07-05,1,1,627,503,47,39
2023-07-06,1,1,627,313,47,37
2023-07-07,1,1,627,321,47,38
2023-07-08,1,1,627,433,47,22
2023-07-09,1,1,627,353,47,28
2023-07-10,1,1,627,517,47,44
2023-07-11,1,1,627,329,47,39
2023-07-12,1,1,627,392,47,39
2023-07-13,1,1,627,521,47,20
2023-07-14,1,1,627,381,47,24
2023-07-15,1,1,627,572,47,36
2023-07-16,1,1,627,351,47,27
2023-07-17,1,1,627,479,47,27
2023-07-18,1,1,627,385,47,35
2023-07-19,1,1,627,589,47,42
2023-07-20,1,1,627,380,47,19
2023-07-21,1,1,627,504,47,18
2023-07-22,1,1,627,351,47,42
2023-07-23,1,1,627,385,47,30
2023-07-24,1,1,627,583,47,27
2023-07-25,1,1,627,457,47,40
2023-07-26,1,1,627,477,47,37
2023-07-27,1,1,627,395,47,24
2023-07-28,1,1,627,549,47,24
2023-07-29,1,1,627,509,47,27
2023-07-30,1,1,627,377,47,39
2023-07-31,1,1,627,511,47,30
2023-08-01,1,1,627,381,47,39
2023-08-02,1,1,627,355,47,32
2023-08-03,1,1,627,330,47,31
2023-08-04,1,1,627,389,47,20
2023-08-05,1,1,627,436,47,44
2023-08-06,1,1,627,447,47,22
2023-08-07,1,1,627,592,47,22
2023-08-08,1,1,627,480,47,29
2023-08-09,1,1,627,593,47,34
2023-08-10,1,1,627,581,47,29
2023-08-11,1,1,627,429,47,26
2023-08-12,1,1,627,595,47,27
2023-08-13,1,1,627,443,47,29
2023-08-14,1,1,627,369,47,41
2023-08-15,1,1,627,390,47,24
2023-08-16,1,1,627,361,47,32
2023-08-17,1,1,627,498,47,31
2023-08-18,1,1,627,480,47,42
2023-08-19,1,1,627,370,47,27
2023-08-20,1,1,627,542,47,24
2023-08-21,1,1,627,476,47,18
2023-08-22,1,1,627,543,47,30
2023-08-23,1,1,627,331,47,18
2023-08-24,1,1,627,521,47,25
2023-08-25,1,1,627,321,47,21
2023-08-26,1,1,627,594,47,22
2023-08-27,1,1,627,504,47,33
2023-08-28,1,1,627,487,47,33
2023-08-29,1,1,627,521,47,30
2023-08-30,1,1,627,506,47,37
2023-08-31,1,1,627,402,47,27
2023-09-01,1,1,627,440,47,26
2023-09-02,1,1,627,505,47,40
2023-09-03,1,1,627,377,47,42
2023-09-04,1,1,627,593,47,18
2023-09-05,1,1,627,515,47,36
2023-09-06,1,1,627,485,47,22
2023-09-07,1,1,627,329,47,30
2023-09-08,1,1,627,527,47,42
2023-09-09,1,1,627,355,47,36
2023-09-10,1,1,627,373,47,43
2023-09-11,1,1,627,515,47,41
2023-09-12,1,1,627,478,47,37
2023-09-13,1,1,627,314,47,29
2023-09-14,1,1,627,431,47,27
2023-09-15,1,1,627,527,47,42
2023-09-16,1,1,627,364,47,30
2023-09-17,1,1,627,374,47,42
2023-09-18,1,1,627,415,47,21
2023-09-19,1,1,627,313,47,21
2023-09-20,1,1,627,423,47,21
2023-09-21,1,1,627,436,47,22
2023-09-22,1,1,627,438,47,37
2023-09-23,1,1,627,341,47,31
2023-09-24,1,1,627,477,47,25
2023-09-25,1,1,627,420,47,27
2023-09-26,1,1,627,438,47,31
2023-09-27,1,1,627,415,47,20
2023-09-28,1,1,627,553,47,43
2023-09-29,1,1,627,581,47,24
2023-09-30,1,1,627,574,47,32
2023-10-01,1,1,627,444,47,43
2023-10-02,1,1,627,326,47,26
2023-10-03,1,1,627,414,47,39
2023-10-04,1,1,627,489,47,32
2023-10-05,1,1,627,532,47,32
2023-10-06,1,1,627,353,47,35
2023-10-07,1,1,627,545,47,29
2023-10-08,1,1,627,527,47,41
2023-10-09,1,1,627,495,47,18
2023-10-10,1,1,627,387,47,36
2023-10-11,1,1,627,485,47,20
2023-10-12,1,1,627,390,47,36
2023-10-13,1,1,627,490,47,32
2023-10-14,1,1,627,484,47,33
2023-10-15,1,1,627,558,47,37
2023-10-16,1,1,627,455,47,40
2023-10-17,1,1,627,558,47,41
2023-10-18,1,1,627,418,47,25
2023-10-19,1,1,627,327,47,32
2023-10-20,1,1,627,534,47,42
2023-10-21,1,1,627,361,47,37
2023-10-22,1,1,627,576,47,27
2023-10-23,1,1,627,382,47,27
2023-10-24,1,1,627,457,47,35
2023-10-25,1,1,627,339,47,32
2023-10-26,1,1,627,452,47,42
2023-10-27,1,1,627,577,47,41
2023-10-28,1,1,627,387,47,27
2023-10-29,1,1,627,450,47,26
2023-10-30,1,1,627,465,47,32
2023-10-31,1,1,627,329,47,39
2023-11-01,1,1,627,355,47,40
2023-11-02,1,1,627,346,47,34
2023-11-03,1,1,627,350,47,39
2023-11-04,1,1,627,338,47,26
2023-11-05,1,1,627,370,47,30
2023-11-06,1,1,627,444,47,37
2023-11-07,1,1,627,538,47,21
2023-11-08,1,1,627,502,47,31
2023-11-09,1,1,627,574,47,28
2023-11-10,1,1,627,487,47,21
2023-11-11,1,1,627,569,47,22
2023-11-12,1,1,627,351,47,27
2023-11-13,1,1,627,377,47,40
2023-11-14,1,1,627,406,47,26
2023-11-15,1,1,627,583,47,35
2023-11-16,1,1,627,428,47,27
2023-11-17,1,1,627,349,47,32
2023-11-18,1,1,627,370,47,21
2023-11-19,1,1,627,491,47,41
2023-11-20,1,1,627,568,47,39
2023-11-21,1,1,627,349,47,28
2023-11-22,1,1,627,407,47,39
2023-11-23,1,1,627,392,47,39
2023-11-24,1,1,627,340,47,27
2023-11-25,1,1,627,395,47,33
2023-11-26,1,1,627,495,47,43
2023-11-27,1,1,627,394,47,37
2023-11-28,1,1,627,482,47,30
2023-11-29,1,1,627,569,47,40
2023-11-30,1,1,627,398,47,42
2023-12-01,1,1,627,584,47,39
2023-12-02,1,1,627,519,47,44
2023-12-03,1,1,627,520,47,35
2023-12-04,1,1,627,357,47,41
2023-12-05,1,1,627,343,47,25
2023-12-06,1,1,627,564,47,20
2023-12-07,1,1,627,463,47,40
2023-12-08,1,1,627,345,47,22
2023-12-09,1,1,627,361,47,26
2023-12-10,1,1,627,447,47,34
2023-12-11,1,1,627,578,47,25
2023-12-12,1,1,627,450,47,37
2023-12-13,1,1,627,458,47,21
2023-12-14,1,1,627,453,47,28
2023-12-15,1,1,627,480,47,44
2023-12-16,1,1,627,383,47,29
2023-12-17,1,1,627,338,47,41
2023-12-18,1,1,627,512,47,19
2023-12-19,1,1,627,325,47,40
2023-12-20,1,1,627,335,47,23
2023-12-21,1,1,627,582,47,33
2023-12-22,1,1,627,565,47,20
2023-12-23,1,1,627,390,47,40
2023-12-24,1,1,627,436,47,30
2023-12-25,1,1,627,540,47,36
2023-12-26,1,1,627,384,47,27
2023-12-27,1,1,627,324,47,41
2023-12-28,1,1,627,467,47,43
2023-12-29,1,1,627,583,47,26
2023-12-30,1,1,627,497,47,42
2023-12-31,1,1,627,389,47,44
2024-01-01,1,1,627,333,47,35
2024-01-02,1,1,627,536,47,29
2024-01-03,1,1,627,582,47,30
2024-01-04,1,1,627,396,47,21
2024-01-05,1,1,627,520,47,27
2024-01-06,1,1,627,575,47,33
2024-01-07,1,1,627,411,47,29
2024-01-08,1,1,627,427,47,26
2024-01-09,1,1,627,448,47,18
2024-01-10,1,1,627,490,47,37
2024-01-11,1,1,627,411,47,36
2024-01-12,1,1,627,502,47,29
2024-01-13,1,1,627,484,47,32
2024-01-14,1,1,627,458,47,34
2024-01-15,1,1,627,514,47,42
2024-01-16,1,1,627,357,47,26
2024-01-17,1,1,627,442,47,34
2024-01-18,1,1,627,445,47,41
2024-01-19,1,1,627,366,47,20
2024-01-20,1,1,627,462,47,18
2024-01-21,1,1,627,558,47,29
2024-01-22,1,1,627,412,47,32
2024-01-23,1,1,627,392,47,25
2024-01-24,1,1,627,399,47,44
2024-01-25,1,1,627,384,47,22
2024-01-26,1,1,627,396,47,24
2024-01-27,1,1,627,414,47,19
2024-01-28,1,1,627,373,47,29
2024-01-29,1,1,627,574,47,32
2024-01-30,1,1,627,572,47,43
2024-01-31,1,1,627,520,47,26
2024-02-01,1,1,627,399,47,26
2024-02-02,1,1,627,535,47,25
2024-02-03,1,1,627,494,47,43
2024-02-04,1,1,627,439,47,26
2024-02-05,1,1,627,376,47,40
2024-02-06,1,1,627,574,47,31
2024-02-07,1,1,627,453,47,40
2024-02-08,1,1,627,357,47,26
2024-02-09,1,1,627,590,47,43
2024-02-10,1,1,627,524,47,30
2024-02-11,1,1,627,586,47,44
2024-02-12,1,1,627,526,47,18
2024-02-13,1,1,627,570,47,34
2024-02-14,1,1,627,390,47,37
2024-02-15,1,1,627,313,47,34
2024-02-16,1,1,627,394,47,43
2024-02-17,1,1,627,574,47,32
2024-02-18,1,1,627,511,47,24
2024-02-19,1,1,627,458,47,42
2024-02-20,1,1,627,558,47,33
2024-02-21,1,1,627,366,47,32
2024-02-22,1,1,627,333,47,21
2024-02-23,1,1,627,356,47,19
2024-02-24,1,1,627,393,47,44
2024-02-25,1,1,627,485,47,34
2024-02-26,1,1,627,529,47,27
2024-02-27,1,1,627,538,47,22
2024-02-28,1,1,627,474,47,32
2024-02-29,1,1,627,475,47,36
2024-03-01,1,1,627,347,47,39
2024-03-02,1,1,627,510,47,25
2024-03-03,1,1,627,566,47,34
2024-03-04,1,1,627,538,47,40
2024-03-05,1,1,627,367,47,19
2024-03-06,1,1,627,361,47,37
2024-03-07,1,1,627,560,47,19
2024-03-08,1,1,627,448,47,36
2024-03-09,1,1,627,573,47,43
2024-03-10,1,1,627,381,47,37
2024-03-11,1,1,627,336,47,33
2024-03-12,1,1,627,576,47,32
2024-03-13,1,1,627,509,47,35
2024-03-14,1,1,627,461,47,28
2024-03-15,1,1,627,365,47,37
2024-03-16,1,1,627,581,47,40
2024-03-17,1,1,627,455,47,28
2024-03-18,1,1,627,345,47,33
2024-03-19,1,1,627,592,47,38
2024-03-20,1,1,627,466,47,21
2024-03-21,1,1,627,579,47,18
2024-03-22,1,1,627,330,47,23
2024-03-23,1,1,627,585,47,24
2024-03-24,1,1,627,396,47,30
2024-03-25,1,1,627,352,47,22
2024-03-26,1,1,627,458,47,27
2024-03-27,1,1,627,389,47,23
2024-03-28,1,1,627,395,47,30
2024-03-29,1,1,627,463,47,27
2024-03-30,1,1,627,461,47,19
2024-03-31,1,1,627,356,47,25
2024-04-01,1,1,627,399,47,20
2024-04-02,1,1,627,551,47,22
2024-04-03,1,1,627,365,47,18
2024-04-04,1,1,627,495,47,20
2024-04-05,1,1,627,440,47,19
2024-04-06,1,1,627,357,47,19
2024-04-07,1,1,627,390,47,18
2024-04-08,1,1,627,351,47,42
2024-04-09,1,1,627,583,47,27
2024-04-10,1,1,627,507,47,33
2024-04-11,1,1,627,556,47,44
2024-04-12,1,1,627,374,47,32
2024-04-13,1,1,627,414,47,26
2024-04-14,1,1,627,455,47,41
2024-04-15,1,1,627,429,47,34
2024-04-16,1,1,627,340,47,30
2024-04-17,1,1,627,374,47,36
2024-04-18,1,1,627,330,47,32
2024-04-19,1,1,627,429,47,32
2024-04-20,1,1,627,370,47,23
2024-04-21,1,1,627,574,47,27
2024-04-22,1,1,627,329,47,43
2024-04-23,1,1,627,489,47,39
2024-04-24,1,1,627,593,47,25
2024-04-25,1,1,627,580,47,37
2024-04-26,1,1,627,387,47,44
2024-04-27,1,1,627,393,47,38
2024-04-28,1,1,627,324,47,22
2024-04-29,1,1,627,325,47,31
2024-04-30,1,1,627,500,47,28
2024-05-01,1,1,627,507,47,36
2024-05-02,1,1,627,533,47,36
2024-05-03,1,1,627,564,47,30
2024-05-04,1,1,627,313,47,33
2024-05-05,1,1,627,527,47,33
2024-05-06,1,1,627,490,47,24
2024-05-07,1,1,627,373,47,33
2024-05-08,1,1,627,558,47,34
2024-05-09,1,1,627,459,47,24
2024-05-10,1,1,627,557,47,30
2024-05-11,1,1,627,435,47,23
2024-05-12,1,1,627,570,47,40
2024-05-13,1,1,627,448,47,41
2024-05-14,1,1,627,547,47,26
2024-05-15,1,1,627,396,47,18
2024-05-16,1,1,627,469,47,34
2024-05-17,1,1,627,448,47,22
2024-05-18,1,1,627,429,47,34
2024-05-19,1,1,627,326,47,30
2024-05-20,1,1,627,456,47,18
2024-05-21,1,1,627,443,47,21
2024-05-22,1,1,627,444,47,21
2024-05-23,1,1,627,452,47,44
2024-05-24,1,1,627,449,47,30
2024-05-25,1,1,627,377,47,31
2024-05-26,1,1,627,317,47,35
2024-05-27,1,1,627,503,47,32
2024-05-28,1,1,627,516,47,31
2024-05-29,1,1,627,326,47,42
2024-05-30,1,1,627,434,47,35
2024-05-31,1,1,627,418,47,30
2024-06-01,1,1,627,533,47,23
2024-06-02,1,1,627,357,47,33
2024-06-03,1,1,627,560,47,23
2024-06-04,1,1,627,567,47,44
2024-06-05,1,1,627,530,47,35
2024-06-06,1,1,627,406,47,44
2024-06-07,1,1,627,423,47,42
2024-06-08,1,1,627,446,47,31
2024-06-09,1,1,627,387,47,34
2024-06-10,1,1,627,453,47,34
2024-06-11,1,1,627,427,47,31
2024-06-12,1,1,627,542,47,20
2024-06-13,1,1,627,335,47,27
2024-06-14,1,1,627,376,47,43
2024-06-15,1,1,627,554,47,38
2024-06-16,1,1,627,571,47,34
2024-06-17,1,1,627,429,47,31
2024-06-18,1,1,627,490,47,34
2024-06-19,1,1,627,452,47,31
2024-06-20,1,1,627,476,47,35
2024-06-21,1,1,627,531,47,42
2024-06-22,1,1,627,546,47,42
2024-06-23,1,1,627,367,47,24
2024-06-24,1,1,627,576,47,25
2024-06-25,1,1,627,537,47,29
2024-06-26,1,1,627,404,47,33
2024-06-27,1,1,627,496,47,21
2024-06-28,1,1,627,488,47,31
2024-06-29,1,1,627,453,47,26
2024-06-30,1,1,627,404,47,26
2024-07-01,1,1,627,577,47,42
2024-07-02,1,1,627,367,47,40
2024-07-03,1,1,627,320,47,36
2024-07-04,1,1,627,410,47,22
2024-07-05,1,1,627,346,47,27
2024-07-06,1,1,627,342,47,31
2024-07-07,1,1,627,514,47,23
2024-07-08,1,1,627,461,47,38
2024-07-09,1,1,627,516,47,27
2024-07-10,1,1,627,472,47,30
2024-07-11,1,1,627,554,47,35
2024-07-12,1,1,627,537,47,42
2024-07-13,1,1,627,498,47,29
2024-07-14,1,1,627,433,47,29
2024-07-15,1,1,627,342,47,26
2024-07-16,1,1,627,360,47,39
2024-07-17,1,1,627,397,47,38
2024-07-18,1,1,627,430,47,38
2024-07-19,1,1,627,351,47,18
2024-07-20,1,1,627,531,47,39
2024-07-21,1,1,627,392,47,28
2024-07-22,1,1,627,313,47,42
2024-07-23,1,1,627,477,47,24
2024-07-24,1,1,627,504,47,43
2024-07-25,1,1,627,521,47,36
2024-07-26,1,1,627,351,47,35
2024-07-27,1,1,627,381,47,41
2024-07-28,1,1,627,539,47,32
2024-07-29,1,1,627,548,47,23
2024-07-30,1,1,627,463,47,34
2024-07-31,1,1,627,571,47,22
2024-08-01,1,1,627,497,47,20
2024-08-02,1,1,627,470,47,27
2024-08-03,1,1,627,472,47,28
2024-08-04,1,1,627,393,47,22
2024-08-05,1,1,627,512,47,24
2024-08-06,1,1,627,499,47,37
2024-08-07,1,1,627,471,47,20
2024-08-08,1,1,627,496,47,43
2024-08-09,1,1,627,434,47,26
2024-08-10,1,1,627,397,47,30
2024-08-11,1,1,627,516,47,27
2024-08-12,1,1,627,414,47,23
2024-08-13,1,1,627,505,47,40
2024-08-14,1,1,627,510,47,18
2024-08-15,1,1,627,494,47,31
2024-08-16,1,1,627,362,47,37
2024-08-17,1,1,627,494,47,32
2024-08-18,1,1,627,370,47,43
2024-08-19,1,1,627,561,47,18
2024-08-20,1,1,627,591,47,21
2024-08-21,1,1,627,433,47,32
2024-08-22,1,1,627,442,47,35
2024-08-23,1,1,627,421,47,37
2024-08-24,1,1,627,368,47,24
2024-08-25,1,1,627,473,47,36
2024-08-26,1,1,627,425,47,40
2024-08-27,1,1,627,377,47,20
2024-08-28,1,1,627,533,47,18
2024-08-29,1,1,627,335,47,40
2024-08-30,1,1,627,327,47,31
2024-08-31,1,1,627,350,47,37
2024-09-01,1,1,627,589,47,44
2024-09-02,1,1,627,339,47,30
2024-09-03,1,1,627,423,47,33
2024-09-04,1,1,627,503,47,28
2024-09-05,1,1,627,567,47,33
2024-09-06,1,1,627,449,47,21
2024-09-07,1,1,627,364,47,26
2024-09-08,1,1,627,342,47,27
2024-09-09,1,1,627,445,47,18
2024-09-10,1,1,627,376,47,23
2024-09-11,1,1,627,340,47,25
2024-09-12,1,1,627,428,47,32
2024-09-13,1,1,627,356,47,44
2024-09-14,1,1,627,496,47,24
2024-09-15,1,1,627,541,47,37
2024-09-16,1,1,627,416,47,20
2024-09-17,1,1,627,448,47,42
2024-09-18,1,1,627,418,47,28
2024-09-19,1,1,627,479,47,38
2024-09-20,1,1,627,391,47,33
2024-09-21,1,1,627,460,47,25
2024-09-22,1,1,627,442,47,18
2024-09-23,1,1,627,316,47,27
2024-09-24,1,1,627,576,47,41
2024-09-25,1,1,627,417,47,36
2024-09-26,1,1,627,352,47,38
2024-09-27,1,1,627,592,47,19
2024-09-28,1,1,627,355,47,39
2024-09-29,1,1,627,553,47,40
2024-09-30,1,1,627,564,47,18
2024-10-01,1,1,627,483,47,23
2024-10-02,1,1,627,544,47,24
2024-10-03,1,1,627,446,47,20
2024-10-04,1,1,627,501,47,25
2024-10-05,1,1,627,358,47,43
2024-10-06,1,1,627,577,47,32
2024-10-07,1,1,627,397,47,26
2024-10-08,1,1,627,423,47,44
2024-10-09,1,1,627,575,47,19
2024-10-10,1,1,627,545,47,30
2024-10-11,1,1,627,313,47,23
2024-10-12,1,1,627,468,47,30
2024-10-13,1,1,627,507,47,25
2024-10-14,1,1,627,412,47,25
2024-10-15,1,1,627,389,47,23
2024-10-16,1,1,627,520,47,34
2024-10-17,1,1,627,543,47,20
2024-10-18,1,1,627,374,47,25
2024-10-19,1,1,627,344,47,19
2024-10-20,1,1,627,318,47,22
2024-10-21,1,1,627,427,47,38
2024-10-22,1,1,627,525,47,25
2024-10-23,1,1,627,449,47,25
2024-10-24,1,1,627,350,47,30
2024-10-25,1,1,627,422,47,29
2024-10-26,1,1,627,463,47,33
2024-10-27,1,1,627,592,47,31
2024-10-28,1,1,627,465,47,31
2024-10-29,1,1,627,505,47,43
2024-10-30,1,1,627,512,47,20
2024-10-31,1,1,627,452,47,35
2024-11-01,1,1,627,568,47,23
2024-11-02,1,1,627,404,47,18
2024-11-03,1,1,627,426,47,29
2024-11-04,1,1,627,538,47,24
2024-11-05,1,1,627,316,47,44
2024-11-06,1,1,627,388,47,23
2024-11-07,1,1,627,567,47,44
2024-11-08,1,1,627,522,47,30
2024-11-09,1,1,627,431,47,37
2024-11-10,1,1,627,347,47,32
2024-11-11,1,1,627,325,47,37
2024-11-12,1,1,627,494,47,40
2024-11-13,1,1,627,594,47,33
2024-11-14,1,1,627,405,47,40
2024-11-15,1,1,627,554,47,44
2024-11-16,1,1,627,507,47,28
2024-11-17,1,1,627,476,47,19
2024-11-18,1,1,627,331,47,22
2024-11-19,1,1,627,542,47,44
2024-11-20,1,1,627,574,47,42
2024-11-21,1,1,627,561,47,25
2024-11-22,1,1,627,595,47,34
2024-11-23,1,1,627,562,47,41
2024-11-24,1,1,627,394,47,26
2024-11-25,1,1,627,397,47,26
2024-11-26,1,1,627,414,47,39
2024-11-27,1,1,627,427,47,18
2024-11-28,1,1,627,377,47,39
2024-11-29,1,1,627,370,47,38
2024-11-30,1,1,627,442,47,37
2024-12-01,1,1,627,507,47,33
2024-12-02,1,1,627,501,47,30
2024-12-03,1,1,627,566,47,35
2024-12-04,1,1,627,321,47,44
2024-12-05,1,1,627,491,47,32
2024-12-06,1,1,627,450,47,36
2024-12-07,1,1,627,587,47,31
2024-12-08,1,1,627,416,47,34
2024-12-09,1,1,627,333,47,38
2024-12-10,1,1,627,472,47,39
2024-12-11,1,1,627,563,47,31
2024-12-12,1,1,627,446,47,33
2024-12-13,1,1,627,425,47,41
2024-12-14,1,1,627,383,47,39
2024-12-15,1,1,627,406,47,41
2024-12-16,1,1,627,592,47,33
2024-12-17,1,1,627,491,47,38
2024-12-18,1,1,627,416,47,42
2024-12-19,1,1,627,472,47,23
2024-12-20,1,1,627,390,47,43
2024-12-21,1,1,627,343,47,26
2024-12-22,1,1,627,338,47,32
2024-12-23,1,1,627,533,47,27
2024-12-24,1,1,627,449,47,41
2024-12-25,1,1,627,528,47,35
2024-12-26,1,1,627,485,47,31
2024-12-27,1,1,627,496,47,41
2024-12-28,1,1,627,374,47,30
2024-12-29,1,1,627,518,47,39
2024-12-30,1,1,627,580,47,39
2024-12-31,1,1,627,569,47,25
2023-01-01,1,2,627,447,47,20
2023-01-02,1,2,627,503,47,21
2023-01-03,1,2,627,486,47,26
2023-01-04,1,2,627,377,47,35
2023-01-05,1,2,627,315,47,36
2023-01-06,1,2,627,540,47,41
2023-01-07,1,2,627,503,47,41
2023-01-08,1,2,627,460,47,19
2023-01-09,1,2,627,355,47,40
2023-01-10,1,2,627,316,47,23
2023-01-11,1,2,627,464,47,21
2023-01-12,1,2,627,471,47,34
2023-01-13,1,2,627,550,47,44
2023-01-14,1,2,627,324,47,39
2023-01-15,1,2,627,446,47,28
2023-01-16,1,2,627,345,47,38
2023-01-17,1,2,627,523,47,31
2023-01-18,1,2,627,480,47,35
2023-01-19,1,2,627,507,47,38
2023-01-20,1,2,627,461,47,22
2023-01-21,1,2,627,433,47,21
2023-01-22,1,2,627,452,47,36
2023-01-23,1,2,627,359,47,42
2023-01-24,1,2,627,445,47,34
2023-01-25,1,2,627,436,47,19
2023-01-26,1,2,627,536,47,34
2023-01-27,1,2,627,378,47,44
2023-01-28,1,2,627,554,47,41
2023-01-29,1,2,627,577,47,25
2023-01-30,1,2,627,447,47,25
2023-01-31,1,2,627,565,47,42
2023-02-01,1,2,627,318,47,30
2023-02-02,1,2,627,383,47,29
2023-02-03,1,2,627,452,47,19
2023-02-04,1,2,627,527,47,41
2023-02-05,1,2,627,566,47,33
2023-02-06,1,2,627,497,47,34
2023-02-07,1,2,627,578,47,31
2023-02-08,1,2,627,583,47,26
2023-02-09,1,2,627,441,47,44
2023-02-10,1,2,627,396,47,35
2023-02-11,1,2,627,484,47,42
2023-02-12,1,2,627,387,47,18
2023-02-13,1,2,627,444,47,44
2023-02-14,1,2,627,503,47,32
2023-02-15,1,2,627,461,47,44
2023-02-16,1,2,627,345,47,20
2023-02-17,1,2,627,518,47,19
2023-02-18,1,2,627,345,47,30
2023-02-19,1,2,627,567,47,29
2023-02-20,1,2,627,592,47,40
2023-02-21,1,2,627,391,47,29
2023-02-22,1,2,627,544,47,24
2023-02-23,1,2,627,491,47,31
2023-02-24,1,2,627,322,47,27
2023-02-25,1,2,627,357,47,38
2023-02-26,1,2,627,387,47,32
2023-02-27,1,2,627,349,47,22
2023-02-28,1,2,627,409,47,42
2023-03-01,1,2,627,325,47,30
2023-03-02,1,2,627,546,47,41
2023-03-03,1,2,627,429,47,23
2023-03-04,1,2,627,434,47,27
2023-03-05,1,2,627,323,47,43
2023-03-06,1,2,627,406,47,30
2023-03-07,1,2,627,498,47,32
2023-03-08,1,2,627,375,47,25
2023-03-09,1,2,627,522,47,32
2023-03-10,1,2,627,548,47,28
2023-03-11,1,2,627,410,47,30
2023-03-12,1,2,627,439,47,32
2023-03-13,1,2,627,427,47,21
2023-03-14,1,2,627,359,47,35
2023-03-15,1,2,627,519,47,42
2023-03-16,1,2,627,401,47,20
2023-03-17,1,2,627,369,47,25
2023-03-18,1,2,627,566,47,36
2023-03-19,1,2,627,550,47,26
2023-03-20,1,2,627,580,47,41
2023-03-21,1,2,627,459,47,44
2023-03-22,1,2,627,356,47,38
2023-03-23,1,2,627,494,47,41
2023-03-24,1,2,627,519,47,28
2023-03-25,1,2,627,562,47,28
2023-03-26,1,2,627,561,47,29
2023-03-27,1,2,627,586,47,38
2023-03-28,1,2,627,520,47,19
2023-03-29,1,2,627,501,47,39
2023-03-30,1,2,627,367,47,28
2023-03-31,1,2,627,452,47,18
2023-04-01,1,2,627,378,47,23
2023-04-02,1,2,627,538,47,22
2023-04-03,1,2,627,553,47,40
2023-04-04,1,2,627,461,47,19
2023-04-05,1,2,627,401,47,29
2023-04-06,1,2,627,359,47,43
2023-04-07,1,2,627,339,47,34
2023-04-08,1,2,627,402,47,33
2023-04-09,1,2,627,398,47,35
2023-04-10,1,2,627,458,47,20
2023-04-11,1,2,627,513,47,44
2023-04-12,1,2,627,567,47,22
2023-04-13,1,2,627,331,47,36
2023-04-14,1,2,627,454,47,28
2023-04-15,1,2,627,367,47,41
2023-04-16,1,2,627,416,47,28
2023-04-17,1,2,627,523,47,43
2023-04-18,1,2,627,348,47,27
2023-04-19,1,2,627,520,47,28
2023-04-20,1,2,627,401,47,34
2023-04-21,1,2,627,488,47,25
2023-04-22,1,2,627,353,47,32
2023-04-23,1,2,627,412,47,38
2023-04-24,1,2,627,536,47,40
2023-04-25,1,2,627,399,47,32
2023-04-26,1,2,627,483,47,37
2023-04-27,1,2,627,544,47,40
2023-04-28,1,2,627,570,47,30
2023-04-29,1,2,627,413,47,20
2023-04-30,1,2,627,492,47,22
2023-05-01,1,2,627,388,47,41
2023-05-02,1,2,627,422,47,41
2023-05-03,1,2,627,359,47,23
2023-05-04,1,2,627,448,47,37
2023-05-05,1,2,627,563,47,42
2023-05-06,1,2,627,320,47,43
2023-05-07,1,2,627,328,47,18
2023-05-08,1,2,627,411,47,26
2023-05-09,1,2,627,403,47,37
2023-05-10,1,2,627,317,47,42
2023-05-11,1,2,627,473,47,33
2023-05-12,1,2,627,427,47,21
2023-05-13,1,2,627,360,47,42
2023-05-14,1,2,627,334,47,25
2023-05-15,1,2,627,503,47,36
2023-05-16,1,2,627,412,47,35
2023-05-17,1,2,627,405,47,27
2023-05-18,1,2,627,451,47,19
2023-05-19,1,2,627,395,47,36
2023-05-20,1,2,627,365,47,40
2023-05-21,1,2,627,403,47,23
2023-05-22,1,2,627,391,47,31
2023-05-23,1,2,627,439,47,35
2023-05-24,1,2,627,432,47,37
2023-05-25,1,2,627,591,47,27
2023-05-26,1,2,627,590,47,19
2023-05-27,1,2,627,463,47,27
2023-05-28,1,2,627,542,47,20
2023-05-29,1,2,627,436,47,25
2023-05-30,1,2,627,578,47,23
2023-05-31,1,2,627,429,47,28
2023-06-01,1,2,627,341,47,31
2023-06-02,1,2,627,493,47,44
2023-06-03,1,2,627,501,47,33
2023-06-04,1,2,627,353,47,22
2023-06-05,1,2,627,447,47,37
2023-06-06,1,2,627,484,47,40
2023-06-07,1,2,627,325,47,26
2023-06-08,1,2,627,346,47,22
2023-06-09,1,2,627,494,47,24
2023-06-10,1,2,627,479,47,35
2023-06-11,1,2,627,378,47,22
2023-06-12,1,2,627,437,47,29
2023-06-13,1,2,627,401,47,41
2023-06-14,1,2,627,583,47,20
2023-06-15,1,2,627,315,47,25
2023-06-16,1,2,627,366,47,20
2023-06-17,1,2,627,565,47,31
2023-06-18,1,2,627,430,47,34
2023-06-19,1,2,627,589,47,18
2023-06-20,1,2,627,543,47,22
2023-06-21,1,2,627,473,47,24
2023-06-22,1,2,627,560,47,44
2023-06-23,1,2,627,367,47,40
2023-06-24,1,2,627,497,47,35
2023-06-25,1,2,627,336,47,42
2023-06-26,1,2,627,326,47,43
2023-06-27,1,2,627,355,47,18
2023-06-28,1,2,627,396,47,41
2023-06-29,1,2,627,327,47,18
2023-06-30,1,2,627,472,47,44
2023-07-01,1,2,627,323,47,42
2023-07-02,1,2,627,576,47,25
2023-07-03,1,2,627,591,47,30
2023-07-04,1,2,627,392,47,25
2023-07-05,1,2,627,431,47,43
2023-07-06,1,2,627,466,47,28
2023-07-07,1,2,627,368,47,38
2023-07-08,1,2,627,524,47,39
2023-07-09,1,2,627,409,47,32
2023-07-10,1,2,627,468,47,25
2023-07-11,1,2,627,592,47,25
2023-07-12,1,2,627,341,47,40
2023-07-13,1,2,627,313,47,35
2023-07-14,1,2,627,378,47,22
2023-07-15,1,2,627,318,47,31
2023-07-16,1,2,627,428,47,21
2023-07-17,1,2,627,350,47,30
2023-07-18,1,2,627,411,47,22
2023-07-19,1,2,627,447,47,41
2023-07-20,1,2,627,482,47,24
2023-07-21,1,2,627,590,47,28
2023-07-22,1,2,627,581,47,24
2023-07-23,1,2,627,369,47,26
2023-07-24,1,2,627,437,47,30
2023-07-25,1,2,627,395,47,39
2023-07-26,1,2,627,504,47,26
2023-07-27,1,2,627,469,47,41
2023-07-28,1,2,627,465,47,42
2023-07-29,1,2,627,518,47,21
2023-07-30,1,2,627,423,47,26
2023-07-31,1,2,627,502,47,26
2023-08-01,1,2,627,357,47,44
2023-08-02,1,2,627,370,47,31
2023-08-03,1,2,627,567,47,18
2023-08-04,1,2,627,447,47,28
2023-08-05,1,2,627,544,47,21
2023-08-06,1,2,627,593,47,36
2023-08-07,1,2,627,584,47,34
2023-08-08,1,2,627,469,47,43
2023-08-09,1,2,627,407,47,27
2023-08-10,1,2,627,455,47,44
2023-08-11,1,2,627,458,47,37
2023-08-12,1,2,627,402,47,26
2023-08-13,1,2,627,496,47,37
2023-08-14,1,2,627,320,47,37
2023-08-15,1,2,627,426,47,42
2023-08-16,1,2,627,324,47,39
2023-08-17,1,2,627,469,47,36
2023-08-18,1,2,627,391,47,20
2023-08-19,1,2,627,506,47,23
2023-08-20,1,2,627,412,47,18
2023-08-21,1,2,627,537,47,40
2023-08-22,1,2,627,432,47,38
2023-08-23,1,2,627,484,47,41
2023-08-24,1,2,627,337,47,41
2023-08-25,1,2,627,431,47,26
2023-08-26,1,2,627,510,47,32
2023-08-27,1,2,627,366,47,42
2023-08-28,1,2,627,451,47,27
2023-08-29,1,2,627,553,47,21
2023-08-30,1,2,627,442,47,40
2023-08-31,1,2,627,498,47,21
2023-09-01,1,2,627,528,47,37
2023-09-02,1,2,627,433,47,38
2023-09-03,1,2,627,472,47,19
2023-09-04,1,2,627,357,47,39
2023-09-05,1,2,627,456,47,39
2023-09-06,1,2,627,544,47,22
2023-09-07,1,2,627,551,47,34
2023-09-08,1,2,627,419,47,24
2023-09-09,1,2,627,387,47,19
2023-09-10,1,2,627,477,47,33
2023-09-11,1,2,627,328,47,40
2023-09-12,1,2,627,484,47,29
2023-09-13,1,2,627,570,47,24
2023-09-14,1,2,627,341,47,26
2023-09-15,1,2,627,391,47,41
2023-09-16,1,2,627,353,47,20
2023-09-17,1,2,627,525,47,21
2023-09-18,1,2,627,347,47,24
2023-09-19,1,2,627,343,47,18
2023-09-20,1,2,627,595,47,27
2023-09-21,1,2,627,514,47,21
2023-09-22,1,2,627,496,47,39
2023-09-23,1,2,627,494,47,22
2023-09-24,1,2,627,545,47,29
2023-09-25,1,2,627,434,47,43
2023-09-26,1,2,627,470,47,33
2023-09-27,1,2,627,319,47,44
2023-09-28,1,2,627,514,47,24
2023-09-29,1,2,627,531,47,18
2023-09-30,1,2,627,410,47,31
2023-10-01,1,2,627,457,47,28
2023-10-02,1,2,627,356,47,43
2023-10-03,1,2,627,564,47,30
2023-10-04,1,2,627,487,47,26
2023-10-05,1,2,627,591,47,20
2023-10-06,1,2,627,332,47,32
2023-10-07,1,2,627,409,47,40
2023-10-08,1,2,627,467,47,29
2023-10-09,1,2,627,506,47,44
2023-10-10,1,2,627,380,47,30
2023-10-11,1,2,627,428,47,19
2023-10-12,1,2,627,343,47,41
2023-10-13,1,2,627,348,47,42
2023-10-14,1,2,627,583,47,23
2023-10-15,1,2,627,519,47,23
2023-10-16,1,2,627,339,47,25
2023-10-17,1,2,627,422,47,38
2023-10-18,1,2,627,390,47,19
2023-10-19,1,2,627,545,47,31
2023-10-20,1,2,627,513,47,36
2023-10-21,1,2,627,403,47,21
2023-10-22,1,2,627,495,47,35
2023-10-23,1,2,627,462,47,39
2023-10-24,1,2,627,512,47,20
2023-10-25,1,2,627,419,47,25
2023-10-26,1,2,627,521,47,23
2023-10-27,1,2,627,474,47,43
2023-10-28,1,2,627,448,47,43
2023-10-29,1,2,627,413,47,27
2023-10-30,1,2,627,592,47,41
2023-10-31,1,2,627,534,47,23
2023-11-01,1,2,627,370,47,31
2023-11-02,1,2,627,429,47,40
2023-11-03,1,2,627,510,47,26
2023-11-04,1,2,627,405,47,38
2023-11-05,1,2,627,536,47,23
2023-11-06,1,2,627,500,47,24
2023-11-07,1,2,627,429,47,30
2023-11-08,1,2,627,557,47,39
2023-11-09,1,2,627,473,47,35
2023-11-10,1,2,627,325,47,38
2023-11-11,1,2,627,328,47,23
2023-11-12,1,2,627,592,47,21
2023-11-13,1,2,627,455,47,26
2023-11-14,1,2,627,543,47,27
2023-11-15,1,2,627,448,47,28
2023-11-16,1,2,627,418,47,43
2023-11-17,1,2,627,512,47,19
2023-11-18,1,2,627,509,47,32
2023-11-19,1,2,627,314,47,22
2023-11-20,1,2,627,355,47,22
2023-11-21,1,2,627,313,47,18
2023-11-22,1,2,627,504,47,44
2023-11-23,1,2,627,524,47,39
2023-11-24,1,2,627,557,47,38
2023-11-25,1,2,627,487,47,26
2023-11-26,1,2,627,452,47,34
2023-11-27,1,2,627,449,47,30
2023-11-28,1,2,627,595,47,31
2023-11-29,1,2,627,374,47,36
2023-11-30,1,2,627,341,47,27
2023-12-01,1,2,627,390,47,42
2023-12-02,1,2,627,388,47,37
2023-12-03,1,2,627,534,47,32
2023-12-04,1,2,627,436,47,18
2023-12-05,1,2,627,468,47,29
2023-12-06,1,2,627,475,47,24
2023-12-07,1,2,627,470,47,37
2023-12-08,1,2,627,571,47,26
2023-12-09,1,2,627,503,47,42
2023-12-10,1,2,627,333,47,22
2023-12-11,1,2,627,423,47,41
2023-12-12,1,2,627,365,47,34
2023-12-13,1,2,627,374,47,41
2023-12-14,1,2,627,474,47,44
2023-12-15,1,2,627,401,47,18
2023-12-16,1,2,627,397,47,40
2023-12-17,1,2,627,499,47,43
2023-12-18,1,2,627,379,47,35
2023-12-19,1,2,627,322,47,34
2023-12-20,1,2,627,432,47,32
2023-12-21,1,2,627,472,47,37
2023-12-22,1,2,627,459,47,18
2023-12-23,1,2,627,418,47,20
2023-12-24,1,2,627,440,47,35
2023-12-25,1,2,627,392,47,42
2023-12-26,1,2,627,349,47,26
2023-12-27,1,2,627,587,47,33
2023-12-28,1,2,627,359,47,40
2023-12-29,1,2,627,317,47,24
2023-12-30,1,2,627,579,47,18
2023-12-31,1,2,627,340,47,38
2024-01-01,1,2,627,452,47,32
2024-01-02,1,2,627,450,47,43
2024-01-03,1,2,627,467,47,42
2024-01-04,1,2,627,409,47,33
2024-01-05,1,2,627,364,47,31
2024-01-06,1,2,627,334,47,35
2024-01-07,1,2,627,589,47,36
2024-01-08,1,2,627,403,47,27
2024-01-09,1,2,627,314,47,35
2024-01-10,1,2,627,377,47,40
2024-01-11,1,2,627,546,47,41
2024-01-12,1,2,627,357,47,26
2024-01-13,1,2,627,392,47,28
2024-01-14,1,2,627,427,47,27
2024-01-15,1,2,627,313,47,22
2024-01-16,1,2,627,423,47,35
2024-01-17,1,2,627,412,47,37
2024-01-18,1,2,627,470,47,20
2024-01-19,1,2,627,335,47,43
2024-01-20,1,2,627,523,47,44
2024-01-21,1,2,627,431,47,29
2024-01-22,1,2,627,557,47,19
2024-01-23,1,2,627,477,47,24
2024-01-24,1,2,627,499,47,22
2024-01-25,1,2,627,579,47,42
2024-01-26,1,2,627,513,47,18
2024-01-27,1,2,627,460,47,42
2024-01-28,1,2,627,382,47,35
2024-01-29,1,2,627,514,47,33
2024-01-30,1,2,627,473,47,22
2024-01-31,1,2,627,371,47,34
2024-02-01,1,2,627,533,47,31
2024-02-02,1,2,627,370,47,21
2024-02-03,1,2,627,406,47,25
2024-02-04,1,2,627,537,47,38
2024-02-05,1,2,627,486,47,42
2024-02-06,1,2,627,368,47,25
2024-02-07,1,2,627,459,47,19
2024-02-08,1,2,627,388,47,29
2024-02-09,1,2,627,320,47,26
2024-02-10,1,2,627,484,47,23
2024-02-11,1,2,627,535,47,30
2024-02-12,1,2,627,562,47,34
2024-02-13,1,2,627,514,47,22
2024-02-14,1,2,627,367,47,41
2024-02-15,1,2,627,581,47,37
2024-02-16,1,2,627,541,47,28
2024-02-17,1,2,627,575,47,39
2024-02-18,1,2,627,331,47,24
2024-02-19,1,2,627,586,47,39
2024-02-20,1,2,627,569,47,40
2024-02-21,1,2,627,365,47,21
2024-02-22,1,2,627,579,47,31
2024-02-23,1,2,627,476,47,32
2024-02-24,1,2,627,483,47,41
2024-02-25,1,2,627,550,47,39
2024-02-26,1,2,627,411,47,44
2024-02-27,1,2,627,333,47,44
2024-02-28,1,2,627,353,47,36
2024-02-29,1,2,627,414,47,43
2024-03-01,1,2,627,459,47,19
2024-03-02,1,2,627,411,47,37
2024-03-03,1,2,627,511,47,19
2024-03-04,1,2,627,329,47,42
2024-03-05,1,2,627,528,47,39
2024-03-06,1,2,627,475,47,33
2024-03-07,1,2,627,371,47,24
2024-03-08,1,2,627,563,47,33
2024-03-09,1,2,627,424,47,28
2024-03-10,1,2,627,417,47,19
2024-03-11,1,2,627,438,47,44
2024-03-12,1,2,627,433,47,20
2024-03-13,1,2,627,400,47,25
2024-03-14,1,2,627,430,47,31
2024-03-15,1,2,627,395,47,34
2024-03-16,1,2,627,335,47,27
2024-03-17,1,2,627,348,47,20
2024-03-18,1,2,627,318,47,22
2024-03-19,1,2,627,376,47,32
2024-03-20,1,2,627,341,47,22
2024-03-21,1,2,627,447,47,19
2024-03-22,1,2,627,524,47,42
2024-03-23,1,2,627,452,47,24
2024-03-24,1,2,627,525,47,29
2024-03-25,1,2,627,417,47,32
2024-03-26,1,2,627,497,47,27
2024-03-27,1,2,627,322,47,27
2024-03-28,1,2,627,545,47,27
2024-03-29,1,2,627,424,47,31
2024-03-30,1,2,627,323,47,38
2024-03-31,1,2,627,424,47,18
2024-04-01,1,2,627,497,47,38
2024-04-02,1,2,627,593,47,33
2024-04-03,1,2,627,591,47,31
2024-04-04,1,2,627,414,47,26
2024-04-05,1,2,627,398,47,20
2024-04-06,1,2,627,536,47,33
2024-04-07,1,2,627,356,47,36
2024-04-08,1,2,627,458,47,24
2024-04-09,1,2,627,351,47,34
2024-04-10,1,2,627,359,47,20
2024-04-11,1,2,627,572,47,35
2024-04-12,1,2,627,318,47,33
2024-04-13,1,2,627,345,47,29
2024-04-14,1,2,627,585,47,29
2024-04-15,1,2,627,374,47,39
2024-04-16,1,2,627,590,47,44
2024-04-17,1,2,627,363,47,37
2024-04-18,1,2,627,570,47,35
2024-04-19,1,2,627,537,47,39
2024-04-20,1,2,627,456,47,34
2024-04-21,1,2,627,316,47,28
2024-04-22,1,2,627,401,47,29
2024-04-23,1,2,627,380,47,44
2024-04-24,1,2,627,500,47,34
2024-04-25,1,2,627,326,47,31
2024-04-26,1,2,627,365,47,22
2024-04-27,1,2,627,501,47,28
2024-04-28,1,2,627,390,47,43
2024-04-29,1,2,627,339,47,24
2024-04-30,1,2,627,388,47,43
2024-05-01,1,2,627,389,47,25
2024-05-02,1,2,627,559,47,35
2024-05-03,1,2,627,528,47,29
2024-05-04,1,2,627,315,47,31
2024-05-05,1,2,627,361,47,33
2024-05-06,1,2,627,571,47,22
2024-05-07,1,2,627,494,47,35
2024-05-08,1,2,627,384,47,44
2024-05-09,1,2,627,319,47,39
2024-05-10,1,2,627,418,47,38
2024-05-11,1,2,627,556,47,24
2024-05-12,1,2,627,487,47,34
2024-05-13,1,2,627,332,47,18
2024-05-14,1,2,627,326,47,23
2024-05-15,1,2,627,438,47,25
2024-05-16,1,2,627,491,47,21
2024-05-17,1,2,627,532,47,43
2024-05-18,1,2,627,512,47,22
2024-05-19,1,2,627,415,47,19
2024-05-20,1,2,627,589,47,39
2024-05-21,1,2,627,347,47,32
2024-05-22,1,2,627,543,47,38
2024-05-23,1,2,627,475,47,41
2024-05-24,1,2,627,423,47,21
2024-05-25,1,2,627,569,47,28
2024-05-26,1,2,627,550,47,34
2024-05-27,1,2,627,349,47,39
2024-05-28,1,2,627,592,47,18
2024-05-29,1,2,627,558,47,26
2024-05-30,1,2,627,567,47,19
2024-05-31,1,2,627,519,47,39
2024-06-01,1,2,627,558,47,31
2024-06-02,1,2,627,545,47,25
2024-06-03,1,2,627,561,47,36
2024-06-04,1,2,627,413,47,20
2024-06-05,1,2,627,593,47,37
2024-06-06,1,2,627,382,47,39
2024-06-07,1,2,627,513,47,18
2024-06-08,1,2,627,495,47,32
2024-06-09,1,2,627,595,47,36
2024-06-10,1,2,627,509,47,34
2024-06-11,1,2,627,554,47,44
2024-06-12,1,2,627,581,47,42
2024-06-13,1,2,627,543,47,43
2024-06-14,1,2,627,428,47,23
2024-06-15,1,2,627,526,47,19
2024-06-16,1,2,627,430,47,35
2024-06-17,1,2,627,522,47,29
2024-06-18,1,2,627,487,47,26
2024-06-19,1,2,627,326,47,22
2024-06-20,1,2,627,425,47,43
2024-06-21,1,2,627,504,47,18
2024-06-22,1,2,627,431,47,24
2024-06-23,1,2,627,542,47,27
2024-06-24,1,2,627,578,47,42
2024-06-25,1,2,627,466,47,28
2024-06-26,1,2,627,467,47,19
2024-06-27,1,2,627,389,47,29
2024-06-28,1,2,627,440,47,31
2024-06-29,1,2,627,358,47,28
2024-06-30,1,2,627,507,47,43
2024-07-01,1,2,627,547,47,27
2024-07-02,1,2,627,583,47,39
2024-07-03,1,2,627,566,47,44
2024-07-04,1,2,627,453,47,27
2024-07-05,1,2,627,385,47,29
2024-07-06,1,2,627,489,47,39
2024-07-07,1,2,627,384,47,25
2024-07-08,1,2,627,454,47,23
2024-07-09,1,2,627,369,47,20
2024-07-10,1,2,627,518,47,33
2024-07-11,1,2,627,575,47,25
2024-07-12,1,2,627,571,47,21
2024-07-13,1,2,627,460,47,19
2024-07-14,1,2,627,580,47,44
2024-07-15,1,2,627,380,47,29
2024-07-16,1,2,627,535,47,22
2024-07-17,1,2,627,585,47,39
2024-07-18,1,2,627,377,47,18
2024-07-19,1,2,627,496,47,26
2024-07-20,1,2,627,471,47,21
2024-07-21,1,2,627,315,47,34
2024-07-22,1,2,627,454,47,32
2024-07-23,1,2,627,386,47,44
2024-07-24,1,2,627,451,47,34
2024-07-25,1,2,627,375,47,26
2024-07-26,1,2,627,375,47,30
2024-07-27,1,2,627,475,47,23
2024-07-28,1,2,627,453,47,34
2024-07-29,1,2,627,425,47,33
2024-07-30,1,2,627,574,47,35
2024-07-31,1,2,627,573,47,19
2024-08-01,1,2,627,437,47,27
2024-08-02,1,2,627,474,47,22
2024-08-03,1,2,627,414,47,36
2024-08-04,1,2,627,592,47,37
2024-08-05,1,2,627,524,47,39
2024-08-06,1,2,627,541,47,20
2024-08-07,1,2,627,516,47,19
2024-08-08,1,2,627,375,47,29
2024-08-09,1,2,627,442,47,42
2024-08-10,1,2,627,592,47,23
2024-08-11,1,2,627,533,47,43
2024-08-12,1,2,627,524,47,31
2024-08-13,1,2,627,364,47,44
2024-08-14,1,2,627,478,47,29
2024-08-15,1,2,627,330,47,35
2024-08-16,1,2,627,419,47,39
2024-08-17,1,2,627,532,47,44
2024-08-18,1,2,627,512,47,35
2024-08-19,1,2,627,523,47,19
2024-08-20,1,2,627,411,47,31
2024-08-21,1,2,627,339,47,18
2024-08-22,1,2,627,416,47,26
2024-08-23,1,2,627,516,47,38
2024-08-24,1,2,627,347,47,37
2024-08-25,1,2,627,523,47,44
2024-08-26,1,2,627,550,47,32
2024-08-27,1,2,627,455,47,34
2024-08-28,1,2,627,453,47,20
2024-08-29,1,2,627,571,47,36
2024-08-30,1,2,627,365,47,19
2024-08-31,1,2,627,572,47,24
2024-09-01,1,2,627,592,47,25
2024-09-02,1,2,627,534,47,21
2024-09-03,1,2,627,335,47,35
2024-09-04,1,2,627,348,47,38
2024-09-05,1,2,627,435,47,29
2024-09-06,1,2,627,522,47,40
2024-09-07,1,2,627,424,47,22
2024-09-08,1,2,627,404,47,39
2024-09-09,1,2,627,589,47,36
2024-09-10,1,2,627,532,47,29
2024-09-11,1,2,627,462,47,21
2024-09-12,1,2,627,422,47,37
2024-09-13,1,2,627,461,47,24
2024-09-14,1,2,627,518,47,23
2024-09-15,1,2,627,337,47,37
2024-09-16,1,2,627,546,47,40
2024-09-17,1,2,627,337,47,36
2024-09-18,1,2,627,553,47,21
2024-09-19,1,2,627,428,47,32
2024-09-20,1,2,627,515,47,26
2024-09-21,1,2,627,445,47,33
2024-09-22,1,2,627,391,47,27
2024-09-23,1,2,627,509,47,27
2024-09-24,1,2,627,542,47,22
2024-09-25,1,2,627,324,47,39
2024-09-26,1,2,627,404,47,33
2024-09-27,1,2,627,423,47,40
2024-09-28,1,2,627,401,47,22
2024-09-29,1,2,627,495,47,41
2024-09-30,1,2,627,436,47,31
2024-10-01,1,2,627,348,47,19
2024-10-02,1,2,627,386,47,20
2024-10-03,1,2,627,359,47,33
2024-10-04,1,2,627,563,47,39
2024-10-05,1,2,627,534,47,34
2024-10-06,1,2,627,356,47,42
2024-10-07,1,2,627,581,47,18
2024-10-08,1,2,627,373,47,40
2024-10-09,1,2,627,365,47,41
2024-10-10,1,2,627,565,47,37
2024-10-11,1,2,627,335,47,32
2024-10-12,1,2,627,484,47,23
2024-10-13,1,2,627,561,47,38
2024-10-14,1,2,627,509,47,40
2024-10-15,1,2,627,379,47,25
2024-10-16,1,2,627,375,47,44
2024-10-17,1,2,627,347,47,26
2024-10-18,1,2,627,359,47,18
2024-10-19,1,2,627,411,47,38
2024-10-20,1,2,627,570,47,31
2024-10-21,1,2,627,447,47,43
2024-10-22,1,2,627,573,47,36
2024-10-23,1,2,627,363,47,36
2024-10-24,1,2,627,505,47,41
2024-10-25,1,2,627,327,47,22
2024-10-26,1,2,627,515,47,40
2024-10-27,1,2,627,500,47,40
2024-10-28,1,2,627,331,47,21
2024-10-29,1,2,627,543,47,26
2024-10-30,1,2,627,324,47,23
2024-10-31,1,2,627,440,47,26
2024-11-01,1,2,627,389,47,26
2024-11-02,1,2,627,317,47,40
2024-11-03,1,2,627,579,47,43
2024-11-04,1,2,627,551,47,27
2024-11-05,1,2,627,470,47,20
2024-11-06,1,2,627,340,47,44
2024-11-07,1,2,627,391,47,23
2024-11-08,1,2,627,552,47,18
2024-11-09,1,2,627,457,47,43
2024-11-10,1,2,627,368,47,38
2024-11-11,1,2,627,593,47,30
2024-11-12,1,2,627,556,47,27
2024-11-13,1,2,627,549,47,42
2024-11-14,1,2,627,368,47,37
2024-11-15,1,2,627,540,47,22
2024-11-16,1,2,627,571,47,29
2024-11-17,1,2,627,325,47,37
2024-11-18,1,2,627,371,47,28
2024-11-19,1,2,627,360,47,29
2024-11-20,1,2,627,313,47,20
2024-11-21,1,2,627,496,47,41
2024-11-22,1,2,627,484,47,42
2024-11-23,1,2,627,418,47,34
2024-11-24,1,2,627,525,47,20
2024-11-25,1,2,627,444,47,20
2024-11-26,1,2,627,560,47,41
2024-11-27,1,2,627,325,47,41
2024-11-28,1,2,627,424,47,31
2024-11-29,1,2,627,325,47,32
2024-11-30,1,2,627,510,47,28
2024-12-01,1,2,627,326,47,40
2024-12-02,1,2,627,442,47,22
2024-12-03,1,2,627,374,47,37
2024-12-04,1,2,627,548,47,39
2024-12-05,1,2,627,384,47,20
2024-12-06,1,2,627,519,47,39
2024-12-07,1,2,627,490,47,22
2024-12-08,1,2,627,367,47,37
2024-12-09,1,2,627,418,47,33
2024-12-10,1,2,627,559,47,24
2024-12-11,1,2,627,466,47,33
2024-12-12,1,2,627,333,47,39
2024-12-13,1,2,627,370,47,34
2024-12-14,1,2,627,344,47,19
2024-12-15,1,2,627,355,47,24
2024-12-16,1,2,627,441,47,31
2024-12-17,1,2,627,423,47,38
2024-12-18,1,2,627,551,47,36
2024-12-19,1,2,627,496,47,38
2024-12-20,1,2,627,595,47,43
2024-12-21,1,2,627,502,47,28
2024-12-22,1,2,627,360,47,35
2024-12-23,1,2,627,487,47,36
2024-12-24,1,2,627,431,47,36
2024-12-25,1,2,627,363,47,25
2024-12-26,1,2,627,398,47,31
2024-12-27,1,2,627,578,47,37
2024-12-28,1,2,627,480,47,25
2024-12-29,1,2,627,503,47,39
2024-12-30,1,2,627,501,47,19
2024-12-31,1,2,627,581,47,39
2023-01-01,1,3,627,411,47,38
2023-01-02,1,3,627,394,47,41
2023-01-03,1,3,627,487,47,22
2023-01-04,1,3,627,454,47,30
2023-01-05,1,3,627,441,47,35
2023-01-06,1,3,627,338,47,18
2023-01-07,1,3,627,464,47,23
2023-01-08,1,3,627,581,47,39
2023-01-09,1,3,627,584,47,23
2023-01-10,1,3,627,581,47,32
2023-01-11,1,3,627,561,47,33
2023-01-12,1,3,627,536,47,34
2023-01-13,1,3,627,349,47,22
2023-01-14,1,3,627,369,47,40
2023-01-15,1,3,627,520,47,23
2023-01-16,1,3,627,519,47,28
2023-01-17,1,3,627,508,47,42
2023-01-18,1,3,627,505,47,21
2023-01-19,1,3,627,320,47,25
2023-01-20,1,3,627,383,47,41
2023-01-21,1,3,627,345,47,18
2023-01-22,1,3,627,470,47,36
2023-01-23,1,3,627,404,47,37
2023-01-24,1,3,627,585,47,41
2023-01-25,1,3,627,549,47,18
2023-01-26,1,3,627,436,47,37
2023-01-27,1,3,627,414,47,34
2023-01-28,1,3,627,380,47,32
2023-01-29,1,3,627,510,47,41
2023-01-30,1,3,627,360,47,22
2023-01-31,1,3,627,450,47,32
2023-02-01,1,3,627,358,47,37
2023-02-02,1,3,627,584,47,28
2023-02-03,1,3,627,514,47,25
2023-02-04,1,3,627,565,47,29
2023-02-05,1,3,627,403,47,29
2023-02-06,1,3,627,559,47,28
2023-02-07,1,3,627,431,47,25
2023-02-08,1,3,627,513,47,29
2023-02-09,1,3,627,531,47,22
2023-02-10,1,3,627,454,47,25
2023-02-11,1,3,627,546,47,20
2023-02-12,1,3,627,316,47,32
2023-02-13,1,3,627,565,47,28
2023-02-14,1,3,627,490,47,18
2023-02-15,1,3,627,391,47,19
2023-02-16,1,3,627,374,47,29
2023-02-17,1,3,627,360,47,42
2023-02-18,1,3,627,336,47,35
2023-02-19,1,3,627,374,47,26
2023-02-20,1,3,627,489,47,23
2023-02-21,1,3,627,321,47,34
2023-02-22,1,3,627,513,47,33
2023-02-23,1,3,627,318,47,42
2023-02-24,1,3,627,342,47,32
2023-02-25,1,3,627,578,47,28
2023-02-26,1,3,627,473,47,38
2023-02-27,1,3,627,366,47,35
2023-02-28,1,3,627,343,47,27
2023-03-01,1,3,627,445,47,21
2023-03-02,1,3,627,461,47,23
2023-03-03,1,3,627,428,47,41
2023-03-04,1,3,627,408,47,29
2023-03-05,1,3,627,404,47,24
2023-03-06,1,3,627,545,47,36
2023-03-07,1,3,627,324,47,27
2023-03-08,1,3,627,383,47,41
2023-03-09,1,3,627,343,47,23
2023-03-10,1,3,627,408,47,27
2023-03-11,1,3,627,412,47,30
2023-03-12,1,3,627,469,47,20
2023-03-13,1,3,627,410,47,40
2023-03-14,1,3,627,374,47,33
2023-03-15,1,3,627,383,47,36
2023-03-16,1,3,627,469,47,42
2023-03-17,1,3,627,483,47,38
2023-03-18,1,3,627,411,47,31
2023-03-19,1,3,627,477,47,32
2023-03-20,1,3,627,366,47,34
2023-03-21,1,3,627,595,47,37
2023-03-22,1,3,627,524,47,30
2023-03-23,1,3,627,565,47,41
2023-03-24,1,3,627,487,47,20
2023-03-25,1,3,627,363,47,37
2023-03-26,1,3,627,328,47,24
2023-03-27,1,3,627,315,47,20
2023-03-28,1,3,627,368,47,32
2023-03-29,1,3,627,471,47,34
2023-03-30,1,3,627,574,47,26
2023-03-31,1,3,627,542,47,22
2023-04-01,1,3,627,561,47,36
2023-04-02,1,3,627,410,47,22
2023-04-03,1,3,627,513,47,39
2023-04-04,1,3,627,432,47,27
2023-04-05,1,3,627,432,47,38
2023-04-06,1,3,627,424,47,41
2023-04-07,1,3,627,397,47,44
2023-04-08,1,3,627,314,47,22
2023-04-09,1,3,627,478,47,20
2023-04-10,1,3,627,389,47,43
2023-04-11,1,3,627,392,47,42
2023-04-12,1,3,627,548,47,40
2023-04-13,1,3,627,370,47,19
2023-04-14,1,3,627,401,47,43
2023-04-15,1,3,627,396,47,42
2023-04-16,1,3,627,579,47,21
2023-04-17,1,3,627,429,47,38
2023-04-18,1,3,627,460,47,42
2023-04-19,1,3,627,484,47,19
2023-04-20,1,3,627,503,47,43
2023-04-21,1,3,627,413,47,23
2023-04-22,1,3,627,386,47,36
2023-04-23,1,3,627,514,47,35
2023-04-24,1,3,627,510,47,41
2023-04-25,1,3,627,356,47,33
2023-04-26,1,3,627,424,47,19
2023-04-27,1,3,627,320,47,33
2023-04-28,1,3,627,581,47,27
2023-04-29,1,3,627,342,47,22
2023-04-30,1,3,627,348,47,29
2023-05-01,1,3,627,523,47,40
2023-05-02,1,3,627,510,47,37
2023-05-03,1,3,627,423,47,20
2023-05-04,1,3,627,328,47,31
2023-05-05,1,3,627,467,47,40
2023-05-06,1,3,627,580,47,29
2023-05-07,1,3,627,445,47,24
2023-05-08,1,3,627,480,47,31
2023-05-09,1,3,627,510,47,44
2023-05-10,1,3,627,413,47,25
2023-05-11,1,3,627,491,47,24
2023-05-12,1,3,627,374,47,30
2023-05-13,1,3,627,376,47,41
2023-05-14,1,3,627,362,47,23
2023-05-15,1,3,627,449,47,39
2023-05-16,1,3,627,394,47,39
2023-05-17,1,3,627,344,47,21
2023-05-18,1,3,627,422,47,41
2023-05-19,1,3,627,377,47,24
2023-05-20,1,3,627,315,47,18
2023-05-21,1,3,627,359,47,26
2023-05-22,1,3,627,360,47,27
2023-05-23,1,3,627,558,47,25
2023-05-24,1,3,627,552,47,19
2023-05-25,1,3,627,369,47,24
2023-05-26,1,3,627,492,47,31
2023-05-27,1,3,627,527,47,43
2023-05-28,1,3,627,511,47,18
2023-05-29,1,3,627,535,47,26
2023-05-30,1,3,627,467,47,31
2023-05-31,1,3,627,478,47,20
2023-06-01,1,3,627,366,47,30
2023-06-02,1,3,627,590,47,43
2023-06-03,1,3,627,446,47,37
2023-06-04,1,3,627,514,47,23
2023-06-05,1,3,627,408,47,34
2023-06-06,1,3,627,487,47,18
2023-06-07,1,3,627,327,47,18
2023-06-08,1,3,627,589,47,32
2023-06-09,1,3,627,433,47,40
2023-06-10,1,3,627,417,47,35
2023-06-11,1,3,627,384,47,29
2023-06-12,1,3,627,378,47,40
2023-06-13,1,3,627,483,47,33
2023-06-14,1,3,627,358,47,21
2023-06-15,1,3,627,524,47,34
2023-06-16,1,3,627,436,47,19
2023-06-17,1,3,627,524,47,40
2023-06-18,1,3,627,449,47,42
2023-06-19,1,3,627,459,47,36
2023-06-20,1,3,627,553,47,18
2023-06-21,1,3,627,326,47,30
2023-06-22,1,3,627,412,47,27
2023-06-23,1,3,627,527,47,39
2023-06-24,1,3,627,548,47,30
2023-06-25,1,3,627,594,47,36
2023-06-26,1,3,627,364,47,36
2023-06-27,1,3,627,384,47,25
2023-06-28,1,3,627,366,47,20
2023-06-29,1,3,627,368,47,37
2023-06-30,1,3,627,343,47,19
2023-07-01,1,3,627,417,47,29
2023-07-02,1,3,627,542,47,18
2023-07-03,1,3,627,407,47,26
2023-07-04,1,3,627,533,47,42
2023-07-05,1,3,627,467,47,34
2023-07-06,1,3,627,445,47,19
2023-07-07,1,3,627,340,47,35
2023-07-08,1,3,627,321,47,38
2023-07-09,1,3,627,379,47,21
2023-07-10,1,3,627,368,47,41
2023-07-11,1,3,627,490,47,23
2023-07-12,1,3,627,503,47,21
2023-07-13,1,3,627,532,47,24
2023-07-14,1,3,627,430,47,31
2023-07-15,1,3,627,391,47,27
2023-07-16,1,3,627,582,47,22
2023-07-17,1,3,627,460,47,42
2023-07-18,1,3,627,550,47,29
2023-07-19,1,3,627,403,47,40
2023-07-20,1,3,627,402,47,38
2023-07-21,1,3,627,511,47,37
2023-07-22,1,3,627,347,47,26
2023-07-23,1,3,627,326,47,39
2023-07-24,1,3,627,446,47,37
2023-07-25,1,3,627,478,47,43
2023-07-26,1,3,627,494,47,22
2023-07-27,1,3,627,443,47,41
2023-07-28,1,3,627,486,47,40
2023-07-29,1,3,627,575,47,31
2023-07-30,1,3,627,563,47,20
2023-07-31,1,3,627,448,47,38
2023-08-01,1,3,627,488,47,43
2023-08-02,1,3,627,321,47,30
2023-08-03,1,3,627,594,47,23
2023-08-04,1,3,627,349,47,42
2023-08-05,1,3,627,529,47,28
2023-08-06,1,3,627,550,47,37
2023-08-07,1,3,627,413,47,23
2023-08-08,1,3,627,464,47,39
2023-08-09,1,3,627,318,47,18
2023-08-10,1,3,627,510,47,23
2023-08-11,1,3,627,456,47,29
2023-08-12,1,3,627,413,47,28
2023-08-13,1,3,627,432,47,42
2023-08-14,1,3,627,465,47,21
2023-08-15,1,3,627,500,47,42
2023-08-16,1,3,627,403,47,33
2023-08-17,1,3,627,499,47,28
2023-08-18,1,3,627,362,47,37
2023-08-19,1,3,627,413,47,42
2023-08-20,1,3,627,438,47,19
2023-08-21,1,3,627,371,47,44
2023-08-22,1,3,627,360,47,30
2023-08-23,1,3,627,340,47,24
2023-08-24,1,3,627,315,47,19
2023-08-25,1,3,627,342,47,38
2023-08-26,1,3,627,436,47,40
2023-08-27,1,3,627,460,47,36
2023-08-28,1,3,627,577,47,24
2023-08-29,1,3,627,383,47,28
2023-08-30,1,3,627,333,47,37
2023-08-31,1,3,627,576,47,43
2023-09-01,1,3,627,572,47,33
2023-09-02,1,3,627,547,47,19
2023-09-03,1,3,627,537,47,24
2023-09-04,1,3,627,575,47,29
2023-09-05,1,3,627,397,47,39
2023-09-06,1,3,627,506,47,30
2023-09-07,1,3,627,383,47,18
2023-09-08,1,3,627,576,47,38
2023-09-09,1,3,627,558,47,40
2023-09-10,1,3,627,345,47,28
2023-09-11,1,3,627,399,47,29
2023-09-12,1,3,627,554,47,21
2023-09-13,1,3,627,442,47,33
2023-09-14,1,3,627,578,47,21
2023-09-15,1,3,627,323,47,41
2023-09-16,1,3,627,519,47,35
2023-09-17,1,3,627,361,47,44
2023-09-18,1,3,627,354,47,32
2023-09-19,1,3,627,590,47,32
2023-09-20,1,3,627,381,47,25
2023-09-21,1,3,627,423,47,32
2023-09-22,1,3,627,506,47,28
2023-09-23,1,3,627,512,47,44
2023-09-24,1,3,627,476,47,42
2023-09-25,1,3,627,466,47,42
2023-09-26,1,3,627,492,47,22
2023-09-27,1,3,627,472,47,26
2023-09-28,1,3,627,430,47,37
2023-09-29,1,3,627,482,47,32
2023-09-30,1,3,627,395,47,36
2023-10-01,1,3,627,378,47,20
2023-10-02,1,3,627,375,47,18
2023-10-03,1,3,627,329,47,39
2023-10-04,1,3,627,555,47,37
2023-10-05,1,3,627,553,47,32
2023-10-06,1,3,627,339,47,32
2023-10-07,1,3,627,528,47,36
2023-10-08,1,3,627,471,47,22
2023-10-09,1,3,627,435,47,42
2023-10-10,1,3,627,392,47,32
2023-10-11,1,3,627,329,47,20
2023-10-12,1,3,627,574,47,34
2023-10-13,1,3,627,366,47,28
2023-10-14,1,3,627,447,47,19
2023-10-15,1,3,627,594,47,25
2023-10-16,1,3,627,540,47,42
2023-10-17,1,3,627,452,47,36
2023-10-18,1,3,627,395,47,28
2023-10-19,1,3,627,587,47,29
2023-10-20,1,3,627,434,47,35
2023-10-21,1,3,627,415,47,44
2023-10-22,1,3,627,318,47,23
2023-10-23,1,3,627,353,47,37
2023-10-24,1,3,627,414,47,43
2023-10-25,1,3,627,582,47,33
2023-10-26,1,3,627,511,47,27
2023-10-27,1,3,627,558,47,37
2023-10-28,1,3,627,543,47,23
2023-10-29,1,3,627,332,47,32
2023-10-30,1,3,627,481,47,39
2023-10-31,1,3,627,547,47,23
2023-11-01,1,3,627,583,47,32
2023-11-02,1,3,627,460,47,27
2023-11-03,1,3,627,362,47,20
2023-11-04,1,3,627,553,47,19
2023-11-05,1,3,627,470,47,32
2023-11-06,1,3,627,389,47,40
2023-11-07,1,3,627,354,47,18
2023-11-08,1,3,627,357,47,38
2023-11-09,1,3,627,332,47,43
2023-11-10,1,3,627,368,47,18
2023-11-11,1,3,627,367,47,32
2023-11-12,1,3,627,453,47,22
2023-11-13,1,3,627,587,47,35
2023-11-14,1,3,627,324,47,19
2023-11-15,1,3,627,320,47,44
2023-11-16,1,3,627,412,47,39
2023-11-17,1,3,627,317,47,25
2023-11-18,1,3,627,580,47,41
2023-11-19,1,3,627,475,47,42
2023-11-20,1,3,627,504,47,27
2023-11-21,1,3,627,429,47,35
2023-11-22,1,3,627,587,47,39
2023-11-23,1,3,627,418,47,27
2023-11-24,1,3,627,342,47,36
2023-11-25,1,3,627,420,47,39
2023-11-26,1,3,627,521,47,18
2023-11-27,1,3,627,539,47,21
2023-11-28,1,3,627,564,47,35
2023-11-29,1,3,627,372,47,37
2023-11-30,1,3,627,503,47,28
2023-12-01,1,3,627,579,47,40
2023-12-02,1,3,627,403,47,38
2023-12-03,1,3,627,472,47,21
2023-12-04,1,3,627,592,47,23
2023-12-05,1,3,627,329,47,43
2023-12-06,1,3,627,372,47,20
2023-12-07,1,3,627,504,47,24
2023-12-08,1,3,627,401,47,41
2023-12-09,1,3,627,404,47,29
2023-12-10,1,3,627,490,47,18
2023-12-11,1,3,627,458,47,38
2023-12-12,1,3,627,556,47,36
2023-12-13,1,3,627,498,47,28
2023-12-14,1,3,627,372,47,18
2023-12-15,1,3,627,490,47,26
2023-12-16,1,3,627,336,47,29
2023-12-17,1,3,627,415,47,21
2023-12-18,1,3,627,437,47,23
2023-12-19,1,3,627,406,47,37
2023-12-20,1,3,627,363,47,37
2023-12-21,1,3,627,334,47,33
2023-12-22,1,3,627,397,47,30
2023-12-23,1,3,627,543,47,38
2023-12-24,1,3,627,516,47,35
2023-12-25,1,3,627,553,47,42
2023-12-26,1,3,627,503,47,38
2023-12-27,1,3,627,424,47,40
2023-12-28,1,3,627,484,47,36
2023-12-29,1,3,627,402,47,22
2023-12-30,1,3,627,461,47,33
2023-12-31,1,3,627,393,47,20
2024-01-01,1,3,627,516,47,22
2024-01-02,1,3,627,575,47,43
2024-01-03,1,3,627,451,47,44
2024-01-04,1,3,627,462,47,25
2024-01-05,1,3,627,446,47,31
2024-01-06,1,3,627,355,47,33
2024-01-07,1,3,627,491,47,34
2024-01-08,1,3,627,335,47,19
2024-01-09,1,3,627,564,47,29
2024-01-10,1,3,627,371,47,33
2024-01-11,1,3,627,533,47,24
2024-01-12,1,3,627,389,47,39
2024-01-13,1,3,627,525,47,44
2024-01-14,1,3,627,475,47,39
2024-01-15,1,3,627,397,47,29
2024-01-16,1,3,627,356,47,18
2024-01-17,1,3,627,328,47,24
2024-01-18,1,3,627,385,47,27
2024-01-19,1,3,627,418,47,29
2024-01-20,1,3,627,374,47,42
2024-01-21,1,3,627,359,47,18
2024-01-22,1,3,627,440,47,42
2024-01-23,1,3,627,567,47,19
2024-01-24,1,3,627,462,47,20
2024-01-25,1,3,627,393,47,20
2024-01-26,1,3,627,445,47,24
2024-01-27,1,3,627,483,47,41
2024-01-28,1,3,627,463,47,35
2024-01-29,1,3,627,371,47,35
2024-01-30,1,3,627,343,47,40
2024-01-31,1,3,627,334,47,26
2024-02-01,1,3,627,411,47,31
2024-02-02,1,3,627,419,47,24
2024-02-03,1,3,627,340,47,39
2024-02-04,1,3,627,510,47,28
2024-02-05,1,3,627,523,47,25
2024-02-06,1,3,627,498,47,34
2024-02-07,1,3,627,557,47,21
2024-02-08,1,3,627,496,47,27
2024-02-09,1,3,627,351,47,38
2024-02-10,1,3,627,449,47,27
2024-02-11,1,3,627,441,47,40
2024-02-12,1,3,627,455,47,18
2024-02-13,1,3,627,336,47,27
2024-02-14,1,3,627,473,47,35
2024-02-15,1,3,627,366,47,27
2024-02-16,1,3,627,590,47,35
2024-02-17,1,3,627,553,47,23
2024-02-18,1,3,627,424,47,34
2024-02-19,1,3,627,567,47,20
2024-02-20,1,3,627,582,47,31
2024-02-21,1,3,627,537,47,20
2024-02-22,1,3,627,530,47,43
2024-02-23,1,3,627,451,47,27
2024-02-24,1,3,627,404,47,36
2024-02-25,1,3,627,333,47,42
2024-02-26,1,3,627,464,47,35
2024-02-27,1,3,627,532,47,41
2024-02-28,1,3,627,377,47,28
2024-02-29,1,3,627,413,47,35
2024-03-01,1,3,627,436,47,22
2024-03-02,1,3,627,450,47,22
2024-03-03,1,3,627,383,47,18
2024-03-04,1,3,627,439,47,39
2024-03-05,1,3,627,454,47,21
2024-03-06,1,3,627,433,47,25
2024-03-07,1,3,627,413,47,36
2024-03-08,1,3,627,381,47,24
2024-03-09,1,3,627,373,47,37
2024-03-10,1,3,627,371,47,39
2024-03-11,1,3,627,554,47,32
2024-03-12,1,3,627,510,47,42
2024-03-13,1,3,627,587,47,35
2024-03-14,1,3,627,559,47,20
2024-03-15,1,3,627,414,47,22
2024-03-16,1,3,627,392,47,38
2024-03-17,1,3,627,533,47,25
2024-03-18,1,3,627,507,47,23
2024-03-19,1,3,627,406,47,19
2024-03-20,1,3,627,501,47,24
2024-03-21,1,3,627,428,47,20
2024-03-22,1,3,627,588,47,33
2024-03-23,1,3,627,463,47,28
2024-03-24,1,3,627,487,47,36
2024-03-25,1,3,627,398,47,20
2024-03-26,1,3,627,440,47,41
2024-03-27,1,3,627,543,47,39
2024-03-28,1,3,627,356,47,28
2024-03-29,1,3,627,413,47,22
2024-03-30,1,3,627,393,47,21
2024-03-31,1,3,627,437,47,24
2024-04-01,1,3,627,332,47,19
2024-04-02,1,3,627,580,47,34
2024-04-03,1,3,627,320,47,31
2024-04-04,1,3,627,393,47,20
2024-04-05,1,3,627,589,47,38
2024-04-06,1,3,627,457,47,31
2024-04-07,1,3,627,499,47,32
2024-04-08,1,3,627,493,47,20
2024-04-09,1,3,627,336,47,31
2024-04-10,1,3,627,472,47,44
2024-04-11,1,3,627,332,47,38
2024-04-12,1,3,627,328,47,21
2024-04-13,1,3,627,480,47,40
2024-04-14,1,3,627,503,47,25
2024-04-15,1,3,627,465,47,25
2024-04-16,1,3,627,590,47,41
2024-04-17,1,3,627,453,47,41
2024-04-18,1,3,627,557,47,40
2024-04-19,1,3,627,540,47,26
2024-04-20,1,3,627,546,47,25
2024-04-21,1,3,627,403,47,33
2024-04-22,1,3,627,413,47,30
2024-04-23,1,3,627,469,47,32
2024-04-24,1,3,627,464,47,44
2024-04-25,1,3,627,349,47,29
2024-04-26,1,3,627,354,47,40
2024-04-27,1,3,627,545,47,32
2024-04-28,1,3,627,532,47,34
2024-04-29,1,3,627,361,47,28
2024-04-30,1,3,627,500,47,38
2024-05-01,1,3,627,505,47,34
2024-05-02,1,3,627,408,47,37
2024-05-03,1,3,627,318,47,38
2024-05-04,1,3,627,461,47,42
2024-05-05,1,3,627,434,47,42
2024-05-06,1,3,627,352,47,37
2024-05-07,1,3,627,515,47,29
2024-05-08,1,3,627,501,47,32
2024-05-09,1,3,627,384,47,42
2024-05-10,1,3,627,472,47,38
2024-05-11,1,3,627,463,47,21
2024-05-12,1,3,627,559,47,29
2024-05-13,1,3,627,430,47,19
2024-05-14,1,3,627,433,47,31
2024-05-15,1,3,627,489,47,25
2024-05-16,1,3,627,343,47,26
2024-05-17,1,3,627,531,47,31
2024-05-18,1,3,627,366,47,27
2024-05-19,1,3,627,565,47,30
2024-05-20,1,3,627,586,47,20
2024-05-21,1,3,627,549,47,26
2024-05-22,1,3,627,492,47,27
2024-05-23,1,3,627,564,47,42
2024-05-24,1,3,627,530,47,23
2024-05-25,1,3,627,595,47,34
2024-05-26,1,3,627,452,47,33
2024-05-27,1,3,627,405,47,32
2024-05-28,1,3,627,331,47,18
2024-05-29,1,3,627,513,47,20
2024-05-30,1,3,627,363,47,38
2024-05-31,1,3,627,592,47,38
2024-06-01,1,3,627,399,47,29
2024-06-02,1,3,627,393,47,37
2024-06-03,1,3,627,569,47,39
2024-06-04,1,3,627,578,47,24
2024-06-05,1,3,627,429,47,35
2024-06-06,1,3,627,545,47,33
2024-06-07,1,3,627,336,47,27
2024-06-08,1,3,627,569,47,24
2024-06-09,1,3,627,359,47,38
2024-06-10,1,3,627,398,47,31
2024-06-11,1,3,627,582,47,43
2024-06-12,1,3,627,576,47,35
2024-06-13,1,3,627,544,47,18
2024-06-14,1,3,627,374,47,40
2024-06-15,1,3,627,408,47,36
2024-06-16,1,3,627,413,47,22
2024-06-17,1,3,627,408,47,30
2024-06-18,1,3,627,425,47,24
2024-06-19,1,3,627,389,47,43
2024-06-20,1,3,627,363,47,41
2024-06-21,1,3,627,415,47,44
2024-06-22,1,3,627,319,47,38
2024-06-23,1,3,627,409,47,27
2024-06-24,1,3,627,453,47,38
2024-06-25,1,3,627,527,47,41
2024-06-26,1,3,627,454,47,37
2024-06-27,1,3,627,491,47,26
2024-06-28,1,3,627,582,47,32
2024-06-29,1,3,627,331,47,32
2024-06-30,1,3,627,569,47,34
2024-07-01,1,3,627,437,47,28
2024-07-02,1,3,627,475,47,40
2024-07-03,1,3,627,350,47,18
2024-07-04,1,3,627,569,47,42
2024-07-05,1,3,627,393,47,43
2024-07-06,1,3,627,463,47,37
2024-07-07,1,3,627,402,47,21
2024-07-08,1,3,627,504,47,39
2024-07-09,1,3,627,428,47,31
2024-07-10,1,3,627,397,47,28
2024-07-11,1,3,627,535,47,36
2024-07-12,1,3,627,497,47,26
2024-07-13,1,3,627,568,47,18
2024-07-14,1,3,627,499,47,44
2024-07-15,1,3,627,494,47,19
2024-07-16,1,3,627,544,47,23
2024-07-17,1,3,627,355,47,30
2024-07-18,1,3,627,428,47,26
2024-07-19,1,3,627,441,47,42
2024-07-20,1,3,627,319,47,24
2024-07-21,1,3,627,450,47,36
2024-07-22,1,3,627,313,47,28
2024-07-23,1,3,627,445,47,42
2024-07-24,1,3,627,523,47,33
2024-07-25,1,3,627,382,47,29
2024-07-26,1,3,627,518,47,20
2024-07-27,1,3,627,533,47,22
2024-07-28,1,3,627,508,47,34
2024-07-29,1,3,627,348,47,33
2024-07-30,1,3,627,518,47,33
2024-07-31,1,3,627,376,47,44
2024-08-01,1,3,627,366,47,25
2024-08-02,1,3,627,418,47,27
2024-08-03,1,3,627,496,47,20
2024-08-04,1,3,627,534,47,18
2024-08-05,1,3,627,552,47,40
2024-08-06,1,3,627,457,47,26
2024-08-07,1,3,627,390,47,23
2024-08-08,1,3,627,496,47,36
2024-08-09,1,3,627,371,47,39
2024-08-10,1,3,627,548,47,34
2024-08-11,1,3,627,425,47,33
2024-08-12,1,3,627,320,47,19
2024-08-13,1,3,627,345,47,43
2024-08-14,1,3,627,418,47,39
2024-08-15,1,3,627,335,47,19
2024-08-16,1,3,627,550,47,31
2024-08-17,1,3,627,487,47,35
2024-08-18,1,3,627,363,47,39
2024-08-19,1,3,627,460,47,22
2024-08-20,1,3,627,330,47,43
2024-08-21,1,3,627,518,47,24
2024-08-22,1,3,627,577,47,27
2024-08-23,1,3,627,577,47,25
2024-08-24,1,3,627,451,47,40
2024-08-25,1,3,627,474,47,21
2024-08-26,1,3,627,535,47,43
2024-08-27,1,3,627,465,47,32
2024-08-28,1,3,627,552,47,36
2024-08-29,1,3,627,344,47,34
2024-08-30,1,3,627,384,47,37
2024-08-31,1,3,627,372,47,24
2024-09-01,1,3,627,390,47,40
2024-09-02,1,3,627,514,47,31
2024-09-03,1,3,627,472,47,24
2024-09-04,1,3,627,457,47,22
2024-09-05,1,3,627,414,47,44
2024-09-06,1,3,627,559,47,41
2024-09-07,1,3,627,406,47,35
2024-09-08,1,3,627,489,47,43
2024-09-09,1,3,627,454,47,37
2024-09-10,1,3,627,444,47,34
2024-09-11,1,3,627,429,47,25
2024-09-12,1,3,627,483,47,30
2024-09-13,1,3,627,324,47,43
2024-09-14,1,3,627,313,47,25
2024-09-15,1,3,627,495,47,36
2024-09-16,1,3,627,496,47,33
2024-09-17,1,3,627,407,47,43
2024-09-18,1,3,627,420,47,23
2024-09-19,1,3,627,452,47,25
2024-09-20,1,3,627,460,47,30
2024-09-21,1,3,627,540,47,21
2024-09-22,1,3,627,319,47,19
2024-09-23,1,3,627,499,47,41
2024-09-24,1,3,627,386,47,32
2024-09-25,1,3,627,346,47,18
2024-09-26,1,3,627,574,47,27
2024-09-27,1,3,627,524,47,23
2024-09-28,1,3,627,537,47,41
2024-09-29,1,3,627,362,47,26
2024-09-30,1,3,627,432,47,24
2024-10-01,1,3,627,373,47,34
2024-10-02,1,3,627,364,47,26
2024-10-03,1,3,627,455,47,38
2024-10-04,1,3,627,357,47,21
2024-10-05,1,3,627,375,47,20
2024-10-06,1,3,627,408,47,33
2024-10-07,1,3,627,448,47,39
2024-10-08,1,3,627,339,47,39
2024-10-09,1,3,627,526,47,38
2024-10-10,1,3,627,525,47,28
2024-10-11,1,3,627,493,47,29
2024-10-12,1,3,627,516,47,30
2024-10-13,1,3,627,480,47,37
2024-10-14,1,3,627,438,47,42
2024-10-15,1,3,627,560,47,19
2024-10-16,1,3,627,493,47,27
2024-10-17,1,3,627,418,47,29
2024-10-18,1,3,627,527,47,21
2024-10-19,1,3,627,337,47,24
2024-10-20,1,3,627,557,47,42
2024-10-21,1,3,627,428,47,34
2024-10-22,1,3,627,388,47,18
2024-10-23,1,3,627,526,47,34
2024-10-24,1,3,627,464,47,35
2024-10-25,1,3,627,483,47,28
2024-10-26,1,3,627,318,47,18
2024-10-27,1,3,627,515,47,37
2024-10-28,1,3,627,481,47,18
2024-10-29,1,3,627,594,47,33
2024-10-30,1,3,627,579,47,35
2024-10-31,1,3,627,444,47,36
2024-11-01,1,3,627,570,47,36
2024-11-02,1,3,627,520,47,38
2024-11-03,1,3,627,544,47,23
2024-11-04,1,3,627,377,47,22
2024-11-05,1,3,627,510,47,25
2024-11-06,1,3,627,377,47,44
2024-11-07,1,3,627,492,47,25
2024-11-08,1,3,627,403,47,33
2024-11-09,1,3,627,370,47,39
2024-11-10,1,3,627,396,47,22
2024-11-11,1,3,627,465,47,31
2024-11-12,1,3,627,343,47,26
2024-11-13,1,3,627,482,47,35
2024-11-14,1,3,627,387,47,28
2024-11-15,1,3,627,428,47,35
2024-11-16,1,3,627,383,47,29
2024-11-17,1,3,627,501,47,21
2024-11-18,1,3,627,517,47,30
2024-11-19,1,3,627,467,47,44
2024-11-20,1,3,627,466,47,32
2024-11-21,1,3,627,493,47,44
2024-11-22,1,3,627,572,47,18
2024-11-23,1,3,627,544,47,42
2024-11-24,1,3,627,408,47,24
2024-11-25,1,3,627,366,47,22
2024-11-26,1,3,627,401,47,20
2024-11-27,1,3,627,424,47,42
2024-11-28,1,3,627,326,47,25
2024-11-29,1,3,627,547,47,27
2024-11-30,1,3,627,448,47,34
2024-12-01,1,3,627,440,47,28
2024-12-02,1,3,627,454,47,36
2024-12-03,1,3,627,542,47,27
2024-12-04,1,3,627,450,47,37
2024-12-05,1,3,627,467,47,36
2024-12-06,1,3,627,574,47,34
2024-12-07,1,3,627,418,47,27
2024-12-08,1,3,627,514,47,30
2024-12-09,1,3,627,540,47,42
2024-12-10,1,3,627,340,47,28
2024-12-11,1,3,627,520,47,29
2024-12-12,1,3,627,554,47,25
2024-12-13,1,3,627,517,47,25
2024-12-14,1,3,627,461,47,41
2024-12-15,1,3,627,345,47,23
2024-12-16,1,3,627,426,47,23
2024-12-17,1,3,627,527,47,37
2024-12-18,1,3,627,508,47,21
2024-12-19,1,3,627,511,47,41
2024-12-20,1,3,627,381,47,31
2024-12-21,1,3,627,368,47,39
2024-12-22,1,3,627,344,47,23
2024-12-23,1,3,627,361,47,24
2024-12-24,1,3,627,427,47,39
2024-12-25,1,3,627,581,47,30
2024-12-26,1,3,627,450,47,35
2024-12-27,1,3,627,487,47,40
2024-12-28,1,3,627,335,47,24
2024-12-29,1,3,627,392,47,37
2024-12-30,1,3,627,552,47,40
2024-12-31,1,3,627,475,47,18
2023-01-01,1,4,627,493,47,39
2023-01-02,1,4,627,554,47,18
2023-01-03,1,4,627,537,47,31
2023-01-04,1,4,627,435,47,39
2023-01-05,1,4,627,460,47,35
2023-01-06,1,4,627,571,47,33
2023-01-07,1,4,627,492,47,32
2023-01-08,1,4,627,559,47,29
2023-01-09,1,4,627,387,47,23
2023-01-10,1,4,627,385,47,42
2023-01-11,1,4,627,471,47,31
2023-01-12,1,4,627,362,47,31
2023-01-13,1,4,627,473,47,36
2023-01-14,1,4,627,439,47,24
2023-01-15,1,4,627,345,47,24
2023-01-16,1,4,627,383,47,22
2023-01-17,1,4,627,539,47,25
2023-01-18,1,4,627,485,47,32
2023-01-19,1,4,627,375,47,21
2023-01-20,1,4,627,430,47,25
2023-01-21,1,4,627,358,47,41
2023-01-22,1,4,627,440,47,43
2023-01-23,1,4,627,476,47,36
2023-01-24,1,4,627,337,47,39
2023-01-25,1,4,627,364,47,23
2023-01-26,1,4,627,313,47,19
2023-01-27,1,4,627,461,47,18
2023-01-28,1,4,627,361,47,44
2023-01-29,1,4,627,496,47,40
2023-01-30,1,4,627,460,47,27
2023-01-31,1,4,627,361,47,28
2023-02-01,1,4,627,321,47,38
2023-02-02,1,4,627,405,47,39
2023-02-03,1,4,627,443,47,31
2023-02-04,1,4,627,474,47,32
2023-02-05,1,4,627,426,47,23
2023-02-06,1,4,627,387,47,30
2023-02-07,1,4,627,378,47,18
2023-02-08,1,4,627,589,47,21
2023-02-09,1,4,627,410,47,44
2023-02-10,1,4,627,486,47,41
2023-02-11,1,4,627,381,47,22
2023-02-12,1,4,627,584,47,24
2023-02-13,1,4,627,336,47,29
2023-02-14,1,4,627,488,47,19
2023-02-15,1,4,627,327,47,22
2023-02-16,1,4,627,529,47,22
2023-02-17,1,4,627,530,47,30
2023-02-18,1,4,627,463,47,18
2023-02-19,1,4,627,463,47,30
2023-02-20,1,4,627,513,47,42
2023-02-21,1,4,627,407,47,34
2023-02-22,1,4,627,488,47,36
2023-02-23,1,4,627,422,47,41
2023-02-24,1,4,627,534,47,40
2023-02-25,1,4,627,367,47,33
2023-02-26,1,4,627,328,47,24
2023-02-27,1,4,627,353,47,42
2023-02-28,1,4,627,530,47,28
2023-03-01,1,4,627,508,47,21
2023-03-02,1,4,627,586,47,27
2023-03-03,1,4,627,499,47,22
2023-03-04,1,4,627,327,47,38
2023-03-05,1,4,627,595,47,18
2023-03-06,1,4,627,426,47,27
2023-03-07,1,4,627,403,47,42
2023-03-08,1,4,627,328,47,38
2023-03-09,1,4,627,465,47,34
2023-03-10,1,4,627,405,47,23
2023-03-11,1,4,627,476,47,38
2023-03-12,1,4,627,318,47,22
2023-03-13,1,4,627,422,47,32
2023-03-14,1,4,627,583,47,31
2023-03-15,1,4,627,438,47,42
2023-03-16,1,4,627,581,47,41
2023-03-17,1,4,627,360,47,28
2023-03-18,1,4,627,405,47,33
2023-03-19,1,4,627,474,47,31
2023-03-20,1,4,627,385,47,37
2023-03-21,1,4,627,533,47,44
2023-03-22,1,4,627,573,47,23
2023-03-23,1,4,627,473,47,18
2023-03-24,1,4,627,316,47,35
2023-03-25,1,4,627,594,47,23
2023-03-26,1,4,627,563,47,20
2023-03-27,1,4,627,346,47,22
2023-03-28,1,4,627,530,47,20
2023-03-29,1,4,627,368,47,19
2023-03-30,1,4,627,325,47,32
2023-03-31,1,4,627,558,47,37
2023-04-01,1,4,627,579,47,34
2023-04-02,1,4,627,415,47,20
2023-04-03,1,4,627,461,47,24
2023-04-04,1,4,627,479,47,19
2023-04-05,1,4,627,482,47,41
2023-04-06,1,4,627,368,47,41
2023-04-07,1,4,627,560,47,22
2023-04-08,1,4,627,519,47,24
2023-04-09,1,4,627,595,47,18
2023-04-10,1,4,627,415,47,19
2023-04-11,1,4,627,458,47,32
2023-04-12,1,4,627,458,47,18
2023-04-13,1,4,627,459,47,31
2023-04-14,1,4,627,577,47,20
2023-04-15,1,4,627,492,47,21
2023-04-16,1,4,627,454,47,28
2023-04-17,1,4,627,506,47,44
2023-04-18,1,4,627,450,47,26
2023-04-19,1,4,627,393,47,22
2023-04-20,1,4,627,331,47,36
2023-04-21,1,4,627,369,47,22
2023-04-22,1,4,627,363,47,32
2023-04-23,1,4,627,460,47,41
2023-04-24,1,4,627,462,47,38
2023-04-25,1,4,627,440,47,22
2023-04-26,1,4,627,354,47,18
2023-04-27,1,4,627,324,47,26
2023-04-28,1,4,627,509,47,28
2023-04-29,1,4,627,408,47,30
2023-04-30,1,4,627,321,47,33
2023-05-01,1,4,627,378,47,29
2023-05-02,1,4,627,382,47,24
2023-05-03,1,4,627,504,47,34
2023-05-04,1,4,627,396,47,32
2023-05-05,1,4,627,340,47,23
2023-05-06,1,4,627,464,47,30
2023-05-07,1,4,627,348,47,30
2023-05-08,1,4,627,431,47,44
2023-05-09,1,4,627,556,47,22
2023-05-10,1,4,627,465,47,38
2023-05-11,1,4,627,483,47,21
2023-05-12,1,4,627,457,47,33
2023-05-13,1,4,627,585,47,27
2023-05-14,1,4,627,413,47,31
2023-05-15,1,4,627,330,47,21
2023-05-16,1,4,627,319,47,38
2023-05-17,1,4,627,480,47,21
2023-05-18,1,4,627,357,47,38
2023-05-19,1,4,627,323,47,43
2023-05-20,1,4,627,423,47,44
2023-05-21,1,4,627,416,47,37
2023-05-22,1,4,627,493,47,42
2023-05-23,1,4,627,345,47,42
2023-05-24,1,4,627,318,47,39
2023-05-25,1,4,627,372,47,33
2023-05-26,1,4,627,409,47,29
2023-05-27,1,4,627,494,47,26
2023-05-28,1,4,627,406,47,23
2023-05-29,1,4,627,550,47,36
2023-05-30,1,4,627,543,47,27
2023-05-31,1,4,627,409,47,25
2023-06-01,1,4,627,358,47,44
2023-06-02,1,4,627,379,47,24
2023-06-03,1,4,627,314,47,40
2023-06-04,1,4,627,457,47,23
2023-06-05,1,4,627,547,47,24
2023-06-06,1,4,627,389,47,23
2023-06-07,1,4,627,576,47,25
2023-06-08,1,4,627,371,47,41
2023-06-09,1,4,627,351,47,25
2023-06-10,1,4,627,390,47,21
2023-06-11,1,4,627,481,47,36
2023-06-12,1,4,627,484,47,21
2023-06-13,1,4,627,399,47,33
2023-06-14,1,4,627,451,47,21
2023-06-15,1,4,627,432,47,42
2023-06-16,1,4,627,529,47,39
2023-06-17,1,4,627,389,47,24
2023-06-18,1,4,627,546,47,35
2023-06-19,1,4,627,485,47,38
2023-06-20,1,4,627,484,47,21
2023-06-21,1,4,627,318,47,26
2023-06-22,1,4,627,593,47,19
2023-06-23,1,4,627,573,47,18
2023-06-24,1,4,627,387,47,43
2023-06-25,1,4,627,411,47,31
2023-06-26,1,4,627,541,47,38
2023-06-27,1,4,627,475,47,30
2023-06-28,1,4,627,517,47,25
2023-06-29,1,4,627,554,47,26
2023-06-30,1,4,627,503,47,34
2023-07-01,1,4,627,410,47,18
2023-07-02,1,4,627,455,47,38
2023-07-03,1,4,627,483,47,30
2023-07-04,1,4,627,541,47,41
2023-07-05,1,4,627,400,47,41
2023-07-06,1,4,627,435,47,37
2023-07-07,1,4,627,542,47,20
2023-07-08,1,4,627,550,47,37
2023-07-09,1,4,627,525,47,37
2023-07-10,1,4,627,509,47,40
2023-07-11,1,4,627,435,47,18
2023-07-12,1,4,627,519,47,44
2023-07-13,1,4,627,528,47,27
2023-07-14,1,4,627,330,47,19
2023-07-15,1,4,627,313,47,27
2023-07-16,1,4,627,594,47,23
2023-07-17,1,4,627,447,47,27
2023-07-18,1,4,627,493,47,28
2023-07-19,1,4,627,421,47,28
2023-07-20,1,4,627,555,47,42
2023-07-21,1,4,627,313,47,21
2023-07-22,1,4,627,370,47,32
2023-07-23,1,4,627,364,47,43
2023-07-24,1,4,627,352,47,21
2023-07-25,1,4,627,583,47,20
2023-07-26,1,4,627,499,47,40
2023-07-27,1,4,627,388,47,44
2023-07-28,1,4,627,420,47,31
2023-07-29,1,4,627,463,47,22
2023-07-30,1,4,627,369,47,24
2023-07-31,1,4,627,579,47,25
2023-08-01,1,4,627,365,47,38
2023-08-02,1,4,627,424,47,31
2023-08-03,1,4,627,498,47,37
2023-08-04,1,4,627,576,47,41
2023-08-05,1,4,627,330,47,41
2023-08-06,1,4,627,501,47,28
2023-08-07,1,4,627,429,47,21
2023-08-08,1,4,627,595,47,36
2023-08-09,1,4,627,433,47,32
2023-08-10,1,4,627,585,47,35
2023-08-11,1,4,627,357,47,23
2023-08-12,1,4,627,505,47,32
2023-08-13,1,4,627,517,47,43
2023-08-14,1,4,627,367,47,40
2023-08-15,1,4,627,366,47,18
2023-08-16,1,4,627,403,47,30
2023-08-17,1,4,627,592,47,31
2023-08-18,1,4,627,375,47,37
2023-08-19,1,4,627,399,47,37
2023-08-20,1,4,627,475,47,42
2023-08-21,1,4,627,557,47,23
2023-08-22,1,4,627,321,47,42
2023-08-23,1,4,627,345,47,31
2023-08-24,1,4,627,571,47,28
2023-08-25,1,4,627,472,47,41
2023-08-26,1,4,627,566,47,35
2023-08-27,1,4,627,384,47,27
2023-08-28,1,4,627,382,47,30
2023-08-29,1,4,627,379,47,24
2023-08-30,1,4,627,502,47,19
2023-08-31,1,4,627,323,47,37
2023-09-01,1,4,627,544,47,44
2023-09-02,1,4,627,319,47,34
2023-09-03,1,4,627,477,47,31
2023-09-04,1,4,627,499,47,21
2023-09-05,1,4,627,488,47,38
2023-09-06,1,4,627,359,47,30
2023-09-07,1,4,627,342,47,39
2023-09-08,1,4,627,464,47,42
2023-09-09,1,4,627,477,47,33
2023-09-10,1,4,627,323,47,18
2023-09-11,1,4,627,520,47,35
2023-09-12,1,4,627,478,47,24
2023-09-13,1,4,627,350,47,40
2023-09-14,1,4,627,344,47,30
2023-09-15,1,4,627,374,47,32
2023-09-16,1,4,627,557,47,29
2023-09-17,1,4,627,408,47,34
2023-09-18,1,4,627,501,47,38
2023-09-19,1,4,627,442,47,20
2023-09-20,1,4,627,387,47,40
2023-09-21,1,4,627,352,47,44
2023-09-22,1,4,627,382,47,23
2023-09-23,1,4,627,441,47,42
2023-09-24,1,4,627,429,47,27
2023-09-25,1,4,627,390,47,30
2023-09-26,1,4,627,420,47,44
2023-09-27,1,4,627,513,47,31
2023-09-28,1,4,627,507,47,39
2023-09-29,1,4,627,369,47,30
2023-09-30,1,4,627,424,47,36
2023-10-01,1,4,627,378,47,27
2023-10-02,1,4,627,430,47,42
2023-10-03,1,4,627,449,47,28
2023-10-04,1,4,627,416,47,21
2023-10-05,1,4,627,367,47,38
2023-10-06,1,4,627,381,47,26
2023-10-07,1,4,627,341,47,22
2023-10-08,1,4,627,560,47,38
2023-10-09,1,4,627,576,47,41
2023-10-10,1,4,627,471,47,24
2023-10-11,1,4,627,545,47,20
2023-10-12,1,4,627,518,47,22
2023-10-13,1,4,627,400,47,33
2023-10-14,1,4,627,559,47,20
2023-10-15,1,4,627,353,47,26
2023-10-16,1,4,627,520,47,40
2023-10-17,1,4,627,471,47,18
2023-10-18,1,4,627,339,47,34
2023-10-19,1,4,627,330,47,19
2023-10-20,1,4,627,389,47,31
2023-10-21,1,4,627,553,47,44
2023-10-22,1,4,627,434,47,36
2023-10-23,1,4,627,397,47,37
2023-10-24,1,4,627,416,47,20
2023-10-25,1,4,627,394,47,25
2023-10-26,1,4,627,328,47,36
2023-10-27,1,4,627,429,47,23
2023-10-28,1,4,627,564,47,36
2023-10-29,1,4,627,511,47,20
2023-10-30,1,4,627,345,47,42
2023-10-31,1,4,627,464,47,43
2023-11-01,1,4,627,488,47,22
2023-11-02,1,4,627,417,47,24
2023-11-03,1,4,627,587,47,23
2023-11-04,1,4,627,387,47,27
2023-11-05,1,4,627,584,47,38
2023-11-06,1,4,627,335,47,20
2023-11-07,1,4,627,531,47,34
2023-11-08,1,4,627,421,47,31
2023-11-09,1,4,627,313,47,44
2023-11-10,1,4,627,516,47,33
2023-11-11,1,4,627,592,47,27
2023-11-12,1,4,627,554,47,39
2023-11-13,1,4,627,395,47,19
2023-11-14,1,4,627,534,47,28
2023-11-15,1,4,627,338,47,23
2023-11-16,1,4,627,507,47,28
2023-11-17,1,4,627,392,47,38
2023-11-18,1,4,627,510,47,22
2023-11-19,1,4,627,430,47,22
2023-11-20,1,4,627,445,47,23
2023-11-21,1,4,627,475,47,19
2023-11-22,1,4,627,400,47,42
2023-11-23,1,4,627,352,47,40
2023-11-24,1,4,627,313,47,39
2023-11-25,1,4,627,478,47,36
2023-11-26,1,4,627,324,47,22
2023-11-27,1,4,627,564,47,33
2023-11-28,1,4,627,506,47,26
2023-11-29,1,4,627,467,47,44
2023-11-30,1,4,627,388,47,20
2023-12-01,1,4,627,593,47,26
2023-12-02,1,4,627,463,47,23
2023-12-03,1,4,627,400,47,19
2023-12-04,1,4,627,361,47,40
2023-12-05,1,4,627,470,47,27
2023-12-06,1,4,627,356,47,33
2023-12-07,1,4,627,332,47,25
2023-12-08,1,4,627,466,47,19
2023-12-09,1,4,627,380,47,43
2023-12-10,1,4,627,490,47,27
2023-12-11,1,4,627,466,47,35
2023-12-12,1,4,627,445,47,25
2023-12-13,1,4,627,385,47,27
2023-12-14,1,4,627,333,47,38
2023-12-15,1,4,627,409,47,44
2023-12-16,1,4,627,559,47,30
2023-12-17,1,4,627,380,47,37
2023-12-18,1,4,627,364,47,32
2023-12-19,1,4,627,350,47,38
2023-12-20,1,4,627,552,47,38
2023-12-21,1,4,627,320,47,18
2023-12-22,1,4,627,557,47,30
2023-12-23,1,4,627,521,47,43
2023-12-24,1,4,627,484,47,35
2023-12-25,1,4,627,408,47,33
2023-12-26,1,4,627,560,47,42
2023-12-27,1,4,627,540,47,32
2023-12-28,1,4,627,559,47,24
2023-12-29,1,4,627,462,47,28
2023-12-30,1,4,627,417,47,25
2023-12-31,1,4,627,401,47,28
2024-01-01,1,4,627,363,47,43
2024-01-02,1,4,627,574,47,34
2024-01-03,1,4,627,439,47,38
2024-01-04,1,4,627,357,47,42
2024-01-05,1,4,627,402,47,39
2024-01-06,1,4,627,584,47,30
2024-01-07,1,4,627,335,47,25
2024-01-08,1,4,627,415,47,41
2024-01-09,1,4,627,506,47,31
2024-01-10,1,4,627,384,47,26
2024-01-11,1,4,627,323,47,44
2024-01-12,1,4,627,349,47,38
2024-01-13,1,4,627,537,47,39
2024-01-14,1,4,627,560,47,43
2024-01-15,1,4,627,538,47,44
2024-01-16,1,4,627,470,47,37
2024-01-17,1,4,627,531,47,43
2024-01-18,1,4,627,362,47,37
2024-01-19,1,4,627,571,47,30
2024-01-20,1,4,627,532,47,44
2024-01-21,1,4,627,575,47,24
2024-01-22,1,4,627,576,47,35
2024-01-23,1,4,627,534,47,32
2024-01-24,1,4,627,568,47,36
2024-01-25,1,4,627,577,47,33
2024-01-26,1,4,627,551,47,37
2024-01-27,1,4,627,339,47,39
2024-01-28,1,4,627,339,47,30
2024-01-29,1,4,627,373,47,23
2024-01-30,1,4,627,417,47,26
2024-01-31,1,4,627,412,47,28
2024-02-01,1,4,627,588,47,30
2024-02-02,1,4,627,447,47,32
2024-02-03,1,4,627,360,47,32
2024-02-04,1,4,627,357,47,42
2024-02-05,1,4,627,446,47,40
2024-02-06,1,4,627,452,47,44
2024-02-07,1,4,627,464,47,28
2024-02-08,1,4,627,374,47,27
2024-02-09,1,4,627,569,47,37
2024-02-10,1,4,627,594,47,19
2024-02-11,1,4,627,381,47,37
2024-02-12,1,4,627,388,47,26
2024-02-13,1,4,627,534,47,26
2024-02-14,1,4,627,493,47,23
2024-02-15,1,4,627,332,47,39
2024-02-16,1,4,627,385,47,34
2024-02-17,1,4,627,467,47,24
2024-02-18,1,4,627,534,47,43
2024-02-19,1,4,627,583,47,26
2024-02-20,1,4,627,334,47,25
2024-02-21,1,4,627,370,47,40
2024-02-22,1,4,627,461,47,32
2024-02-23,1,4,627,516,47,31
2024-02-24,1,4,627,558,47,37
2024-02-25,1,4,627,536,47,26
2024-02-26,1,4,627,323,47,44
2024-02-27,1,4,627,525,47,24
2024-02-28,1,4,627,437,47,19
2024-02-29,1,4,627,428,47,24
2024-03-01,1,4,627,460,47,36
2024-03-02,1,4,627,543,47,34
2024-03-03,1,4,627,414,47,26
2024-03-04,1,4,627,432,47,38
2024-03-05,1,4,627,412,47,43
2024-03-06,1,4,627,460,47,39
2024-03-07,1,4,627,380,47,35
2024-03-08,1,4,627,363,47,35
2024-03-09,1,4,627,394,47,43
2024-03-10,1,4,627,375,47,37
2024-03-11,1,4,627,418,47,43
2024-03-12,1,4,627,489,47,37
2024-03-13,1,4,627,531,47,22
2024-03-14,1,4,627,497,47,40
2024-03-15,1,4,627,420,47,27
2024-03-16,1,4,627,367,47,38
2024-03-17,1,4,627,525,47,36
2024-03-18,1,4,627,468,47,26
2024-03-19,1,4,627,415,47,28
2024-03-20,1,4,627,372,47,33
2024-03-21,1,4,627,414,47,37
2024-03-22,1,4,627,593,47,24
2024-03-23,1,4,627,315,47,40
2024-03-24,1,4,627,573,47,44
2024-03-25,1,4,627,371,47,27
2024-03-26,1,4,627,398,47,24
2024-03-27,1,4,627,334,47,24
2024-03-28,1,4,627,423,47,43
2024-03-29,1,4,627,549,47,39
2024-03-30,1,4,627,378,47,19
2024-03-31,1,4,627,438,47,42
2024-04-01,1,4,627,576,47,22
2024-04-02,1,4,627,474,47,36
2024-04-03,1,4,627,544,47,33
2024-04-04,1,4,627,419,47,18
2024-04-05,1,4,627,368,47,35
2024-04-06,1,4,627,416,47,32
2024-04-07,1,4,627,459,47,22
2024-04-08,1,4,627,537,47,18
2024-04-09,1,4,627,393,47,41
2024-04-10,1,4,627,533,47,43
2024-04-11,1,4,627,446,47,22
2024-04-12,1,4,627,524,47,23
2024-04-13,1,4,627,428,47,44
2024-04-14,1,4,627,427,47,44
2024-04-15,1,4,627,325,47,36
2024-04-16,1,4,627,360,47,28
2024-04-17,1,4,627,478,47,27
2024-04-18,1,4,627,524,47,18
2024-04-19,1,4,627,508,47,18
2024-04-20,1,4,627,520,47,26
2024-04-21,1,4,627,342,47,26
2024-04-22,1,4,627,349,47,25
2024-04-23,1,4,627,399,47,29
2024-04-24,1,4,627,368,47,44
2024-04-25,1,4,627,551,47,36
2024-04-26,1,4,627,484,47,40
2024-04-27,1,4,627,586,47,18
2024-04-28,1,4,627,359,47,25
2024-04-29,1,4,627,377,47,37
2024-04-30,1,4,627,332,47,18
2024-05-01,1,4,627,339,47,33
2024-05-02,1,4,627,382,47,37
2024-05-03,1,4,627,565,47,18
2024-05-04,1,4,627,450,47,30
2024-05-05,1,4,627,393,47,31
2024-05-06,1,4,627,489,47,41
2024-05-07,1,4,627,519,47,26
2024-05-08,1,4,627,565,47,24
2024-05-09,1,4,627,386,47,27
2024-05-10,1,4,627,494,47,35
2024-05-11,1,4,627,471,47,18
2024-05-12,1,4,627,579,47,40
2024-05-13,1,4,627,561,47,30
2024-05-14,1,4,627,536,47,24
2024-05-15,1,4,627,474,47,33
2024-05-16,1,4,627,471,47,38
2024-05-17,1,4,627,485,47,24
2024-05-18,1,4,627,380,47,20
2024-05-19,1,4,627,577,47,30
2024-05-20,1,4,627,371,47,24
2024-05-21,1,4,627,391,47,40
2024-05-22,1,4,627,369,47,36
2024-05-23,1,4,627,358,47,35
2024-05-24,1,4,627,420,47,22
2024-05-25,1,4,627,411,47,43
2024-05-26,1,4,627,426,47,36
2024-05-27,1,4,627,376,47,26
2024-05-28,1,4,627,386,47,18
2024-05-29,1,4,627,495,47,20
2024-05-30,1,4,627,449,47,36
2024-05-31,1,4,627,418,47,21
2024-06-01,1,4,627,406,47,43
2024-06-02,1,4,627,379,47,22
2024-06-03,1,4,627,379,47,26
2024-06-04,1,4,627,492,47,25
2024-06-05,1,4,627,347,47,39
2024-06-06,1,4,627,482,47,20
2024-06-07,1,4,627,341,47,33
2024-06-08,1,4,627,451,47,19
2024-06-09,1,4,627,478,47,37
2024-06-10,1,4,627,459,47,44
2024-06-11,1,4,627,547,47,28
2024-06-12,1,4,627,479,47,38
2024-06-13,1,4,627,359,47,20
2024-06-14,1,4,627,328,47,27
2024-06-15,1,4,627,480,47,22
2024-06-16,1,4,627,594,47,20
2024-06-17,1,4,627,512,47,34
2024-06-18,1,4,627,382,47,23
2024-06-19,1,4,627,563,47,25
2024-06-20,1,4,627,465,47,18
2024-06-21,1,4,627,390,47,18
2024-06-22,1,4,627,387,47,29
2024-06-23,1,4,627,373,47,19
2024-06-24,1,4,627,330,47,35
2024-06-25,1,4,627,484,47,30
2024-06-26,1,4,627,374,47,42
2024-06-27,1,4,627,593,47,19
2024-06-28,1,4,627,540,47,29
2024-06-29,1,4,627,520,47,22
2024-06-30,1,4,627,313,47,28
2024-07-01,1,4,627,481,47,21
2024-07-02,1,4,627,504,47,31
2024-07-03,1,4,627,530,47,23
2024-07-04,1,4,627,540,47,42
2024-07-05,1,4,627,388,47,19
2024-07-06,1,4,627,433,47,36
2024-07-07,1,4,627,491,47,22
2024-07-08,1,4,627,525,47,20
2024-07-09,1,4,627,533,47,18
2024-07-10,1,4,627,497,47,21
2024-07-11,1,4,627,472,47,39
2024-07-12,1,4,627,440,47,32
2024-07-13,1,4,627,389,47,21
2024-07-14,1,4,627,521,47,20
2024-07-15,1,4,627,314,47,29
2024-07-16,1,4,627,463,47,40
2024-07-17,1,4,627,588,47,42
2024-07-18,1,4,627,536,47,33
2024-07-19,1,4,627,472,47,27
2024-07-20,1,4,627,405,47,32
2024-07-21,1,4,627,379,47,30
2024-07-22,1,4,627,468,47,44
2024-07-23,1,4,627,354,47,32
2024-07-24,1,4,627,456,47,27
2024-07-25,1,4,627,368,47,28
2024-07-26,1,4,627,389,47,41
2024-07-27,1,4,627,451,47,30
2024-07-28,1,4,627,546,47,38
2024-07-29,1,4,627,466,47,30
2024-07-30,1,4,627,512,47,30
2024-07-31,1,4,627,318,47,41
2024-08-01,1,4,627,547,47,39
2024-08-02,1,4,627,410,47,29
2024-08-03,1,4,627,499,47,36
2024-08-04,1,4,627,517,47,44
2024-08-05,1,4,627,412,47,39
2024-08-06,1,4,627,385,47,26
2024-08-07,1,4,627,547,47,43
2024-08-08,1,4,627,513,47,41
2024-08-09,1,4,627,340,47,40
2024-08-10,1,4,627,382,47,18
2024-08-11,1,4,627,455,47,41
2024-08-12,1,4,627,555,47,39
2024-08-13,1,4,627,333,47,26
2024-08-14,1,4,627,530,47,39
2024-08-15,1,4,627,489,47,27
2024-08-16,1,4,627,350,47,19
2024-08-17,1,4,627,368,47,33
2024-08-18,1,4,627,403,47,19
2024-08-19,1,4,627,510,47,37
2024-08-20,1,4,627,432,47,24
2024-08-21,1,4,627,595,47,25
2024-08-22,1,4,627,510,47,39
2024-08-23,1,4,627,515,47,21
2024-08-24,1,4,627,431,47,32
2024-08-25,1,4,627,479,47,37
2024-08-26,1,4,627,355,47,29
2024-08-27,1,4,627,330,47,35
2024-08-28,1,4,627,548,47,31
2024-08-29,1,4,627,345,47,32
2024-08-30,1,4,627,570,47,22
2024-08-31,1,4,627,317,47,18
2024-09-01,1,4,627,338,47,19
2024-09-02,1,4,627,317,47,34
2024-09-03,1,4,627,357,47,39
2024-09-04,1,4,627,455,47,34
2024-09-05,1,4,627,357,47,18
2024-09-06,1,4,627,343,47,32
2024-09-07,1,4,627,332,47,40
2024-09-08,1,4,627,547,47,33
2024-09-09,1,4,627,413,47,39
2024-09-10,1,4,627,318,47,27
2024-09-11,1,4,627,440,47,22
2024-09-12,1,4,627,343,47,23
2024-09-13,1,4,627,547,47,36
2024-09-14,1,4,627,481,47,28
2024-09-15,1,4,627,568,47,30
2024-09-16,1,4,627,538,47,19
2024-09-17,1,4,627,540,47,40
2024-09-18,1,4,627,445,47,30
2024-09-19,1,4,627,392,47,21
2024-09-20,1,4,627,556,47,32
2024-09-21,1,4,627,360,47,32
2024-09-22,1,4,627,595,47,27
2024-09-23,1,4,627,377,47,32
2024-09-24,1,4,627,570,47,31
2024-09-25,1,4,627,314,47,24
2024-09-26,1,4,627,396,47,36
2024-09-27,1,4,627,564,47,33
2024-09-28,1,4,627,326,47,20
2024-09-29,1,4,627,363,47,44
2024-09-30,1,4,627,478,47,20
2024-10-01,1,4,627,524,47,18
2024-10-02,1,4,627,551,47,34
2024-10-03,1,4,627,538,47,35
2024-10-04,1,4,627,557,47,34
2024-10-05,1,4,627,457,47,36
2024-10-06,1,4,627,519,47,21
2024-10-07,1,4,627,361,47,40
2024-10-08,1,4,627,548,47,38
2024-10-09,1,4,627,478,47,24
2024-10-10,1,4,627,580,47,41
2024-10-11,1,4,627,362,47,38
2024-10-12,1,4,627,527,47,36
2024-10-13,1,4,627,348,47,26
2024-10-14,1,4,627,415,47,39
2024-10-15,1,4,627,370,47,21
2024-10-16,1,4,627,389,47,42
2024-10-17,1,4,627,454,47,39
2024-10-18,1,4,627,552,47,44
2024-10-19,1,4,627,463,47,37
2024-10-20,1,4,627,497,47,27
2024-10-21,1,4,627,455,47,34
2024-10-22,1,4,627,328,47,24
2024-10-23,1,4,627,332,47,25
2024-10-24,1,4,627,433,47,26
2024-10-25,1,4,627,363,47,41
2024-10-26,1,4,627,550,47,26
2024-10-27,1,4,627,327,47,22
2024-10-28,1,4,627,368,47,20
2024-10-29,1,4,627,393,47,29
2024-10-30,1,4,627,456,47,35
2024-10-31,1,4,627,479,47,32
2024-11-01,1,4,627,366,47,32
2024-11-02,1,4,627,473,47,34
2024-11-03,1,4,627,589,47,23
2024-11-04,1,4,627,376,47,40
2024-11-05,1,4,627,530,47,27
2024-11-06,1,4,627,485,47,33
2024-11-07,1,4,627,330,47,29
2024-11-08,1,4,627,389,47,25
2024-11-09,1,4,627,427,47,37
2024-11-10,1,4,627,497,47,40
2024-11-11,1,4,627,562,47,24
2024-11-12,1,4,627,356,47,27
2024-11-13,1,4,627,410,47,36
2024-11-14,1,4,627,380,47,29
2024-11-15,1,4,627,422,47,43
2024-11-16,1,4,627,558,47,42
2024-11-17,1,4,627,529,47,27
2024-11-18,1,4,627,505,47,24
2024-11-19,1,4,627,328,47,19
2024-11-20,1,4,627,506,47,29
2024-11-21,1,4,627,539,47,37
2024-11-22,1,4,627,543,47,19
2024-11-23,1,4,627,396,47,19
2024-11-24,1,4,627,377,47,34
2024-11-25,1,4,627,531,47,23
2024-11-26,1,4,627,574,47,38
2024-11-27,1,4,627,416,47,40
2024-11-28,1,4,627,349,47,29
2024-11-29,1,4,627,567,47,18
2024-11-30,1,4,627,359,47,26
2024-12-01,1,4,627,399,47,31
2024-12-02,1,4,627,589,47,26
2024-12-03,1,4,627,450,47,25
2024-12-04,1,4,627,316,47,27
2024-12-05,1,4,627,582,47,33
2024-12-06,1,4,627,512,47,41
2024-12-07,1,4,627,551,47,19
2024-12-08,1,4,627,503,47,40
2024-12-09,1,4,627,501,47,29
2024-12-10,1,4,627,455,47,29
2024-12-11,1,4,627,539,47,20
2024-12-12,1,4,627,396,47,32
2024-12-13,1,4,627,510,47,39
2024-12-14,1,4,627,549,47,44
2024-12-15,1,4,627,525,47,22
2024-12-16,1,4,627,565,47,29
2024-12-17,1,4,627,430,47,33
2024-12-18,1,4,627,316,47,44
2024-12-19,1,4,627,336,47,25
2024-12-20,1,4,627,594,47,39
2024-12-21,1,4,627,492,47,34
2024-12-22,1,4,627,478,47,44
2024-12-23,1,4,627,508,47,40
2024-12-24,1,4,627,474,47,28
2024-12-25,1,4,627,413,47,22
2024-12-26,1,4,627,357,47,37
2024-12-27,1,4,627,387,47,31
2024-12-28,1,4,627,407,47,39
2024-12-29,1,4,627,468,47,36
2024-12-30,1,4,627,417,47,18
2024-12-31,1,4,627,536,47,44
2023-01-01,1,5,627,528,47,34
2023-01-02,1,5,627,565,47,27
2023-01-03,1,5,627,494,47,39
2023-01-04,1,5,627,579,47,25
2023-01-05,1,5,627,352,47,40
2023-01-06,1,5,627,594,47,39
2023-01-07,1,5,627,313,47,38
2023-01-08,1,5,627,511,47,35
2023-01-09,1,5,627,347,47,20
2023-01-10,1,5,627,328,47,18
2023-01-11,1,5,627,418,47,40
2023-01-12,1,5,627,332,47,25
2023-01-13,1,5,627,408,47,44
2023-01-14,1,5,627,513,47,18
2023-01-15,1,5,627,555,47,36
2023-01-16,1,5,627,379,47,22
2023-01-17,1,5,627,391,47,29
2023-01-18,1,5,627,574,47,31
2023-01-19,1,5,627,449,47,27
2023-01-20,1,5,627,481,47,34
2023-01-21,1,5,627,465,47,23
2023-01-22,1,5,627,589,47,33
2023-01-23,1,5,627,408,47,20
2023-01-24,1,5,627,530,47,25
2023-01-25,1,5,627,567,47,29
2023-01-26,1,5,627,465,47,38
2023-01-27,1,5,627,523,47,21
2023-01-28,1,5,627,318,47,32
2023-01-29,1,5,627,317,47,20
2023-01-30,1,5,627,433,47,38
2023-01-31,1,5,627,427,47,28
2023-02-01,1,5,627,341,47,33
2023-02-02,1,5,627,564,47,26
2023-02-03,1,5,627,360,47,33
2023-02-04,1,5,627,508,47,43
2023-02-05,1,5,627,508,47,19
2023-02-06,1,5,627,532,47,28
2023-02-07,1,5,627,439,47,28
2023-02-08,1,5,627,492,47,36
2023-02-09,1,5,627,561,47,43
2023-02-10,1,5,627,328,47,37
2023-02-11,1,5,627,562,47,31
2023-02-12,1,5,627,440,47,31
2023-02-13,1,5,627,351,47,40
2023-02-14,1,5,627,526,47,27
2023-02-15,1,5,627,394,47,21
2023-02-16,1,5,627,492,47,32
2023-02-17,1,5,627,374,47,20
2023-02-18,1,5,627,595,47,25
2023-02-19,1,5,627,322,47,31
2023-02-20,1,5,627,558,47,23
2023-02-21,1,5,627,574,47,19
2023-02-22,1,5,627,436,47,37
2023-02-23,1,5,627,535,47,35
2023-02-24,1,5,627,345,47,26
2023-02-25,1,5,627,579,47,33
2023-02-26,1,5,627,360,47,40
2023-02-27,1,5,627,530,47,25
2023-02-28,1,5,627,380,47,38
2023-03-01,1,5,627,477,47,27
2023-03-02,1,5,627,497,47,22
2023-03-03,1,5,627,474,47,30
2023-03-04,1,5,627,382,47,44
2023-03-05,1,5,627,541,47,44
2023-03-06,1,5,627,490,47,22
2023-03-07,1,5,627,502,47,34
2023-03-08,1,5,627,329,47,33
2023-03-09,1,5,627,457,47,18
2023-03-10,1,5,627,332,47,26
2023-03-11,1,5,627,335,47,24
2023-03-12,1,5,627,386,47,21
2023-03-13,1,5,627,333,47,44
2023-03-14,1,5,627,406,47,34
2023-03-15,1,5,627,443,47,31
2023-03-16,1,5,627,505,47,39
2023-03-17,1,5,627,594,47,18
2023-03-18,1,5,627,363,47,25
2023-03-19,1,5,627,553,47,35
2023-03-20,1,5,627,315,47,35
2023-03-21,1,5,627,358,47,37
2023-03-22,1,5,627,487,47,44
2023-03-23,1,5,627,481,47,23
2023-03-24,1,5,627,587,47,25
2023-03-25,1,5,627,509,47,37
2023-03-26,1,5,627,356,47,22
2023-03-27,1,5,627,579,47,38
2023-03-28,1,5,627,590,47,24
2023-03-29,1,5,627,358,47,40
2023-03-30,1,5,627,563,47,39
2023-03-31,1,5,627,461,47,31
2023-04-01,1,5,627,487,47,38
2023-04-02,1,5,627,571,47,37
2023-04-03,1,5,627,486,47,36
2023-04-04,1,5,627,539,47,24
2023-04-05,1,5,627,543,47,25
2023-04-06,1,5,627,473,47,20
2023-04-07,1,5,627,509,47,32
2023-04-08,1,5,627,542,47,27
2023-04-09,1,5,627,433,47,25
2023-04-10,1,5,627,506,47,20
2023-04-11,1,5,627,424,47,21
2023-04-12,1,5,627,379,47,31
2023-04-13,1,5,627,430,47,40
2023-04-14,1,5,627,431,47,29
2023-04-15,1,5,627,338,47,21
2023-04-16,1,5,627,533,47,19
2023-04-17,1,5,627,533,47,24
2023-04-18,1,5,627,564,47,42
2023-04-19,1,5,627,488,47,34
2023-04-20,1,5,627,595,47,25
2023-04-21,1,5,627,465,47,30
2023-04-22,1,5,627,524,47,42
2023-04-23,1,5,627,380,47,27
2023-04-24,1,5,627,436,47,19
2023-04-25,1,5,627,375,47,28
2023-04-26,1,5,627,570,47,28
2023-04-27,1,5,627,585,47,43
2023-04-28,1,5,627,589,47,27
2023-04-29,1,5,627,469,47,24
2023-04-30,1,5,627,547,47,40
2023-05-01,1,5,627,375,47,32
2023-05-02,1,5,627,577,47,21
2023-05-03,1,5,627,381,47,18
2023-05-04,1,5,627,352,47,35
2023-05-05,1,5,627,426,47,24
2023-05-06,1,5,627,489,47,33
2023-05-07,1,5,627,494,47,39
2023-05-08,1,5,627,338,47,32
2023-05-09,1,5,627,394,47,30
2023-05-10,1,5,627,503,47,38
2023-05-11,1,5,627,523,47,25
2023-05-12,1,5,627,373,47,29
2023-05-13,1,5,627,488,47,44
2023-05-14,1,5,627,413,47,35
2023-05-15,1,5,627,484,47,28
2023-05-16,1,5,627,313,47,26
2023-05-17,1,5,627,313,47,18
2023-05-18,1,5,627,501,47,27
2023-05-19,1,5,627,583,47,41
2023-05-20,1,5,627,580,47,19
2023-05-21,1,5,627,469,47,27
2023-05-22,1,5,627,330,47,28
2023-05-23,1,5,627,429,47,44
2023-05-24,1,5,627,336,47,41
2023-05-25,1,5,627,387,47,22
2023-05-26,1,5,627,497,47,26
2023-05-27,1,5,627,392,47,38
2023-05-28,1,5,627,566,47,31
2023-05-29,1,5,627,467,47,42
2023-05-30,1,5,627,517,47,39
2023-05-31,1,5,627,455,47,37
2023-06-01,1,5,627,581,47,37
2023-06-02,1,5,627,513,47,29
2023-06-03,1,5,627,388,47,31
2023-06-04,1,5,627,438,47,44
2023-06-05,1,5,627,376,47,23
2023-06-06,1,5,627,586,47,19
2023-06-07,1,5,627,333,47,38
2023-06-08,1,5,627,453,47,37
2023-06-09,1,5,627,354,47,36
2023-06-10,1,5,627,424,47,38
2023-06-11,1,5,627,382,47,35
2023-06-12,1,5,627,323,47,39
2023-06-13,1,5,627,588,47,22
2023-06-14,1,5,627,515,47,24
2023-06-15,1,5,627,333,47,36
2023-06-16,1,5,627,462,47,24
2023-06-17,1,5,627,541,47,24
2023-06-18,1,5,627,558,47,31
2023-06-19,1,5,627,344,47,20
2023-06-20,1,5,627,450,47,35
2023-06-21,1,5,627,412,47,30
2023-06-22,1,5,627,330,47,26
2023-06-23,1,5,627,463,47,40
2023-06-24,1,5,627,357,47,36
2023-06-25,1,5,627,447,47,33
2023-06-26,1,5,627,487,47,35
2023-06-27,1,5,627,540,47,30
2023-06-28,1,5,627,525,47,35
2023-06-29,1,5,627,477,47,36
2023-06-30,1,5,627,489,47,44
2023-07-01,1,5,627,549,47,43
2023-07-02,1,5,627,364,47,32
2023-07-03,1,5,627,590,47,36
2023-07-04,1,5,627,482,47,24
2023-07-05,1,5,627,345,47,19
2023-07-06,1,5,627,418,47,21
2023-07-07,1,5,627,548,47,25
2023-07-08,1,5,627,475,47,26
2023-07-09,1,5,627,424,47,21
2023-07-10,1,5,627,403,47,37
2023-07-11,1,5,627,383,47,26
2023-07-12,1,5,627,448,47,27
2023-07-13,1,5,627,400,47,43
2023-07-14,1,5,627,564,47,44
2023-07-15,1,5,627,342,47,27
2023-07-16,1,5,627,444,47,23
2023-07-17,1,5,627,396,47,40
2023-07-18,1,5,627,411,47,43
2023-07-19,1,5,627,443,47,41
2023-07-20,1,5,627,457,47,26
2023-07-21,1,5,627,446,47,44
2023-07-22,1,5,627,517,47,40
2023-07-23,1,5,627,480,47,19
2023-07-24,1,5,627,561,47,43
2023-07-25,1,5,627,545,47,42
2023-07-26,1,5,627,508,47,42
2023-07-27,1,5,627,496,47,26
2023-07-28,1,5,627,358,47,34
2023-07-29,1,5,627,429,47,23
2023-07-30,1,5,627,495,47,42
2023-07-31,1,5,627,392,47,29
2023-08-01,1,5,627,315,47,31
2023-08-02,1,5,627,444,47,20
2023-08-03,1,5,627,591,47,33
2023-08-04,1,5,627,392,47,36
2023-08-05,1,5,627,544,47,24
2023-08-06,1,5,627,576,47,21
2023-08-07,1,5,627,428,47,33
2023-08-08,1,5,627,586,47,19
2023-08-09,1,5,627,337,47,31
2023-08-10,1,5,627,579,47,36
2023-08-11,1,5,627,470,47,21
2023-08-12,1,5,627,407,47,35
2023-08-13,1,5,627,446,47,43
2023-08-14,1,5,627,496,47,41
2023-08-15,1,5,627,518,47,39
2023-08-16,1,5,627,421,47,28
2023-08-17,1,5,627,459,47,18
2023-08-18,1,5,627,394,47,28
2023-08-19,1,5,627,507,47,26
2023-08-20,1,5,627,472,47,18
2023-08-21,1,5,627,465,47,20
2023-08-22,1,5,627,333,47,28
2023-08-23,1,5,627,320,47,33
2023-08-24,1,5,627,362,47,24
2023-08-25,1,5,627,406,47,30
2023-08-26,1,5,627,429,47,23
2023-08-27,1,5,627,570,47,36
2023-08-28,1,5,627,372,47,24
2023-08-29,1,5,627,356,47,28
2023-08-30,1,5,627,576,47,18
2023-08-31,1,5,627,517,47,32
2023-09-01,1,5,627,341,47,32
2023-09-02,1,5,627,327,47,39
2023-09-03,1,5,627,514,47,25
2023-09-04,1,5,627,440,47,27
2023-09-05,1,5,627,479,47,38
2023-09-06,1,5,627,336,47,30
2023-09-07,1,5,627,410,47,33
2023-09-08,1,5,627,579,47,18
2023-09-09,1,5,627,390,47,42
2023-09-10,1,5,627,393,47,43
2023-09-11,1,5,627,348,47,44
2023-09-12,1,5,627,559,47,30
2023-09-13,1,5,627,579,47,36
2023-09-14,1,5,627,367,47,37
2023-09-15,1,5,627,435,47,43
2023-09-16,1,5,627,463,47,42
2023-09-17,1,5,627,497,47,18
2023-09-18,1,5,627,330,47,31
2023-09-19,1,5,627,432,47,38
2023-09-20,1,5,627,320,47,40
2023-09-21,1,5,627,431,47,18
2023-09-22,1,5,627,582,47,43
2023-09-23,1,5,627,545,47,43
2023-09-24,1,5,627,386,47,44
2023-09-25,1,5,627,532,47,19
2023-09-26,1,5,627,475,47,42
2023-09-27,1,5,627,379,47,37
2023-09-28,1,5,627,551,47,29
2023-09-29,1,5,627,585,47,29
2023-09-30,1,5,627,401,47,26
2023-10-01,1,5,627,540,47,24
2023-10-02,1,5,627,356,47,20
2023-10-03,1,5,627,579,47,19
2023-10-04,1,5,627,396,47,29
2023-10-05,1,5,627,578,47,19
2023-10-06,1,5,627,494,47,23
2023-10-07,1,5,627,590,47,26
2023-10-08,1,5,627,366,47,44
2023-10-09,1,5,627,473,47,28
2023-10-10,1,5,627,515,47,35
2023-10-11,1,5,627,578,47,42
2023-10-12,1,5,627,330,47,24
2023-10-13,1,5,627,364,47,38
2023-10-14,1,5,627,458,47,20
2023-10-15,1,5,627,420,47,21
2023-10-16,1,5,627,444,47,41
2023-10-17,1,5,627,414,47,20
2023-10-18,1,5,627,508,47,23
2023-10-19,1,5,627,555,47,42
2023-10-20,1,5,627,515,47,18
2023-10-21,1,5,627,502,47,18
2023-10-22,1,5,627,346,47,33
2023-10-23,1,5,627,337,47,26
2023-10-24,1,5,627,531,47,22
2023-10-25,1,5,627,502,47,36
2023-10-26,1,5,627,514,47,24
2023-10-27,1,5,627,563,47,42
2023-10-28,1,5,627,554,47,44
2023-10-29,1,5,627,481,47,28
2023-10-30,1,5,627,380,47,36
2023-10-31,1,5,627,428,47,34
2023-11-01,1,5,627,399,47,44
2023-11-02,1,5,627,340,47,43
2023-11-03,1,5,627,322,47,21
2023-11-04,1,5,627,542,47,19
2023-11-05,1,5,627,546,47,26
2023-11-06,1,5,627,435,47,21
2023-11-07,1,5,627,398,47,21
2023-11-08,1,5,627,442,47,44
2023-11-09,1,5,627,465,47,40
2023-11-10,1,5,627,579,47,28
2023-11-11,1,5,627,560,47,27
2023-11-12,1,5,627,316,47,24
2023-11-13,1,5,627,401,47,32
2023-11-14,1,5,627,382,47,41
2023-11-15,1,5,627,562,47,25
2023-11-16,1,5,627,458,47,28
2023-11-17,1,5,627,382,47,42
2023-11-18,1,5,627,317,47,22
2023-11-19,1,5,627,579,47,41
2023-11-20,1,5,627,363,47,44
2023-11-21,1,5,627,459,47,31
2023-11-22,1,5,627,593,47,41
2023-11-23,1,5,627,561,47,33
2023-11-24,1,5,627,362,47,29
2023-11-25,1,5,627,441,47,32
2023-11-26,1,5,627,457,47,36
2023-11-27,1,5,627,514,47,22
2023-11-28,1,5,627,404,47,37
2023-11-29,1,5,627,456,47,20
2023-11-30,1,5,627,379,47,33
2023-12-01,1,5,627,572,47,23
2023-12-02,1,5,627,568,47,28
2023-12-03,1,5,627,319,47,19
2023-12-04,1,5,627,539,47,21
2023-12-05,1,5,627,507,47,30
2023-12-06,1,5,627,549,47,25
2023-12-07,1,5,627,420,47,39
2023-12-08,1,5,627,451,47,42
2023-12-09,1,5,627,338,47,43
2023-12-10,1,5,627,343,47,33
2023-12-11,1,5,627,542,47,29
2023-12-12,1,5,627,578,47,43
2023-12-13,1,5,627,392,47,28
2023-12-14,1,5,627,571,47,30
2023-12-15,1,5,627,343,47,31
2023-12-16,1,5,627,580,47,20
2023-12-17,1,5,627,333,47,25
2023-12-18,1,5,627,486,47,31
2023-12-19,1,5,627,512,47,36
2023-12-20,1,5,627,531,47,36
2023-12-21,1,5,627,402,47,29
2023-12-22,1,5,627,372,47,30
2023-12-23,1,5,627,486,47,37
2023-12-24,1,5,627,347,47,36
2023-12-25,1,5,627,580,47,24
2023-12-26,1,5,627,470,47,37
2023-12-27,1,5,627,316,47,29
2023-12-28,1,5,627,417,47,41
2023-12-29,1,5,627,448,47,31
2023-12-30,1,5,627,333,47,18
2023-12-31,1,5,627,507,47,28
2024-01-01,1,5,627,529,47,18
2024-01-02,1,5,627,556,47,30
2024-01-03,1,5,627,320,47,19
2024-01-04,1,5,627,464,47,32
2024-01-05,1,5,627,451,47,38
2024-01-06,1,5,627,556,47,19
2024-01-07,1,5,627,468,47,37
2024-01-08,1,5,627,459,47,26
2024-01-09,1,5,627,348,47,23
2024-01-10,1,5,627,356,47,37
2024-01-11,1,5,627,478,47,26
2024-01-12,1,5,627,447,47,40
2024-01-13,1,5,627,455,47,44
2024-01-14,1,5,627,552,47,23
2024-01-15,1,5,627,411,47,34
2024-01-16,1,5,627,559,47,44
2024-01-17,1,5,627,450,47,19
2024-01-18,1,5,627,558,47,40
2024-01-19,1,5,627,520,47,40
2024-01-20,1,5,627,447,47,24
2024-01-21,1,5,627,348,47,33
2024-01-22,1,5,627,368,47,18
2024-01-23,1,5,627,484,47,24
2024-01-24,1,5,627,502,47,35
2024-01-25,1,5,627,518,47,35
2024-01-26,1,5,627,575,47,38
2024-01-27,1,5,627,563,47,18
2024-01-28,1,5,627,346,47,26
2024-01-29,1,5,627,360,47,24
2024-01-30,1,5,627,323,47,21
2024-01-31,1,5,627,444,47,38
2024-02-01,1,5,627,324,47,30
2024-02-02,1,5,627,365,47,37
2024-02-03,1,5,627,593,47,36
2024-02-04,1,5,627,493,47,30
2024-02-05,1,5,627,343,47,34
2024-02-06,1,5,627,313,47,37
2024-02-07,1,5,627,320,47,30
2024-02-08,1,5,627,321,47,21
2024-02-09,1,5,627,413,47,26
2024-02-10,1,5,627,398,47,24
2024-02-11,1,5,627,333,47,44
2024-02-12,1,5,627,521,47,32
2024-02-13,1,5,627,476,47,28
2024-02-14,1,5,627,344,47,35
2024-02-15,1,5,627,565,47,35
2024-02-16,1,5,627,579,47,23
2024-02-17,1,5,627,586,47,25
2024-02-18,1,5,627,392,47,27
2024-02-19,1,5,627,568,47,41
2024-02-20,1,5,627,393,47,44
2024-02-21,1,5,627,554,47,37
2024-02-22,1,5,627,464,47,39
2024-02-23,1,5,627,489,47,20
2024-02-24,1,5,627,515,47,24
2024-02-25,1,5,627,369,47,34
2024-02-26,1,5,627,470,47,31
2024-02-27,1,5,627,342,47,35
2024-02-28,1,5,627,452,47,23
2024-02-29,1,5,627,426,47,40
2024-03-01,1,5,627,507,47,18
2024-03-02,1,5,627,485,47,34
2024-03-03,1,5,627,455,47,20
2024-03-04,1,5,627,572,47,35
2024-03-05,1,5,627,462,47,36
2024-03-06,1,5,627,555,47,18
2024-03-07,1,5,627,325,47,39
2024-03-08,1,5,627,354,47,25
2024-03-09,1,5,627,480,47,30
2024-03-10,1,5,627,514,47,40
2024-03-11,1,5,627,517,47,29
2024-03-12,1,5,627,397,47,35
2024-03-13,1,5,627,573,47,20
2024-03-14,1,5,627,579,47,28
2024-03-15,1,5,627,503,47,18
2024-03-16,1,5,627,494,47,29
2024-03-17,1,5,627,465,47,41
2024-03-18,1,5,627,503,47,36
2024-03-19,1,5,627,567,47,22
2024-03-20,1,5,627,327,47,23
2024-03-21,1,5,627,594,47,40
2024-03-22,1,5,627,537,47,30
2024-03-23,1,5,627,511,47,19
2024-03-24,1,5,627,589,47,21
2024-03-25,1,5,627,354,47,34
2024-03-26,1,5,627,382,47,38
2024-03-27,1,5,627,417,47,23
2024-03-28,1,5,627,334,47,35
2024-03-29,1,5,627,484,47,42
2024-03-30,1,5,627,573,47,38
2024-03-31,1,5,627,489,47,33
2024-04-01,1,5,627,526,47,25
2024-04-02,1,5,627,580,47,28
2024-04-03,1,5,627,573,47,18
2024-04-04,1,5,627,329,47,32
2024-04-05,1,5,627,579,47,43
2024-04-06,1,5,627,550,47,33
2024-04-07,1,5,627,410,47,26
2024-04-08,1,5,627,545,47,24
2024-04-09,1,5,627,559,47,26
2024-04-10,1,5,627,487,47,18
2024-04-11,1,5,627,514,47,36
2024-04-12,1,5,627,530,47,37
2024-04-13,1,5,627,333,47,26
2024-04-14,1,5,627,477,47,40
2024-04-15,1,5,627,472,47,21
2024-04-16,1,5,627,347,47,32
2024-04-17,1,5,627,565,47,21
2024-04-18,1,5,627,371,47,33
2024-04-19,1,5,627,539,47,25
2024-04-20,1,5,627,452,47,22
2024-04-21,1,5,627,590,47,35
2024-04-22,1,5,627,409,47,44
2024-04-23,1,5,627,545,47,26
2024-04-24,1,5,627,350,47,43
2024-04-25,1,5,627,544,47,33
2024-04-26,1,5,627,331,47,27
2024-04-27,1,5,627,338,47,44
2024-04-28,1,5,627,544,47,41
2024-04-29,1,5,627,578,47,21
2024-04-30,1,5,627,375,47,28
2024-05-01,1,5,627,336,47,24
2024-05-02,1,5,627,406,47,20
2024-05-03,1,5,627,566,47,24
2024-05-04,1,5,627,407,47,32
2024-05-05,1,5,627,369,47,37
2024-05-06,1,5,627,438,47,41
2024-05-07,1,5,627,548,47,18
2024-05-08,1,5,627,572,47,28
2024-05-09,1,5,627,392,47,41
2024-05-10,1,5,627,431,47,24
2024-05-11,1,5,627,527,47,31
2024-05-12,1,5,627,374,47,44
2024-05-13,1,5,627,448,47,39
2024-05-14,1,5,627,362,47,22
2024-05-15,1,5,627,462,47,38
2024-05-16,1,5,627,359,47,21
2024-05-17,1,5,627,500,47,32
2024-05-18,1,5,627,555,47,23
2024-05-19,1,5,627,556,47,22
2024-05-20,1,5,627,398,47,39
2024-05-21,1,5,627,520,47,41
2024-05-22,1,5,627,476,47,29
2024-05-23,1,5,627,517,47,36
2024-05-24,1,5,627,439,47,18
2024-05-25,1,5,627,487,47,28
2024-05-26,1,5,627,594,47,22
2024-05-27,1,5,627,558,47,20
2024-05-28,1,5,627,392,47,26
2024-05-29,1,5,627,544,47,39
2024-05-30,1,5,627,508,47,43
2024-05-31,1,5,627,341,47,29
2024-06-01,1,5,627,440,47,41
2024-06-02,1,5,627,576,47,31
2024-06-03,1,5,627,367,47,36
2024-06-04,1,5,627,440,47,37
2024-06-05,1,5,627,551,47,19
2024-06-06,1,5,627,490,47,37
2024-06-07,1,5,627,364,47,33
2024-06-08,1,5,627,551,47,32
2024-06-09,1,5,627,555,47,24
2024-06-10,1,5,627,390,47,18
2024-06-11,1,5,627,328,47,44
2024-06-12,1,5,627,325,47,41
2024-06-13,1,5,627,546,47,27
2024-06-14,1,5,627,493,47,39
2024-06-15,1,5,627,459,47,20
2024-06-16,1,5,627,520,47,33
2024-06-17,1,5,627,452,47,44
2024-06-18,1,5,627,488,47,25
2024-06-19,1,5,627,469,47,44
2024-06-20,1,5,627,469,47,39
2024-06-21,1,5,627,357,47,34
2024-06-22,1,5,627,353,47,30
2024-06-23,1,5,627,397,47,20
2024-06-24,1,5,627,429,47,42
2024-06-25,1,5,627,313,47,43
2024-06-26,1,5,627,391,47,23
2024-06-27,1,5,627,522,47,25
2024-06-28,1,5,627,445,47,32
2024-06-29,1,5,627,348,47,43
2024-06-30,1,5,627,411,47,41
2024-07-01,1,5,627,366,47,21
2024-07-02,1,5,627,427,47,36
2024-07-03,1,5,627,549,47,44
2024-07-04,1,5,627,526,47,23
2024-07-05,1,5,627,432,47,28
2024-07-06,1,5,627,326,47,19
2024-07-07,1,5,627,480,47,18
2024-07-08,1,5,627,407,47,36
2024-07-09,1,5,627,593,47,26
2024-07-10,1,5,627,362,47,41
2024-07-11,1,5,627,459,47,25
2024-07-12,1,5,627,379,47,32
2024-07-13,1,5,627,427,47,19
2024-07-14,1,5,627,336,47,38
2024-07-15,1,5,627,429,47,20
2024-07-16,1,5,627,381,47,22
2024-07-17,1,5,627,362,47,18
2024-07-18,1,5,627,320,47,38
2024-07-19,1,5,627,385,47,32
2024-07-20,1,5,627,461,47,27
2024-07-21,1,5,627,382,47,42
2024-07-22,1,5,627,588,47,25
2024-07-23,1,5,627,466,47,22
2024-07-24,1,5,627,560,47,18
2024-07-25,1,5,627,405,47,30
2024-07-26,1,5,627,529,47,32
2024-07-27,1,5,627,416,47,22
2024-07-28,1,5,627,593,47,21
2024-07-29,1,5,627,550,47,28
2024-07-30,1,5,627,382,47,41
2024-07-31,1,5,627,539,47,18
2024-08-01,1,5,627,548,47,31
2024-08-02,1,5,627,473,47,22
2024-08-03,1,5,627,386,47,22
2024-08-04,1,5,627,523,47,38
2024-08-05,1,5,627,529,47,38
2024-08-06,1,5,627,560,47,24
2024-08-07,1,5,627,345,47,43
2024-08-08,1,5,627,503,47,31
2024-08-09,1,5,627,557,47,43
2024-08-10,1,5,627,378,47,37
2024-08-11,1,5,627,319,47,27
2024-08-12,1,5,627,557,47,32
2024-08-13,1,5,627,582,47,23
2024-08-14,1,5,627,423,47,40
2024-08-15,1,5,627,559,47,26
2024-08-16,1,5,627,590,47,30
2024-08-17,1,5,627,335,47,24
2024-08-18,1,5,627,334,47,37
2024-08-19,1,5,627,436,47,19
2024-08-20,1,5,627,399,47,36
2024-08-21,1,5,627,353,47,35
2024-08-22,1,5,627,484,47,36
2024-08-23,1,5,627,506,47,22
2024-08-24,1,5,627,466,47,25
2024-08-25,1,5,627,411,47,40
2024-08-26,1,5,627,581,47,20
2024-08-27,1,5,627,491,47,38
2024-08-28,1,5,627,506,47,43
2024-08-29,1,5,627,473,47,27
2024-08-30,1,5,627,453,47,41
2024-08-31,1,5,627,315,47,35
2024-09-01,1,5,627,374,47,27
2024-09-02,1,5,627,446,47,25
2024-09-03,1,5,627,459,47,35
2024-09-04,1,5,627,406,47,29
2024-09-05,1,5,627,382,47,36
2024-09-06,1,5,627,433,47,18
2024-09-07,1,5,627,314,47,43
2024-09-08,1,5,627,433,47,37
2024-09-09,1,5,627,450,47,25
2024-09-10,1,5,627,470,47,38
2024-09-11,1,5,627,397,47,32
2024-09-12,1,5,627,504,47,27
2024-09-13,1,5,627,455,47,18
2024-09-14,1,5,627,401,47,19
2024-09-15,1,5,627,512,47,27
2024-09-16,1,5,627,392,47,38
2024-09-17,1,5,627,547,47,42
2024-09-18,1,5,627,340,47,43
2024-09-19,1,5,627,587,47,38
2024-09-20,1,5,627,387,47,31
2024-09-21,1,5,627,450,47,42
2024-09-22,1,5,627,503,47,32
2024-09-23,1,5,627,565,47,39
2024-09-24,1,5,627,522,47,34
2024-09-25,1,5,627,504,47,18
2024-09-26,1,5,627,556,47,32
2024-09-27,1,5,627,425,47,23
2024-09-28,1,5,627,421,47,33
2024-09-29,1,5,627,429,47,40
2024-09-30,1,5,627,357,47,35
2024-10-01,1,5,627,391,47,26
2024-10-02,1,5,627,493,47,30
2024-10-03,1,5,627,564,47,29
2024-10-04,1,5,627,347,47,24
2024-10-05,1,5,627,316,47,33
2024-10-06,1,5,627,370,47,37
2024-10-07,1,5,627,341,47,34
2024-10-08,1,5,627,539,47,38
2024-10-09,1,5,627,480,47,37
2024-10-10,1,5,627,496,47,24
2024-10-11,1,5,627,403,47,32
2024-10-12,1,5,627,541,47,26
2024-10-13,1,5,627,480,47,36
2024-10-14,1,5,627,360,47,40
2024-10-15,1,5,627,346,47,29
2024-10-16,1,5,627,515,47,18
2024-10-17,1,5,627,522,47,33
2024-10-18,1,5,627,353,47,26
2024-10-19,1,5,627,456,47,41
2024-10-20,1,5,627,563,47,40
2024-10-21,1,5,627,327,47,28
2024-10-22,1,5,627,347,47,32
2024-10-23,1,5,627,406,47,30
2024-10-24,1,5,627,443,47,35
2024-10-25,1,5,627,348,47,33
2024-10-26,1,5,627,419,47,22
2024-10-27,1,5,627,396,47,19
2024-10-28,1,5,627,321,47,18
2024-10-29,1,5,627,504,47,38
2024-10-30,1,5,627,405,47,35
2024-10-31,1,5,627,564,47,35
2024-11-01,1,5,627,393,47,18
2024-11-02,1,5,627,523,47,37
2024-11-03,1,5,627,593,47,43
2024-11-04,1,5,627,445,47,43
2024-11-05,1,5,627,558,47,27
2024-11-06,1,5,627,513,47,44
2024-11-07,1,5,627,553,47,22
2024-11-08,1,5,627,314,47,31
2024-11-09,1,5,627,437,47,22
2024-11-10,1,5,627,542,47,42
2024-11-11,1,5,627,539,47,44
2024-11-12,1,5,627,481,47,41
2024-11-13,1,5,627,452,47,24
2024-11-14,1,5,627,537,47,29
2024-11-15,1,5,627,392,47,29
2024-11-16,1,5,627,446,47,33
2024-11-17,1,5,627,454,47,37
2024-11-18,1,5,627,367,47,23
2024-11-19,1,5,627,480,47,30
2024-11-20,1,5,627,353,47,23
2024-11-21,1,5,627,556,47,43
2024-11-22,1,5,627,535,47,34
2024-11-23,1,5,627,464,47,41
2024-11-24,1,5,627,452,47,34
2024-11-25,1,5,627,516,47,27
2024-11-26,1,5,627,413,47,31
2024-11-27,1,5,627,590,47,39
2024-11-28,1,5,627,430,47,36
2024-11-29,1,5,627,472,47,23
2024-11-30,1,5,627,504,47,23
2024-12-01,1,5,627,431,47,32
2024-12-02,1,5,627,335,47,23
2024-12-03,1,5,627,359,47,24
2024-12-04,1,5,627,529,47,44
2024-12-05,1,5,627,404,47,25
2024-12-06,1,5,627,420,47,24
2024-12-07,1,5,627,531,47,24
2024-12-08,1,5,627,373,47,25
2024-12-09,1,5,627,432,47,42
2024-12-10,1,5,627,441,47,20
2024-12-11,1,5,627,333,47,19
2024-12-12,1,5,627,319,47,28
2024-12-13,1,5,627,547,47,32
2024-12-14,1,5,627,534,47,33
2024-12-15,1,5,627,345,47,19
2024-12-16,1,5,627,362,47,37
2024-12-17,1,5,627,435,47,41
2024-12-18,1,5,627,373,47,18
2024-12-19,1,5,627,358,47,42
2024-12-20,1,5,627,361,47,31
2024-12-21,1,5,627,525,47,30
2024-12-22,1,5,627,330,47,31
2024-12-23,1,5,627,495,47,42
2024-12-24,1,5,627,534,47,39
2024-12-25,1,5,627,333,47,32
2024-12-26,1,5,627,584,47,27
2024-12-27,1,5,627,336,47,26
2024-12-28,1,5,627,590,47,25
2024-12-29,1,5,627,591,47,44
2024-12-30,1,5,627,515,47,18
2024-12-31,1,5,627,341,47,28
2023-01-01,1,6,627,487,47,40
2023-01-02,1,6,627,431,47,23
2023-01-03,1,6,627,527,47,27
2023-01-04,1,6,627,410,47,23
2023-01-05,1,6,627,522,47,38
2023-01-06,1,6,627,538,47,43
2023-01-07,1,6,627,490,47,36
2023-01-08,1,6,627,362,47,21
2023-01-09,1,6,627,340,47,26
2023-01-10,1,6,627,357,47,23
2023-01-11,1,6,627,361,47,40
2023-01-12,1,6,627,560,47,38
2023-01-13,1,6,627,473,47,21
2023-01-14,1,6,627,399,47,36
2023-01-15,1,6,627,333,47,23
2023-01-16,1,6,627,481,47,25
2023-01-17,1,6,627,344,47,35
2023-01-18,1,6,627,341,47,31
2023-01-19,1,6,627,335,47,25
2023-01-20,1,6,627,500,47,43
2023-01-21,1,6,627,554,47,22
2023-01-22,1,6,627,468,47,18
2023-01-23,1,6,627,545,47,31
2023-01-24,1,6,627,479,47,37
2023-01-25,1,6,627,448,47,42
2023-01-26,1,6,627,400,47,23
2023-01-27,1,6,627,577,47,31
2023-01-28,1,6,627,497,47,38
2023-01-29,1,6,627,564,47,38
2023-01-30,1,6,627,327,47,42
2023-01-31,1,6,627,353,47,44
2023-02-01,1,6,627,591,47,28
2023-02-02,1,6,627,545,47,37
2023-02-03,1,6,627,430,47,37
2023-02-04,1,6,627,458,47,41
2023-02-05,1,6,627,484,47,22
2023-02-06,1,6,627,579,47,27
2023-02-07,1,6,627,423,47,38
2023-02-08,1,6,627,501,47,26
2023-02-09,1,6,627,451,47,24
2023-02-10,1,6,627,512,47,23
2023-02-11,1,6,627,446,47,33
2023-02-12,1,6,627,416,47,24
2023-02-13,1,6,627,535,47,33
2023-02-14,1,6,627,547,47,44
2023-02-15,1,6,627,392,47,25
2023-02-16,1,6,627,584,47,36
2023-02-17,1,6,627,356,47,19
2023-02-18,1,6,627,573,47,38
2023-02-19,1,6,627,410,47,41
2023-02-20,1,6,627,379,47,24
2023-02-21,1,6,627,412,47,43
2023-02-22,1,6,627,531,47,20
2023-02-23,1,6,627,476,47,29
2023-02-24,1,6,627,396,47,29
2023-02-25,1,6,627,484,47,30
2023-02-26,1,6,627,487,47,35
2023-02-27,1,6,627,322,47,29
2023-02-28,1,6,627,422,47,35
2023-03-01,1,6,627,478,47,31
2023-03-02,1,6,627,447,47,31
2023-03-03,1,6,627,430,47,36
2023-03-04,1,6,627,588,47,38
2023-03-05,1,6,627,454,47,30
2023-03-06,1,6,627,475,47,34
2023-03-07,1,6,627,367,47,35
2023-03-08,1,6,627,494,47,38
2023-03-09,1,6,627,554,47,27
2023-03-10,1,6,627,562,47,43
2023-03-11,1,6,627,485,47,20
2023-03-12,1,6,627,475,47,36
2023-03-13,1,6,627,317,47,31
2023-03-14,1,6,627,485,47,35
2023-03-15,1,6,627,440,47,39
2023-03-16,1,6,627,458,47,36
2023-03-17,1,6,627,512,47,27
2023-03-18,1,6,627,482,47,20
2023-03-19,1,6,627,523,47,33
2023-03-20,1,6,627,412,47,37
2023-03-21,1,6,627,341,47,43
2023-03-22,1,6,627,484,47,30
2023-03-23,1,6,627,350,47,18
2023-03-24,1,6,627,478,47,38
2023-03-25,1,6,627,492,47,19
2023-03-26,1,6,627,434,47,31
2023-03-27,1,6,627,534,47,38
2023-03-28,1,6,627,551,47,27
2023-03-29,1,6,627,434,47,26
2023-03-30,1,6,627,583,47,24
2023-03-31,1,6,627,553,47,30
2023-04-01,1,6,627,487,47,33
2023-04-02,1,6,627,413,47,32
2023-04-03,1,6,627,574,47,39
2023-04-04,1,6,627,576,47,34
2023-04-05,1,6,627,472,47,31
2023-04-06,1,6,627,460,47,40
2023-04-07,1,6,627,415,47,23
2023-04-08,1,6,627,433,47,36
2023-04-09,1,6,627,573,47,29
2023-04-10,1,6,627,475,47,33
2023-04-11,1,6,627,493,47,19
2023-04-12,1,6,627,359,47,26
2023-04-13,1,6,627,521,47,31
2023-04-14,1,6,627,347,47,32
2023-04-15,1,6,627,461,47,41
2023-04-16,1,6,627,560,47,23
2023-04-17,1,6,627,343,47,23
2023-04-18,1,6,627,360,47,28
2023-04-19,1,6,627,590,47,26
2023-04-20,1,6,627,490,47,29
2023-04-21,1,6,627,417,47,19
2023-04-22,1,6,627,548,47,29
2023-04-23,1,6,627,446,47,18
2023-04-24,1,6,627,367,47,34
2023-04-25,1,6,627,391,47,40
2023-04-26,1,6,627,528,47,22
2023-04-27,1,6,627,435,47,37
2023-04-28,1,6,627,570,47,39
2023-04-29,1,6,627,362,47,29
2023-04-30,1,6,627,335,47,33
2023-05-01,1,6,627,457,47,28
2023-05-02,1,6,627,507,47,31
2023-05-03,1,6,627,518,47,37
2023-05-04,1,6,627,573,47,21
2023-05-05,1,6,627,543,47,18
2023-05-06,1,6,627,497,47,35
2023-05-07,1,6,627,346,47,39
2023-05-08,1,6,627,393,47,25
2023-05-09,1,6,627,486,47,43
2023-05-10,1,6,627,347,47,32
2023-05-11,1,6,627,572,47,33
2023-05-12,1,6,627,521,47,22
2023-05-13,1,6,627,555,47,30
2023-05-14,1,6,627,344,47,35
2023-05-15,1,6,627,446,47,25
2023-05-16,1,6,627,566,47,19
2023-05-17,1,6,627,351,47,20
2023-05-18,1,6,627,458,47,18
2023-05-19,1,6,627,516,47,44
2023-05-20,1,6,627,460,47,44
2023-05-21,1,6,627,414,47,25
2023-05-22,1,6,627,427,47,38
2023-05-23,1,6,627,581,47,41
2023-05-24,1,6,627,446,47,27
2023-05-25,1,6,627,533,47,37
2023-05-26,1,6,627,370,47,19
2023-05-27,1,6,627,511,47,35
2023-05-28,1,6,627,426,47,36
2023-05-29,1,6,627,494,47,43
2023-05-30,1,6,627,443,47,36
2023-05-31,1,6,627,475,47,36
2023-06-01,1,6,627,593,47,35
2023-06-02,1,6,627,595,47,35
2023-06-03,1,6,627,510,47,25
2023-06-04,1,6,627,375,47,36
2023-06-05,1,6,627,467,47,26
2023-06-06,1,6,627,569,47,27
2023-06-07,1,6,627,547,47,44
2023-06-08,1,6,627,440,47,39
2023-06-09,1,6,627,354,47,43
2023-06-10,1,6,627,501,47,27
2023-06-11,1,6,627,319,47,22
2023-06-12,1,6,627,460,47,31
2023-06-13,1,6,627,488,47,36
2023-06-14,1,6,627,400,47,20
2023-06-15,1,6,627,421,47,29
2023-06-16,1,6,627,400,47,38
2023-06-17,1,6,627,421,47,41
2023-06-18,1,6,627,490,47,30
2023-06-19,1,6,627,566,47,22
2023-06-20,1,6,627,461,47,36
2023-06-21,1,6,627,354,47,24
2023-06-22,1,6,627,466,47,29
2023-06-23,1,6,627,523,47,44
2023-06-24,1,6,627,410,47,18
2023-06-25,1,6,627,502,47,26
2023-06-26,1,6,627,571,47,44
2023-06-27,1,6,627,558,47,41
2023-06-28,1,6,627,398,47,40
2023-06-29,1,6,627,359,47,36
2023-06-30,1,6,627,465,47,36
2023-07-01,1,6,627,476,47,18
2023-07-02,1,6,627,458,47,22
2023-07-03,1,6,627,590,47,33
2023-07-04,1,6,627,331,47,26
2023-07-05,1,6,627,573,47,38
2023-07-06,1,6,627,456,47,30
2023-07-07,1,6,627,356,47,22
2023-07-08,1,6,627,320,47,32
2023-07-09,1,6,627,357,47,35
2023-07-10,1,6,627,489,47,29
2023-07-11,1,6,627,407,47,22
2023-07-12,1,6,627,535,47,20
2023-07-13,1,6,627,586,47,31
2023-07-14,1,6,627,363,47,33
2023-07-15,1,6,627,399,47,27
2023-07-16,1,6,627,586,47,43
2023-07-17,1,6,627,501,47,44
2023-07-18,1,6,627,490,47,29
2023-07-19,1,6,627,385,47,29
2023-07-20,1,6,627,557,47,33
2023-07-21,1,6,627,491,47,40
2023-07-22,1,6,627,507,47,31
2023-07-23,1,6,627,453,47,21
2023-07-24,1,6,627,543,47,31
2023-07-25,1,6,627,345,47,44
2023-07-26,1,6,627,487,47,33
2023-07-27,1,6,627,550,47,41
2023-07-28,1,6,627,422,47,21
2023-07-29,1,6,627,480,47,27
2023-07-30,1,6,627,363,47,22
2023-07-31,1,6,627,542,47,40
2023-08-01,1,6,627,394,47,31
2023-08-02,1,6,627,376,47,18
2023-08-03,1,6,627,449,47,37
2023-08-04,1,6,627,443,47,35
2023-08-05,1,6,627,427,47,32
2023-08-06,1,6,627,417,47,30
2023-08-07,1,6,627,351,47,26
2023-08-08,1,6,627,402,47,43
2023-08-09,1,6,627,593,47,42
2023-08-10,1,6,627,393,47,43
2023-08-11,1,6,627,510,47,26
2023-08-12,1,6,627,375,47,19
2023-08-13,1,6,627,509,47,25
2023-08-14,1,6,627,446,47,24
2023-08-15,1,6,627,590,47,40
2023-08-16,1,6,627,388,47,20
2023-08-17,1,6,627,572,47,32
2023-08-18,1,6,627,487,47,21
2023-08-19,1,6,627,456,47,32
2023-08-20,1,6,627,535,47,28
2023-08-21,1,6,627,536,47,43
2023-08-22,1,6,627,420,47,28
2023-08-23,1,6,627,520,47,32
2023-08-24,1,6,627,578,47,34
2023-08-25,1,6,627,526,47,37
2023-08-26,1,6,627,398,47,35
2023-08-27,1,6,627,524,47,20
2023-08-28,1,6,627,538,47,27
2023-08-29,1,6,627,317,47,33
2023-08-30,1,6,627,530,47,35
2023-08-31,1,6,627,578,47,28
2023-09-01,1,6,627,454,47,32
2023-09-02,1,6,627,377,47,42
2023-09-03,1,6,627,554,47,25
2023-09-04,1,6,627,484,47,28
2023-09-05,1,6,627,445,47,18
2023-09-06,1,6,627,395,47,40
2023-09-07,1,6,627,518,47,44
2023-09-08,1,6,627,420,47,23
2023-09-09,1,6,627,457,47,40
2023-09-10,1,6,627,472,47,26
2023-09-11,1,6,627,581,47,33
2023-09-12,1,6,627,411,47,18
2023-09-13,1,6,627,581,47,42
2023-09-14,1,6,627,324,47,26
2023-09-15,1,6,627,451,47,44
2023-09-16,1,6,627,529,47,30
2023-09-17,1,6,627,435,47,33
2023-09-18,1,6,627,426,47,43
2023-09-19,1,6,627,522,47,23
2023-09-20,1,6,627,532,47,23
2023-09-21,1,6,627,538,47,38
2023-09-22,1,6,627,320,47,44
2023-09-23,1,6,627,501,47,31
2023-09-24,1,6,627,485,47,22
2023-09-25,1,6,627,440,47,29
2023-09-26,1,6,627,342,47,31
2023-09-27,1,6,627,562,47,21
2023-09-28,1,6,627,560,47,44
2023-09-29,1,6,627,514,47,29
2023-09-30,1,6,627,433,47,22
2023-10-01,1,6,627,444,47,44
2023-10-02,1,6,627,409,47,29
2023-10-03,1,6,627,520,47,42
2023-10-04,1,6,627,429,47,21
2023-10-05,1,6,627,479,47,32
2023-10-06,1,6,627,347,47,35
2023-10-07,1,6,627,373,47,25
2023-10-08,1,6,627,405,47,26
2023-10-09,1,6,627,428,47,38
2023-10-10,1,6,627,317,47,18
2023-10-11,1,6,627,351,47,36
2023-10-12,1,6,627,448,47,38
2023-10-13,1,6,627,551,47,22
2023-10-14,1,6,627,335,47,21
2023-10-15,1,6,627,513,47,38
2023-10-16,1,6,627,451,47,29
2023-10-17,1,6,627,379,47,35
2023-10-18,1,6,627,500,47,31
2023-10-19,1,6,627,496,47,18
2023-10-20,1,6,627,389,47,21
2023-10-21,1,6,627,420,47,43
2023-10-22,1,6,627,503,47,31
2023-10-23,1,6,627,444,47,31
2023-10-24,1,6,627,544,47,37
2023-10-25,1,6,627,330,47,20
2023-10-26,1,6,627,418,47,35
2023-10-27,1,6,627,492,47,20
2023-10-28,1,6,627,428,47,22
2023-10-29,1,6,627,365,47,43
2023-10-30,1,6,627,415,47,37
2023-10-31,1,6,627,531,47,36
2023-11-01,1,6,627,582,47,36
2023-11-02,1,6,627,392,47,38
2023-11-03,1,6,627,364,47,19
2023-11-04,1,6,627,361,47,41
2023-11-05,1,6,627,576,47,40
2023-11-06,1,6,627,358,47,33
2023-11-07,1,6,627,375,47,23
2023-11-08,1,6,627,410,47,31
2023-11-09,1,6,627,588,47,41
2023-11-10,1,6,627,414,47,31
2023-11-11,1,6,627,532,47,39
2023-11-12,1,6,627,585,47,20
2023-11-13,1,6,627,413,47,34
2023-11-14,1,6,627,585,47,36
2023-11-15,1,6,627,458,47,19
2023-11-16,1,6,627,377,47,42
2023-11-17,1,6,627,579,47,28
2023-11-18,1,6,627,492,47,36
2023-11-19,1,6,627,487,47,21
2023-11-20,1,6,627,548,47,31
2023-11-21,1,6,627,447,47,40
2023-11-22,1,6,627,331,47,20
2023-11-23,1,6,627,425,47,40
2023-11-24,1,6,627,360,47,32
2023-11-25,1,6,627,457,47,39
2023-11-26,1,6,627,317,47,23
2023-11-27,1,6,627,383,47,41
2023-11-28,1,6,627,533,47,44
2023-11-29,1,6,627,381,47,32
2023-11-30,1,6,627,489,47,40
2023-12-01,1,6,627,339,47,18
2023-12-02,1,6,627,576,47,31
2023-12-03,1,6,627,458,47,39
2023-12-04,1,6,627,579,47,23
2023-12-05,1,6,627,412,47,35
2023-12-06,1,6,627,438,47,25
2023-12-07,1,6,627,456,47,19
2023-12-08,1,6,627,586,47,19
2023-12-09,1,6,627,475,47,24
2023-12-10,1,6,627,464,47,33
2023-12-11,1,6,627,528,47,23
2023-12-12,1,6,627,515,47,33
2023-12-13,1,6,627,559,47,41
2023-12-14,1,6,627,553,47,33
2023-12-15,1,6,627,595,47,27
2023-12-16,1,6,627,443,47,28
2023-12-17,1,6,627,441,47,39
2023-12-18,1,6,627,313,47,42
2023-12-19,1,6,627,497,47,27
2023-12-20,1,6,627,560,47,42
2023-12-21,1,6,627,400,47,29
2023-12-22,1,6,627,581,47,36
2023-12-23,1,6,627,382,47,30
2023-12-24,1,6,627,532,47,25
2023-12-25,1,6,627,377,47,28
2023-12-26,1,6,627,550,47,42
2023-12-27,1,6,627,577,47,22
2023-12-28,1,6,627,358,47,23
2023-12-29,1,6,627,440,47,24
2023-12-30,1,6,627,530,47,25
2023-12-31,1,6,627,430,47,40
2024-01-01,1,6,627,529,47,18
2024-01-02,1,6,627,313,47,38
2024-01-03,1,6,627,392,47,27
2024-01-04,1,6,627,427,47,44
2024-01-05,1,6,627,315,47,27
2024-01-06,1,6,627,550,47,36
2024-01-07,1,6,627,520,47,22
2024-01-08,1,6,627,450,47,24
2024-01-09,1,6,627,347,47,27
2024-01-10,1,6,627,565,47,37
2024-01-11,1,6,627,453,47,20
2024-01-12,1,6,627,341,47,35
2024-01-13,1,6,627,362,47,40
2024-01-14,1,6,627,509,47,18
2024-01-15,1,6,627,321,47,26
2024-01-16,1,6,627,528,47,42
2024-01-17,1,6,627,561,47,29
2024-01-18,1,6,627,353,47,24
2024-01-19,1,6,627,388,47,42
2024-01-20,1,6,627,433,47,44
2024-01-21,1,6,627,427,47,29
2024-01-22,1,6,627,423,47,21
2024-01-23,1,6,627,451,47,44
2024-01-24,1,6,627,488,47,28
2024-01-25,1,6,627,499,47,39
2024-01-26,1,6,627,351,47,33
2024-01-27,1,6,627,579,47,36
2024-01-28,1,6,627,437,47,24
2024-01-29,1,6,627,576,47,21
2024-01-30,1,6,627,392,47,43
2024-01-31,1,6,627,401,47,33
2024-02-01,1,6,627,343,47,26
2024-02-02,1,6,627,489,47,36
2024-02-03,1,6,627,363,47,25
2024-02-04,1,6,627,357,47,44
2024-02-05,1,6,627,529,47,38
2024-02-06,1,6,627,364,47,23
2024-02-07,1,6,627,493,47,37
2024-02-08,1,6,627,448,47,34
2024-02-09,1,6,627,414,47,18
2024-02-10,1,6,627,594,47,24
2024-02-11,1,6,627,554,47,31
2024-02-12,1,6,627,579,47,23
2024-02-13,1,6,627,569,47,37
2024-02-14,1,6,627,584,47,30
2024-02-15,1,6,627,343,47,32
2024-02-16,1,6,627,462,47,43
2024-02-17,1,6,627,372,47,27
2024-02-18,1,6,627,330,47,27
2024-02-19,1,6,627,588,47,41
2024-02-20,1,6,627,588,47,30
2024-02-21,1,6,627,461,47,35
2024-02-22,1,6,627,534,47,27
2024-02-23,1,6,627,314,47,18
2024-02-24,1,6,627,585,47,37
2024-02-25,1,6,627,330,47,41
2024-02-26,1,6,627,353,47,23
2024-02-27,1,6,627,530,47,18
2024-02-28,1,6,627,520,47,41
2024-02-29,1,6,627,326,47,38
2024-03-01,1,6,627,539,47,18
2024-03-02,1,6,627,379,47,43
2024-03-03,1,6,627,315,47,39
2024-03-04,1,6,627,546,47,33
2024-03-05,1,6,627,382,47,43
2024-03-06,1,6,627,552,47,36
2024-03-07,1,6,627,373,47,25
2024-03-08,1,6,627,537,47,34
2024-03-09,1,6,627,545,47,21
2024-03-10,1,6,627,430,47,36
2024-03-11,1,6,627,463,47,21
2024-03-12,1,6,627,490,47,25
2024-03-13,1,6,627,366,47,25
2024-03-14,1,6,627,459,47,22
2024-03-15,1,6,627,399,47,23
2024-03-16,1,6,627,504,47,38
2024-03-17,1,6,627,588,47,44
2024-03-18,1,6,627,339,47,43
2024-03-19,1,6,627,512,47,32
2024-03-20,1,6,627,427,47,31
2024-03-21,1,6,627,506,47,36
2024-03-22,1,6,627,567,47,38
2024-03-23,1,6,627,515,47,36
2024-03-24,1,6,627,527,47,36
2024-03-25,1,6,627,343,47,21
2024-03-26,1,6,627,439,47,22
2024-03-27,1,6,627,582,47,29
2024-03-28,1,6,627,584,47,30
2024-03-29,1,6,627,545,47,35
2024-03-30,1,6,627,515,47,34
2024-03-31,1,6,627,382,47,25
2024-04-01,1,6,627,463,47,36
2024-04-02,1,6,627,313,47,39
2024-04-03,1,6,627,522,47,33
2024-04-04,1,6,627,357,47,41
2024-04-05,1,6,627,452,47,27
2024-04-06,1,6,627,333,47,37
2024-04-07,1,6,627,506,47,37
2024-04-08,1,6,627,340,47,44
2024-04-09,1,6,627,558,47,32
2024-04-10,1,6,627,336,47,43
2024-04-11,1,6,627,474,47,42
2024-04-12,1,6,627,319,47,23
2024-04-13,1,6,627,357,47,42
2024-04-14,1,6,627,404,47,36
2024-04-15,1,6,627,480,47,42
2024-04-16,1,6,627,403,47,31
2024-04-17,1,6,627,369,47,20
2024-04-18,1,6,627,334,47,20
2024-04-19,1,6,627,417,47,27
2024-04-20,1,6,627,481,47,26
2024-04-21,1,6,627,506,47,19
2024-04-22,1,6,627,409,47,26
2024-04-23,1,6,627,510,47,34
2024-04-24,1,6,627,463,47,28
2024-04-25,1,6,627,544,47,20
2024-04-26,1,6,627,371,47,38
2024-04-27,1,6,627,524,47,25
2024-04-28,1,6,627,530,47,19
2024-04-29,1,6,627,510,47,35
2024-04-30,1,6,627,588,47,43
2024-05-01,1,6,627,407,47,35
2024-05-02,1,6,627,496,47,25
2024-05-03,1,6,627,460,47,37
2024-05-04,1,6,627,354,47,38
2024-05-05,1,6,627,498,47,25
2024-05-06,1,6,627,341,47,41
2024-05-07,1,6,627,366,47,18
2024-05-08,1,6,627,501,47,38
2024-05-09,1,6,627,447,47,44
2024-05-10,1,6,627,325,47,29
2024-05-11,1,6,627,487,47,23
2024-05-12,1,6,627,372,47,42
2024-05-13,1,6,627,340,47,36
2024-05-14,1,6,627,402,47,42
2024-05-15,1,6,627,347,47,24
2024-05-16,1,6,627,524,47,21
2024-05-17,1,6,627,553,47,44
2024-05-18,1,6,627,574,47,27
2024-05-19,1,6,627,462,47,43
2024-05-20,1,6,627,547,47,28
2024-05-21,1,6,627,478,47,29
2024-05-22,1,6,627,538,47,21
2024-05-23,1,6,627,429,47,43
2024-05-24,1,6,627,582,47,20
2024-05-25,1,6,627,520,47,31
2024-05-26,1,6,627,543,47,28
2024-05-27,1,6,627,391,47,43
2024-05-28,1,6,627,345,47,29
2024-05-29,1,6,627,451,47,18
2024-05-30,1,6,627,404,47,37
2024-05-31,1,6,627,345,47,35
2024-06-01,1,6,627,548,47,40
2024-06-02,1,6,627,348,47,32
2024-06-03,1,6,627,594,47,35
2024-06-04,1,6,627,413,47,31
2024-06-05,1,6,627,413,47,25
2024-06-06,1,6,627,523,47,43
2024-06-07,1,6,627,458,47,28
2024-06-08,1,6,627,583,47,37
2024-06-09,1,6,627,534,47,30
2024-06-10,1,6,627,594,47,36
2024-06-11,1,6,627,456,47,43
2024-06-12,1,6,627,428,47,35
2024-06-13,1,6,627,498,47,29
2024-06-14,1,6,627,437,47,42
2024-06-15,1,6,627,370,47,39
2024-06-16,1,6,627,416,47,27
2024-06-17,1,6,627,592,47,22
2024-06-18,1,6,627,507,47,42
2024-06-19,1,6,627,332,47,40
2024-06-20,1,6,627,565,47,26
2024-06-21,1,6,627,497,47,33
2024-06-22,1,6,627,407,47,40
2024-06-23,1,6,627,425,47,33
2024-06-24,1,6,627,538,47,30
2024-06-25,1,6,627,589,47,22
2024-06-26,1,6,627,564,47,34
2024-06-27,1,6,627,508,47,41
2024-06-28,1,6,627,340,47,44
2024-06-29,1,6,627,372,47,27
2024-06-30,1,6,627,579,47,40
2024-07-01,1,6,627,379,47,23
2024-07-02,1,6,627,339,47,18
2024-07-03,1,6,627,493,47,30
2024-07-04,1,6,627,543,47,28
2024-07-05,1,6,627,418,47,18
2024-07-06,1,6,627,444,47,21
2024-07-07,1,6,627,459,47,26
2024-07-08,1,6,627,524,47,42
2024-07-09,1,6,627,336,47,23
2024-07-10,1,6,627,531,47,26
2024-07-11,1,6,627,571,47,44
2024-07-12,1,6,627,568,47,30
2024-07-13,1,6,627,314,47,25
2024-07-14,1,6,627,413,47,23
2024-07-15,1,6,627,313,47,23
2024-07-16,1,6,627,419,47,19
2024-07-17,1,6,627,417,47,18
2024-07-18,1,6,627,405,47,24
2024-07-19,1,6,627,343,47,38
2024-07-20,1,6,627,393,47,38
2024-07-21,1,6,627,571,47,29
2024-07-22,1,6,627,483,47,36
2024-07-23,1,6,627,532,47,36
2024-07-24,1,6,627,519,47,35
2024-07-25,1,6,627,364,47,24
2024-07-26,1,6,627,327,47,36
2024-07-27,1,6,627,396,47,18
2024-07-28,1,6,627,563,47,18
2024-07-29,1,6,627,546,47,43
2024-07-30,1,6,627,562,47,23
2024-07-31,1,6,627,349,47,33
2024-08-01,1,6,627,395,47,33
2024-08-02,1,6,627,314,47,30
2024-08-03,1,6,627,451,47,42
2024-08-04,1,6,627,447,47,19
2024-08-05,1,6,627,358,47,32
2024-08-06,1,6,627,484,47,23
2024-08-07,1,6,627,323,47,39
2024-08-08,1,6,627,356,47,34
2024-08-09,1,6,627,522,47,36
2024-08-10,1,6,627,417,47,26
2024-08-11,1,6,627,367,47,34
2024-08-12,1,6,627,521,47,33
2024-08-13,1,6,627,419,47,19
2024-08-14,1,6,627,461,47,27
2024-08-15,1,6,627,451,47,36
2024-08-16,1,6,627,366,47,31
2024-08-17,1,6,627,418,47,37
2024-08-18,1,6,627,385,47,40
2024-08-19,1,6,627,338,47,21
2024-08-20,1,6,627,376,47,23
2024-08-21,1,6,627,461,47,43
2024-08-22,1,6,627,371,47,31
2024-08-23,1,6,627,490,47,21
2024-08-24,1,6,627,414,47,28
2024-08-25,1,6,627,451,47,40
2024-08-26,1,6,627,556,47,39
2024-08-27,1,6,627,565,47,41
2024-08-28,1,6,627,549,47,44
2024-08-29,1,6,627,538,47,24
2024-08-30,1,6,627,424,47,24
2024-08-31,1,6,627,576,47,26
2024-09-01,1,6,627,470,47,23
2024-09-02,1,6,627,366,47,19
2024-09-03,1,6,627,498,47,28
2024-09-04,1,6,627,353,47,29
2024-09-05,1,6,627,568,47,37
2024-09-06,1,6,627,541,47,31
2024-09-07,1,6,627,375,47,20
2024-09-08,1,6,627,354,47,31
2024-09-09,1,6,627,491,47,38
2024-09-10,1,6,627,494,47,27
2024-09-11,1,6,627,365,47,36
2024-09-12,1,6,627,361,47,42
2024-09-13,1,6,627,348,47,26
2024-09-14,1,6,627,412,47,19
2024-09-15,1,6,627,335,47,33
2024-09-16,1,6,627,321,47,19
2024-09-17,1,6,627,573,47,30
2024-09-18,1,6,627,481,47,39
2024-09-19,1,6,627,329,47,29
2024-09-20,1,6,627,469,47,35
2024-09-21,1,6,627,560,47,43
2024-09-22,1,6,627,462,47,25
2024-09-23,1,6,627,529,47,31
2024-09-24,1,6,627,512,47,22
2024-09-25,1,6,627,548,47,27
2024-09-26,1,6,627,530,47,33
2024-09-27,1,6,627,363,47,23
2024-09-28,1,6,627,468,47,30
2024-09-29,1,6,627,515,47,25
2024-09-30,1,6,627,364,47,25
2024-10-01,1,6,627,392,47,20
2024-10-02,1,6,627,338,47,29
2024-10-03,1,6,627,363,47,19
2024-10-04,1,6,627,459,47,18
2024-10-05,1,6,627,387,47,24
2024-10-06,1,6,627,400,47,38
2024-10-07,1,6,627,578,47,26
2024-10-08,1,6,627,434,47,39
2024-10-09,1,6,627,326,47,26
2024-10-10,1,6,627,345,47,41
2024-10-11,1,6,627,428,47,26
2024-10-12,1,6,627,335,47,38
2024-10-13,1,6,627,431,47,21
2024-10-14,1,6,627,326,47,32
2024-10-15,1,6,627,443,47,32
2024-10-16,1,6,627,377,47,21
2024-10-17,1,6,627,404,47,32
2024-10-18,1,6,627,471,47,43
2024-10-19,1,6,627,467,47,35
2024-10-20,1,6,627,404,47,44
2024-10-21,1,6,627,535,47,21
2024-10-22,1,6,627,564,47,44
2024-10-23,1,6,627,455,47,40
2024-10-24,1,6,627,404,47,30
2024-10-25,1,6,627,480,47,24
2024-10-26,1,6,627,529,47,42
2024-10-27,1,6,627,404,47,19
2024-10-28,1,6,627,460,47,25
2024-10-29,1,6,627,496,47,22
2024-10-30,1,6,627,329,47,33
2024-10-31,1,6,627,327,47,26
2024-11-01,1,6,627,519,47,40
2024-11-02,1,6,627,373,47,41
2024-11-03,1,6,627,590,47,34
2024-11-04,1,6,627,573,47,42
2024-11-05,1,6,627,354,47,33
2024-11-06,1,6,627,392,47,27
2024-11-07,1,6,627,353,47,34
2024-11-08,1,6,627,326,47,36
2024-11-09,1,6,627,444,47,24
2024-11-10,1,6,627,584,47,38
2024-11-11,1,6,627,419,47,38
2024-11-12,1,6,627,484,47,20
2024-11-13,1,6,627,485,47,30
2024-11-14,1,6,627,397,47,42
2024-11-15,1,6,627,398,47,35
2024-11-16,1,6,627,461,47,38
2024-11-17,1,6,627,588,47,43
2024-11-18,1,6,627,534,47,41
2024-11-19,1,6,627,531,47,21
2024-11-20,1,6,627,493,47,31
2024-11-21,1,6,627,466,47,36
2024-11-22,1,6,627,419,47,32
2024-11-23,1,6,627,361,47,41
2024-11-24,1,6,627,586,47,42
2024-11-25,1,6,627,547,47,30
2024-11-26,1,6,627,535,47,42
2024-11-27,1,6,627,443,47,35
2024-11-28,1,6,627,465,47,34
2024-11-29,1,6,627,400,47,36
2024-11-30,1,6,627,465,47,24
2024-12-01,1,6,627,331,47,20
2024-12-02,1,6,627,321,47,35
2024-12-03,1,6,627,554,47,43
2024-12-04,1,6,627,531,47,26
2024-12-05,1,6,627,401,47,29
2024-12-06,1,6,627,424,47,21
2024-12-07,1,6,627,367,47,42
2024-12-08,1,6,627,536,47,30
2024-12-09,1,6,627,472,47,24
2024-12-10,1,6,627,395,47,26
2024-12-11,1,6,627,366,47,28
2024-12-12,1,6,627,536,47,27
2024-12-13,1,6,627,557,47,23
2024-12-14,1,6,627,313,47,20
2024-12-15,1,6,627,494,47,37
2024-12-16,1,6,627,481,47,41
2024-12-17,1,6,627,411,47,42
2024-12-18,1,6,627,489,47,31
2024-12-19,1,6,627,421,47,35
2024-12-20,1,6,627,473,47,26
2024-12-21,1,6,627,490,47,37
2024-12-22,1,6,627,583,47,23
2024-12-23,1,6,627,533,47,24
2024-12-24,1,6,627,343,47,33
2024-12-25,1,6,627,390,47,28
2024-12-26,1,6,627,463,47,32
2024-12-27,1,6,627,491,47,44
2024-12-28,1,6,627,427,47,40
2024-12-29,1,6,627,440,47,36
2024-12-30,1,6,627,490,47,33
2024-12-31,1,6,627,387,47,19
2023-01-01,2,1,679,437,57,48
2023-01-02,2,1,679,406,57,39
2023-01-03,2,1,679,479,57,38
2023-01-04,2,1,679,394,57,48
2023-01-05,2,1,679,615,57,52
2023-01-06,2,1,679,602,57,49
2023-01-07,2,1,679,555,57,39
2023-01-08,2,1,679,554,57,34
2023-01-09,2,1,679,531,57,35
2023-01-10,2,1,679,578,57,24
2023-01-11,2,1,679,435,57,38
2023-01-12,2,1,679,374,57,37
2023-01-13,2,1,679,359,57,42
2023-01-14,2,1,679,459,57,51
2023-01-15,2,1,679,611,57,36
2023-01-16,2,1,679,580,57,36
2023-01-17,2,1,679,506,57,38
2023-01-18,2,1,679,520,57,26
2023-01-19,2,1,679,533,57,39
2023-01-20,2,1,679,544,57,30
2023-01-21,2,1,679,386,57,34
2023-01-22,2,1,679,550,57,46
2023-01-23,2,1,679,414,57,52
2023-01-24,2,1,679,346,57,23
2023-01-25,2,1,679,485,57,28
2023-01-26,2,1,679,357,57,30
2023-01-27,2,1,679,616,57,36
2023-01-28,2,1,679,412,57,53
2023-01-29,2,1,679,501,57,30
2023-01-30,2,1,679,368,57,31
2023-01-31,2,1,679,406,57,51
2023-02-01,2,1,679,603,57,43
2023-02-02,2,1,679,592,57,30
2023-02-03,2,1,679,436,57,40
2023-02-04,2,1,679,508,57,34
2023-02-05,2,1,679,350,57,22
2023-02-06,2,1,679,385,57,40
2023-02-07,2,1,679,567,57,22
2023-02-08,2,1,679,482,57,53
2023-02-09,2,1,679,475,57,45
2023-02-10,2,1,679,469,57,47
2023-02-11,2,1,679,416,57,30
2023-02-12,2,1,679,595,57,51
2023-02-13,2,1,679,390,57,27
2023-02-14,2,1,679,448,57,42
2023-02-15,2,1,679,596,57,52
2023-02-16,2,1,679,370,57,50
2023-02-17,2,1,679,481,57,41
2023-02-18,2,1,679,430,57,32
2023-02-19,2,1,679,503,57,45
2023-02-20,2,1,679,561,57,27
2023-02-21,2,1,679,356,57,31
2023-02-22,2,1,679,511,57,49
2023-02-23,2,1,679,459,57,38
2023-02-24,2,1,679,621,57,26
2023-02-25,2,1,679,428,57,40
2023-02-26,2,1,679,509,57,44
2023-02-27,2,1,679,492,57,22
2023-02-28,2,1,679,529,57,29
2023-03-01,2,1,679,644,57,48
2023-03-02,2,1,679,583,57,49
2023-03-03,2,1,679,546,57,42
2023-03-04,2,1,679,448,57,43
2023-03-05,2,1,679,381,57,22
2023-03-06,2,1,679,632,57,45
2023-03-07,2,1,679,596,57,32
2023-03-08,2,1,679,518,57,23
2023-03-09,2,1,679,560,57,49
2023-03-10,2,1,679,574,57,30
2023-03-11,2,1,679,361,57,45
2023-03-12,2,1,679,394,57,33
2023-03-13,2,1,679,483,57,34
2023-03-14,2,1,679,557,57,47
2023-03-15,2,1,679,350,57,53
2023-03-16,2,1,679,625,57,47
2023-03-17,2,1,679,524,57,50
2023-03-18,2,1,679,438,57,52
2023-03-19,2,1,679,638,57,54
2023-03-20,2,1,679,391,57,35
2023-03-21,2,1,679,478,57,37
2023-03-22,2,1,679,493,57,23
2023-03-23,2,1,679,359,57,53
2023-03-24,2,1,679,493,57,43
2023-03-25,2,1,679,362,57,44
2023-03-26,2,1,679,431,57,34
2023-03-27,2,1,679,442,57,49
2023-03-28,2,1,679,631,57,49
2023-03-29,2,1,679,370,57,30
2023-03-30,2,1,679,477,57,53
2023-03-31,2,1,679,373,57,43
2023-04-01,2,1,679,417,57,37
2023-04-02,2,1,679,458,57,54
2023-04-03,2,1,679,611,57,34
2023-04-04,2,1,679,480,57,37
2023-04-05,2,1,679,387,57,49
2023-04-06,2,1,679,401,57,24
2023-04-07,2,1,679,625,57,31
2023-04-08,2,1,679,600,57,41
2023-04-09,2,1,679,643,57,44
2023-04-10,2,1,679,464,57,31
2023-04-11,2,1,679,483,57,52
2023-04-12,2,1,679,571,57,32
2023-04-13,2,1,679,552,57,42
2023-04-14,2,1,679,607,57,26
2023-04-15,2,1,679,493,57,25
2023-04-16,2,1,679,516,57,52
2023-04-17,2,1,679,487,57,32
2023-04-18,2,1,679,483,57,24
2023-04-19,2,1,679,621,57,25
2023-04-20,2,1,679,441,57,45
2023-04-21,2,1,679,512,57,34
2023-04-22,2,1,679,393,57,37
2023-04-23,2,1,679,521,57,53
2023-04-24,2,1,679,444,57,35
2023-04-25,2,1,679,431,57,34
2023-04-26,2,1,679,381,57,39
2023-04-27,2,1,679,545,57,54
2023-04-28,2,1,679,391,57,43
2023-04-29,2,1,679,384,57,28
2023-04-30,2,1,679,603,57,26
2023-05-01,2,1,679,387,57,36
2023-05-02,2,1,679,626,57,32
2023-05-03,2,1,679,486,57,39
2023-05-04,2,1,679,559,57,34
2023-05-05,2,1,679,450,57,24
2023-05-06,2,1,679,586,57,24
2023-05-07,2,1,679,418,57,53
2023-05-08,2,1,679,407,57,24
2023-05-09,2,1,679,365,57,25
2023-05-10,2,1,679,437,57,27
2023-05-11,2,1,679,402,57,53
2023-05-12,2,1,679,444,57,35
2023-05-13,2,1,679,570,57,51
2023-05-14,2,1,679,505,57,42
2023-05-15,2,1,679,451,57,34
2023-05-16,2,1,679,481,57,30
2023-05-17,2,1,679,379,57,52
2023-05-18,2,1,679,442,57,38
2023-05-19,2,1,679,587,57,43
2023-05-20,2,1,679,635,57,49
2023-05-21,2,1,679,419,57,52
2023-05-22,2,1,679,583,57,29
2023-05-23,2,1,679,475,57,54
2023-05-24,2,1,679,571,57,23
2023-05-25,2,1,679,557,57,37
2023-05-26,2,1,679,560,57,27
2023-05-27,2,1,679,439,57,27
2023-05-28,2,1,679,405,57,51
2023-05-29,2,1,679,639,57,23
2023-05-30,2,1,679,373,57,26
2023-05-31,2,1,679,627,57,45
2023-06-01,2,1,679,627,57,52
2023-06-02,2,1,679,599,57,41
2023-06-03,2,1,679,562,57,52
2023-06-04,2,1,679,620,57,26
2023-06-05,2,1,679,627,57,25
2023-06-06,2,1,679,404,57,42
2023-06-07,2,1,679,481,57,40
2023-06-08,2,1,679,494,57,52
2023-06-09,2,1,679,594,57,22
2023-06-10,2,1,679,424,57,41
2023-06-11,2,1,679,356,57,25
2023-06-12,2,1,679,568,57,34
2023-06-13,2,1,679,364,57,53
2023-06-14,2,1,679,516,57,52
2023-06-15,2,1,679,544,57,22
2023-06-16,2,1,679,519,57,46
2023-06-17,2,1,679,421,57,54
2023-06-18,2,1,679,422,57,50
2023-06-19,2,1,679,535,57,32
2023-06-20,2,1,679,370,57,29
2023-06-21,2,1,679,528,57,49
2023-06-22,2,1,679,571,57,49
2023-06-23,2,1,679,517,57,43
2023-06-24,2,1,679,462,57,22
2023-06-25,2,1,679,446,57,38
2023-06-26,2,1,679,482,57,35
2023-06-27,2,1,679,354,57,47
2023-06-28,2,1,679,356,57,30
2023-06-29,2,1,679,491,57,29
2023-06-30,2,1,679,391,57,44
2023-07-01,2,1,679,353,57,34
2023-07-02,2,1,679,477,57,31
2023-07-03,2,1,679,527,57,44
2023-07-04,2,1,679,549,57,22
2023-07-05,2,1,679,567,57,50
2023-07-06,2,1,679,421,57,24
2023-07-07,2,1,679,527,57,26
2023-07-08,2,1,679,524,57,38
2023-07-09,2,1,679,359,57,26
2023-07-10,2,1,679,538,57,40
2023-07-11,2,1,679,509,57,36
2023-07-12,2,1,679,543,57,45
2023-07-13,2,1,679,619,57,41
2023-07-14,2,1,679,352,57,40
2023-07-15,2,1,679,540,57,28
2023-07-16,2,1,679,459,57,37
2023-07-17,2,1,679,567,57,35
2023-07-18,2,1,679,554,57,50
2023-07-19,2,1,679,624,57,50
2023-07-20,2,1,679,615,57,43
2023-07-21,2,1,679,420,57,29
2023-07-22,2,1,679,544,57,40
2023-07-23,2,1,679,624,57,31
2023-07-24,2,1,679,470,57,39
2023-07-25,2,1,679,378,57,22
2023-07-26,2,1,679,550,57,26
2023-07-27,2,1,679,577,57,46
2023-07-28,2,1,679,438,57,44
2023-07-29,2,1,679,522,57,50
2023-07-30,2,1,679,460,57,46
2023-07-31,2,1,679,527,57,34
2023-08-01,2,1,679,375,57,41
2023-08-02,2,1,679,376,57,41
2023-08-03,2,1,679,563,57,51
2023-08-04,2,1,679,507,57,44
2023-08-05,2,1,679,575,57,29
2023-08-06,2,1,679,569,57,44
2023-08-07,2,1,679,381,57,30
2023-08-08,2,1,679,592,57,43
2023-08-09,2,1,679,629,57,46
2023-08-10,2,1,679,623,57,34
2023-08-11,2,1,679,350,57,36
2023-08-12,2,1,679,536,57,50
2023-08-13,2,1,679,585,57,26
2023-08-14,2,1,679,464,57,28
2023-08-15,2,1,679,369,57,53
2023-08-16,2,1,679,383,57,44
2023-08-17,2,1,679,345,57,32
2023-08-18,2,1,679,466,57,48
2023-08-19,2,1,679,476,57,31
2023-08-20,2,1,679,500,57,29
2023-08-21,2,1,679,580,57,32
2023-08-22,2,1,679,480,57,46
2023-08-23,2,1,679,541,57,27
2023-08-24,2,1,679,499,57,30
2023-08-25,2,1,679,500,57,23
2023-08-26,2,1,679,379,57,33
2023-08-27,2,1,679,626,57,37
2023-08-28,2,1,679,372,57,33
2023-08-29,2,1,679,592,57,44
2023-08-30,2,1,679,376,57,28
2023-08-31,2,1,679,412,57,31
2023-09-01,2,1,679,487,57,32
2023-09-02,2,1,679,643,57,49
2023-09-03,2,1,679,504,57,23
2023-09-04,2,1,679,348,57,26
2023-09-05,2,1,679,613,57,30
2023-09-06,2,1,679,589,57,23
2023-09-07,2,1,679,643,57,24
2023-09-08,2,1,679,377,57,27
2023-09-09,2,1,679,342,57,45
2023-09-10,2,1,679,400,57,43
2023-09-11,2,1,679,372,57,53
2023-09-12,2,1,679,641,57,37
2023-09-13,2,1,679,640,57,47
2023-09-14,2,1,679,483,57,30
2023-09-15,2,1,679,604,57,51
2023-09-16,2,1,679,384,57,51
2023-09-17,2,1,679,374,57,28
2023-09-18,2,1,679,384,57,32
2023-09-19,2,1,679,550,57,42
2023-09-20,2,1,679,345,57,38
2023-09-21,2,1,679,511,57,41
2023-09-22,2,1,679,421,57,49
2023-09-23,2,1,679,634,57,35
2023-09-24,2,1,679,574,57,40
2023-09-25,2,1,679,620,57,23
2023-09-26,2,1,679,518,57,26
2023-09-27,2,1,679,501,57,27
2023-09-28,2,1,679,451,57,51
2023-09-29,2,1,679,527,57,49
2023-09-30,2,1,679,517,57,40
2023-10-01,2,1,679,407,57,40
2023-10-02,2,1,679,534,57,54
2023-10-03,2,1,679,367,57,24
2023-10-04,2,1,679,619,57,47
2023-10-05,2,1,679,551,57,52
2023-10-06,2,1,679,618,57,30
2023-10-07,2,1,679,470,57,31
2023-10-08,2,1,679,576,57,53
2023-10-09,2,1,679,343,57,52
2023-10-10,2,1,679,342,57,40
2023-10-11,2,1,679,631,57,52
2023-10-12,2,1,679,601,57,38
2023-10-13,2,1,679,620,57,38
2023-10-14,2,1,679,476,57,24
2023-10-15,2,1,679,546,57,52
2023-10-16,2,1,679,395,57,39
2023-10-17,2,1,679,645,57,29
2023-10-18,2,1,679,390,57,40
2023-10-19,2,1,679,474,57,49
2023-10-20,2,1,679,532,57,27
2023-10-21,2,1,679,391,57,53
2023-10-22,2,1,679,615,57,40
2023-10-23,2,1,679,610,57,26
2023-10-24,2,1,679,353,57,44
2023-10-25,2,1,679,362,57,30
2023-10-26,2,1,679,433,57,43
2023-10-27,2,1,679,629,57,45
2023-10-28,2,1,679,519,57,33
2023-10-29,2,1,679,441,57,51
2023-10-30,2,1,679,528,57,38
2023-10-31,2,1,679,358,57,50
2023-11-01,2,1,679,520,57,30
2023-11-02,2,1,679,621,57,27
2023-11-03,2,1,679,569,57,48
2023-11-04,2,1,679,396,57,48
2023-11-05,2,1,679,461,57,53
2023-11-06,2,1,679,479,57,26
2023-11-07,2,1,679,562,57,26
2023-11-08,2,1,679,507,57,23
2023-11-09,2,1,679,361,57,28
2023-11-10,2,1,679,588,57,46
2023-11-11,2,1,679,456,57,45
2023-11-12,2,1,679,339,57,53
2023-11-13,2,1,679,604,57,39
2023-11-14,2,1,679,445,57,50
2023-11-15,2,1,679,600,57,26
2023-11-16,2,1,679,621,57,39
2023-11-17,2,1,679,588,57,37
2023-11-18,2,1,679,394,57,37
2023-11-19,2,1,679,398,57,34
2023-11-20,2,1,679,487,57,33
2023-11-21,2,1,679,498,57,23
2023-11-22,2,1,679,352,57,26
2023-11-23,2,1,679,382,57,25
2023-11-24,2,1,679,605,57,44
2023-11-25,2,1,679,572,57,41
2023-11-26,2,1,679,393,57,40
2023-11-27,2,1,679,360,57,37
2023-11-28,2,1,679,344,57,35
2023-11-29,2,1,679,406,57,33
2023-11-30,2,1,679,540,57,31
2023-12-01,2,1,679,429,57,35
2023-12-02,2,1,679,397,57,37
2023-12-03,2,1,679,348,57,53
2023-12-04,2,1,679,488,57,25
2023-12-05,2,1,679,487,57,22
2023-12-06,2,1,679,486,57,25
2023-12-07,2,1,679,503,57,53
2023-12-08,2,1,679,590,57,44
2023-12-09,2,1,679,628,57,49
2023-12-10,2,1,679,616,57,43
2023-12-11,2,1,679,520,57,22
2023-12-12,2,1,679,487,57,27
2023-12-13,2,1,679,483,57,39
2023-12-14,2,1,679,639,57,29
2023-12-15,2,1,679,539,57,51
2023-12-16,2,1,679,606,57,37
2023-12-17,2,1,679,605,57,22
2023-12-18,2,1,679,575,57,29
2023-12-19,2,1,679,466,57,24
2023-12-20,2,1,679,428,57,34
2023-12-21,2,1,679,625,57,22
2023-12-22,2,1,679,518,57,52
2023-12-23,2,1,679,586,57,38
2023-12-24,2,1,679,420,57,45
2023-12-25,2,1,679,384,57,25
2023-12-26,2,1,679,494,57,36
2023-12-27,2,1,679,637,57,42
2023-12-28,2,1,679,444,57,46
2023-12-29,2,1,679,542,57,29
2023-12-30,2,1,679,572,57,50
2023-12-31,2,1,679,624,57,43
2024-01-01,2,1,679,496,57,36
2024-01-02,2,1,679,350,57,33
2024-01-03,2,1,679,435,57,53
2024-01-04,2,1,679,468,57,35
2024-01-05,2,1,679,605,57,45
2024-01-06,2,1,679,644,57,34
2024-01-07,2,1,679,339,57,50
2024-01-08,2,1,679,507,57,23
2024-01-09,2,1,679,519,57,23
2024-01-10,2,1,679,604,57,24
2024-01-11,2,1,679,390,57,42
2024-01-12,2,1,679,403,57,38
2024-01-13,2,1,679,609,57,44
2024-01-14,2,1,679,598,57,22
2024-01-15,2,1,679,494,57,36
2024-01-16,2,1,679,435,57,41
2024-01-17,2,1,679,540,57,45
2024-01-18,2,1,679,612,57,22
2024-01-19,2,1,679,482,57,27
2024-01-20,2,1,679,574,57,39
2024-01-21,2,1,679,617,57,44
2024-01-22,2,1,679,391,57,25
2024-01-23,2,1,679,440,57,49
2024-01-24,2,1,679,556,57,38
2024-01-25,2,1,679,627,57,44
2024-01-26,2,1,679,425,57,41
2024-01-27,2,1,679,583,57,45
2024-01-28,2,1,679,477,57,40
2024-01-29,2,1,679,413,57,54
2024-01-30,2,1,679,551,57,28
2024-01-31,2,1,679,510,57,47
2024-02-01,2,1,679,352,57,42
2024-02-02,2,1,679,627,57,35
2024-02-03,2,1,679,375,57,43
2024-02-04,2,1,679,556,57,31
2024-02-05,2,1,679,356,57,25
2024-02-06,2,1,679,545,57,40
2024-02-07,2,1,679,418,57,23
2024-02-08,2,1,679,433,57,27
2024-02-09,2,1,679,344,57,50
2024-02-10,2,1,679,355,57,27
2024-02-11,2,1,679,514,57,30
2024-02-12,2,1,679,564,57,46
2024-02-13,2,1,679,420,57,30
2024-02-14,2,1,679,567,57,39
2024-02-15,2,1,679,381,57,22
2024-02-16,2,1,679,445,57,41
2024-02-17,2,1,679,619,57,51
2024-02-18,2,1,679,466,57,37
2024-02-19,2,1,679,361,57,43
2024-02-20,2,1,679,428,57,23
2024-02-21,2,1,679,399,57,22
2024-02-22,2,1,679,433,57,34
2024-02-23,2,1,679,596,57,36
2024-02-24,2,1,679,421,57,43
2024-02-25,2,1,679,367,57,40
2024-02-26,2,1,679,546,57,30
2024-02-27,2,1,679,578,57,24
2024-02-28,2,1,679,415,57,37
2024-02-29,2,1,679,618,57,27
2024-03-01,2,1,679,363,57,46
2024-03-02,2,1,679,389,57,41
2024-03-03,2,1,679,538,57,31
2024-03-04,2,1,679,496,57,52
2024-03-05,2,1,679,594,57,51
2024-03-06,2,1,679,377,57,36
2024-03-07,2,1,679,427,57,28
2024-03-08,2,1,679,340,57,48
2024-03-09,2,1,679,485,57,24
2024-03-10,2,1,679,492,57,30
2024-03-11,2,1,679,508,57,25
2024-03-12,2,1,679,576,57,23
2024-03-13,2,1,679,357,57,28
2024-03-14,2,1,679,611,57,53
2024-03-15,2,1,679,529,57,53
2024-03-16,2,1,679,351,57,23
2024-03-17,2,1,679,594,57,32
2024-03-18,2,1,679,415,57,30
2024-03-19,2,1,679,494,57,37
2024-03-20,2,1,679,592,57,48
2024-03-21,2,1,679,508,57,32
2024-03-22,2,1,679,400,57,33
2024-03-23,2,1,679,435,57,36
2024-03-24,2,1,679,543,57,52
2024-03-25,2,1,679,519,57,27
2024-03-26,2,1,679,431,57,28
2024-03-27,2,1,679,584,57,49
2024-03-28,2,1,679,418,57,37
2024-03-29,2,1,679,636,57,29
2024-03-30,2,1,679,543,57,36
2024-03-31,2,1,679,601,57,41
2024-04-01,2,1,679,509,57,41
2024-04-02,2,1,679,472,57,24
2024-04-03,2,1,679,383,57,51
2024-04-04,2,1,679,424,57,26
2024-04-05,2,1,679,418,57,25
2024-04-06,2,1,679,599,57,30
2024-04-07,2,1,679,342,57,22
2024-04-08,2,1,679,601,57,52
2024-04-09,2,1,679,434,57,32
2024-04-10,2,1,679,594,57,50
2024-04-11,2,1,679,417,57,54
2024-04-12,2,1,679,595,57,45
2024-04-13,2,1,679,645,57,23
2024-04-14,2,1,679,641,57,53
2024-04-15,2,1,679,561,57,52
2024-04-16,2,1,679,636,57,38
2024-04-17,2,1,679,482,57,44
2024-04-18,2,1,679,542,57,47
2024-04-19,2,1,679,353,57,54
2024-04-20,2,1,679,363,57,46
2024-04-21,2,1,679,357,57,30
2024-04-22,2,1,679,395,57,49
2024-04-23,2,1,679,630,57,24
2024-04-24,2,1,679,436,57,33
2024-04-25,2,1,679,621,57,50
2024-04-26,2,1,679,564,57,45
2024-04-27,2,1,679,447,57,28
2024-04-28,2,1,679,590,57,53
2024-04-29,2,1,679,557,57,34
2024-04-30,2,1,679,585,57,22
2024-05-01,2,1,679,450,57,41
2024-05-02,2,1,679,483,57,51
2024-05-03,2,1,679,523,57,45
2024-05-04,2,1,679,483,57,23
2024-05-05,2,1,679,578,57,46
2024-05-06,2,1,679,606,57,23
2024-05-07,2,1,679,400,57,36
2024-05-08,2,1,679,525,57,30
2024-05-09,2,1,679,599,57,38
2024-05-10,2,1,679,504,57,43
2024-05-11,2,1,679,536,57,39
2024-05-12,2,1,679,430,57,45
2024-05-13,2,1,679,400,57,51
2024-05-14,2,1,679,525,57,35
2024-05-15,2,1,679,645,57,52
2024-05-16,2,1,679,449,57,23
2024-05-17,2,1,679,625,57,30
2024-05-18,2,1,679,589,57,52
2024-05-19,2,1,679,501,57,52
2024-05-20,2,1,679,414,57,53
2024-05-21,2,1,679,588,57,30
2024-05-22,2,1,679,556,57,35
2024-05-23,2,1,679,380,57,38
2024-05-24,2,1,679,429,57,49
2024-05-25,2,1,679,477,57,33
2024-05-26,2,1,679,546,57,44
2024-05-27,2,1,679,500,57,52
2024-05-28,2,1,679,390,57,26
2024-05-29,2,1,679,641,57,35
2024-05-30,2,1,679,535,57,44
2024-05-31,2,1,679,621,57,45
2024-06-01,2,1,679,536,57,48
2024-06-02,2,1,679,390,57,51
2024-06-03,2,1,679,571,57,48
2024-06-04,2,1,679,419,57,28
2024-06-05,2,1,679,501,57,30
2024-06-06,2,1,679,533,57,39
2024-06-07,2,1,679,393,57,54
2024-06-08,2,1,679,467,57,52
2024-06-09,2,1,679,570,57,28
2024-06-10,2,1,679,624,57,53
2024-06-11,2,1,679,424,57,35
2024-06-12,2,1,679,598,57,42
2024-06-13,2,1,679,436,57,37
2024-06-14,2,1,679,541,57,42
2024-06-15,2,1,679,481,57,38
2024-06-16,2,1,679,526,57,47
2024-06-17,2,1,679,424,57,31
2024-06-18,2,1,679,613,57,35
2024-06-19,2,1,679,464,57,36
2024-06-20,2,1,679,539,57,33
2024-06-21,2,1,679,623,57,22
2024-06-22,2,1,679,512,57,46
2024-06-23,2,1,679,627,57,34
2024-06-24,2,1,679,448,57,27
2024-06-25,2,1,679,585,57,48
2024-06-26,2,1,679,616,57,48
2024-06-27,2,1,679,368,57,31
2024-06-28,2,1,679,568,57,49
2024-06-29,2,1,679,345,57,39
2024-06-30,2,1,679,456,57,28
2024-07-01,2,1,679,591,57,31
2024-07-02,2,1,679,373,57,23
2024-07-03,2,1,679,453,57,52
2024-07-04,2,1,679,543,57,33
2024-07-05,2,1,679,357,57,29
2024-07-06,2,1,679,382,57,22
2024-07-07,2,1,679,421,57,43
2024-07-08,2,1,679,502,57,23
2024-07-09,2,1,679,373,57,29
2024-07-10,2,1,679,527,57,52
2024-07-11,2,1,679,514,57,31
2024-07-12,2,1,679,376,57,38
2024-07-13,2,1,679,397,57,45
2024-07-14,2,1,679,460,57,50
2024-07-15,2,1,679,568,57,37
2024-07-16,2,1,679,569,57,42
2024-07-17,2,1,679,527,57,33
2024-07-18,2,1,679,473,57,30
2024-07-19,2,1,679,433,57,54
2024-07-20,2,1,679,436,57,24
2024-07-21,2,1,679,477,57,42
2024-07-22,2,1,679,366,57,49
2024-07-23,2,1,679,483,57,38
2024-07-24,2,1,679,532,57,31
2024-07-25,2,1,679,573,57,37
2024-07-26,2,1,679,613,57,22
2024-07-27,2,1,679,423,57,48
2024-07-28,2,1,679,405,57,44
2024-07-29,2,1,679,467,57,32
2024-07-30,2,1,679,572,57,30
2024-07-31,2,1,679,437,57,44
2024-08-01,2,1,679,601,57,49
2024-08-02,2,1,679,428,57,30
2024-08-03,2,1,679,412,57,45
2024-08-04,2,1,679,528,57,30
2024-08-05,2,1,679,497,57,46
2024-08-06,2,1,679,350,57,43
2024-08-07,2,1,679,602,57,33
2024-08-08,2,1,679,512,57,34
2024-08-09,2,1,679,547,57,25
2024-08-10,2,1,679,436,57,39
2024-08-11,2,1,679,387,57,33
2024-08-12,2,1,679,412,57,51
2024-08-13,2,1,679,352,57,30
2024-08-14,2,1,679,530,57,51
2024-08-15,2,1,679,410,57,22
2024-08-16,2,1,679,636,57,44
2024-08-17,2,1,679,593,57,42
2024-08-18,2,1,679,597,57,38
2024-08-19,2,1,679,635,57,25
2024-08-20,2,1,679,363,57,52
2024-08-21,2,1,679,534,57,34
2024-08-22,2,1,679,506,57,40
2024-08-23,2,1,679,562,57,40
2024-08-24,2,1,679,434,57,28
2024-08-25,2,1,679,364,57,22
2024-08-26,2,1,679,530,57,32
2024-08-27,2,1,679,529,57,47
2024-08-28,2,1,679,591,57,51
2024-08-29,2,1,679,621,57,37
2024-08-30,2,1,679,434,57,30
2024-08-31,2,1,679,634,57,38
2024-09-01,2,1,679,482,57,37
2024-09-02,2,1,679,506,57,35
2024-09-03,2,1,679,398,57,24
2024-09-04,2,1,679,440,57,48
2024-09-05,2,1,679,451,57,49
2024-09-06,2,1,679,582,57,33
2024-09-07,2,1,679,539,57,22
2024-09-08,2,1,679,340,57,40
2024-09-09,2,1,679,580,57,23
2024-09-10,2,1,679,598,57,27
2024-09-11,2,1,679,344,57,34
2024-09-12,2,1,679,540,57,30
2024-09-13,2,1,679,415,57,30
2024-09-14,2,1,679,414,57,39
2024-09-15,2,1,679,573,57,31
2024-09-16,2,1,679,598,57,22
2024-09-17,2,1,679,643,57,45
2024-09-18,2,1,679,485,57,45
2024-09-19,2,1,679,439,57,38
2024-09-20,2,1,679,512,57,31
2024-09-21,2,1,679,503,57,40
2024-09-22,2,1,679,428,57,45
2024-09-23,2,1,679,552,57,49
2024-09-24,2,1,679,375,57,43
2024-09-25,2,1,679,447,57,29
2024-09-26,2,1,679,532,57,51
2024-09-27,2,1,679,375,57,54
2024-09-28,2,1,679,475,57,38
2024-09-29,2,1,679,540,57,33
2024-09-30,2,1,679,373,57,48
2024-10-01,2,1,679,363,57,45
2024-10-02,2,1,679,513,57,31
2024-10-03,2,1,679,512,57,32
2024-10-04,2,1,679,440,57,33
2024-10-05,2,1,679,635,57,47
2024-10-06,2,1,679,370,57,26
2024-10-07,2,1,679,546,57,52
2024-10-08,2,1,679,429,57,52
2024-10-09,2,1,679,381,57,53
2024-10-10,2,1,679,628,57,44
2024-10-11,2,1,679,392,57,51
2024-10-12,2,1,679,394,57,37
2024-10-13,2,1,679,530,57,23
2024-10-14,2,1,679,380,57,36
2024-10-15,2,1,679,611,57,44
2024-10-16,2,1,679,466,57,26
2024-10-17,2,1,679,547,57,29
2024-10-18,2,1,679,481,57,47
2024-10-19,2,1,679,492,57,36
2024-10-20,2,1,679,565,57,27
2024-10-21,2,1,679,586,57,54
2024-10-22,2,1,679,400,57,29
2024-10-23,2,1,679,402,57,34
2024-10-24,2,1,679,462,57,30
2024-10-25,2,1,679,445,57,49
2024-10-26,2,1,679,564,57,44
2024-10-27,2,1,679,643,57,52
2024-10-28,2,1,679,429,57,29
2024-10-29,2,1,679,489,57,37
2024-10-30,2,1,679,513,57,25
2024-10-31,2,1,679,605,57,36
2024-11-01,2,1,679,573,57,33
2024-11-02,2,1,679,371,57,51
2024-11-03,2,1,679,426,57,28
2024-11-04,2,1,679,381,57,40
2024-11-05,2,1,679,460,57,22
2024-11-06,2,1,679,424,57,44
2024-11-07,2,1,679,542,57,44
2024-11-08,2,1,679,388,57,45
2024-11-09,2,1,679,401,57,51
2024-11-10,2,1,679,376,57,41
2024-11-11,2,1,679,512,57,32
2024-11-12,2,1,679,563,57,23
2024-11-13,2,1,679,634,57,35
2024-11-14,2,1,679,422,57,37
2024-11-15,2,1,679,473,57,49
2024-11-16,2,1,679,592,57,34
2024-11-17,2,1,679,445,57,34
2024-11-18,2,1,679,417,57,24
2024-11-19,2,1,679,468,57,43
2024-11-20,2,1,679,498,57,43
2024-11-21,2,1,679,492,57,48
2024-11-22,2,1,679,606,57,39
2024-11-23,2,1,679,557,57,54
2024-11-24,2,1,679,465,57,38
2024-11-25,2,1,679,576,57,44
2024-11-26,2,1,679,533,57,31
2024-11-27,2,1,679,540,57,34
2024-11-28,2,1,679,570,57,31
2024-11-29,2,1,679,527,57,30
2024-11-30,2,1,679,442,57,40
2024-12-01,2,1,679,363,57,26
2024-12-02,2,1,679,621,57,53
2024-12-03,2,1,679,404,57,44
2024-12-04,2,1,679,470,57,22
2024-12-05,2,1,679,420,57,49
2024-12-06,2,1,679,453,57,31
2024-12-07,2,1,679,373,57,52
2024-12-08,2,1,679,450,57,54
2024-12-09,2,1,679,517,57,50
2024-12-10,2,1,679,594,57,51
2024-12-11,2,1,679,403,57,34
2024-12-12,2,1,679,360,57,35
2024-12-13,2,1,679,399,57,41
2024-12-14,2,1,679,404,57,34
2024-12-15,2,1,679,501,57,37
2024-12-16,2,1,679,484,57,53
2024-12-17,2,1,679,441,57,26
2024-12-18,2,1,679,643,57,53
2024-12-19,2,1,679,519,57,53
2024-12-20,2,1,679,587,57,44
2024-12-21,2,1,679,376,57,51
2024-12-22,2,1,679,412,57,49
2024-12-23,2,1,679,616,57,33
2024-12-24,2,1,679,384,57,44
2024-12-25,2,1,679,439,57,46
2024-12-26,2,1,679,533,57,48
2024-12-27,2,1,679,365,57,29
2024-12-28,2,1,679,363,57,44
2024-12-29,2,1,679,443,57,42
2024-12-30,2,1,679,604,57,30
2024-12-31,2,1,679,371,57,32
2023-01-01,2,2,679,519,57,36
2023-01-02,2,2,679,380,57,38
2023-01-03,2,2,679,363,57,40
2023-01-04,2,2,679,366,57,49
2023-01-05,2,2,679,368,57,39
2023-01-06,2,2,679,358,57,28
2023-01-07,2,2,679,514,57,49
2023-01-08,2,2,679,559,57,54
2023-01-09,2,2,679,355,57,47
2023-01-10,2,2,679,606,57,49
2023-01-11,2,2,679,582,57,23
2023-01-12,2,2,679,525,57,23
2023-01-13,2,2,679,496,57,47
2023-01-14,2,2,679,615,57,51
2023-01-15,2,2,679,543,57,42
2023-01-16,2,2,679,551,57,43
2023-01-17,2,2,679,535,57,51
2023-01-18,2,2,679,470,57,23
2023-01-19,2,2,679,408,57,23
2023-01-20,2,2,679,538,57,43
2023-01-21,2,2,679,486,57,28
2023-01-22,2,2,679,577,57,22
2023-01-23,2,2,679,465,57,27
2023-01-24,2,2,679,500,57,34
2023-01-25,2,2,679,618,57,52
2023-01-26,2,2,679,445,57,38
2023-01-27,2,2,679,446,57,35
2023-01-28,2,2,679,504,57,47
2023-01-29,2,2,679,593,57,53
2023-01-30,2,2,679,459,57,44
2023-01-31,2,2,679,555,57,29
2023-02-01,2,2,679,561,57,26
2023-02-02,2,2,679,440,57,25
2023-02-03,2,2,679,450,57,37
2023-02-04,2,2,679,579,57,38
2023-02-05,2,2,679,496,57,48
2023-02-06,2,2,679,543,57,30
2023-02-07,2,2,679,600,57,52
2023-02-08,2,2,679,458,57,43
2023-02-09,2,2,679,366,57,42
2023-02-10,2,2,679,383,57,34
2023-02-11,2,2,679,644,57,26
2023-02-12,2,2,679,442,57,23
2023-02-13,2,2,679,368,57,47
2023-02-14,2,2,679,566,57,34
2023-02-15,2,2,679,530,57,34
2023-02-16,2,2,679,437,57,40
2023-02-17,2,2,679,594,57,38
2023-02-18,2,2,679,534,57,31
2023-02-19,2,2,679,432,57,45
2023-02-20,2,2,679,522,57,47
2023-02-21,2,2,679,396,57,30
2023-02-22,2,2,679,610,57,29
2023-02-23,2,2,679,406,57,35
2023-02-24,2,2,679,552,57,42
2023-02-25,2,2,679,512,57,49
2023-02-26,2,2,679,343,57,24
2023-02-27,2,2,679,353,57,28
2023-02-28,2,2,679,614,57,52
2023-03-01,2,2,679,604,57,24
2023-03-02,2,2,679,588,57,34
2023-03-03,2,2,679,582,57,34
2023-03-04,2,2,679,514,57,34
2023-03-05,2,2,679,454,57,34
2023-03-06,2,2,679,572,57,22
2023-03-07,2,2,679,440,57,32
2023-03-08,2,2,679,414,57,23
2023-03-09,2,2,679,564,57,51
2023-03-10,2,2,679,513,57,25
2023-03-11,2,2,679,379,57,27
2023-03-12,2,2,679,547,57,25
2023-03-13,2,2,679,360,57,53
2023-03-14,2,2,679,381,57,47
2023-03-15,2,2,679,444,57,48
2023-03-16,2,2,679,586,57,48
2023-03-17,2,2,679,638,57,27
2023-03-18,2,2,679,401,57,26
2023-03-19,2,2,679,574,57,36
2023-03-20,2,2,679,455,57,31
2023-03-21,2,2,679,404,57,44
2023-03-22,2,2,679,422,57,53
2023-03-23,2,2,679,432,57,48
2023-03-24,2,2,679,518,57,52
2023-03-25,2,2,679,378,57,32
2023-03-26,2,2,679,380,57,26
2023-03-27,2,2,679,575,57,35
2023-03-28,2,2,679,462,57,49
2023-03-29,2,2,679,419,57,51
2023-03-30,2,2,679,544,57,26
2023-03-31,2,2,679,419,57,51
2023-04-01,2,2,679,588,57,41
2023-04-02,2,2,679,620,57,48
2023-04-03,2,2,679,621,57,27
2023-04-04,2,2,679,485,57,45
2023-04-05,2,2,679,370,57,33
2023-04-06,2,2,679,390,57,45
2023-04-07,2,2,679,616,57,52
2023-04-08,2,2,679,471,57,24
2023-04-09,2,2,679,387,57,31
2023-04-10,2,2,679,642,57,54
2023-04-11,2,2,679,503,57,39
2023-04-12,2,2,679,355,57,38
2023-04-13,2,2,679,492,57,42
2023-04-14,2,2,679,574,57,30
2023-04-15,2,2,679,399,57,36
2023-04-16,2,2,679,552,57,27
2023-04-17,2,2,679,504,57,40
2023-04-18,2,2,679,641,57,27
2023-04-19,2,2,679,480,57,28
2023-04-20,2,2,679,564,57,34
2023-04-21,2,2,679,594,57,36
2023-04-22,2,2,679,442,57,30
2023-04-23,2,2,679,460,57,25
2023-04-24,2,2,679,374,57,32
2023-04-25,2,2,679,549,57,47
2023-04-26,2,2,679,498,57,49
2023-04-27,2,2,679,582,57,26
2023-04-28,2,2,679,610,57,52
2023-04-29,2,2,679,340,57,42
2023-04-30,2,2,679,563,57,31
2023-05-01,2,2,679,540,57,35
2023-05-02,2,2,679,628,57,38
2023-05-03,2,2,679,369,57,32
2023-05-04,2,2,679,553,57,48
2023-05-05,2,2,679,608,57,32
2023-05-06,2,2,679,510,57,29
2023-05-07,2,2,679,514,57,24
2023-05-08,2,2,679,559,57,42
2023-05-09,2,2,679,521,57,47
2023-05-10,2,2,679,563,57,43
2023-05-11,2,2,679,344,57,29
2023-05-12,2,2,679,456,57,24
2023-05-13,2,2,679,422,57,36
2023-05-14,2,2,679,511,57,31
2023-05-15,2,2,679,399,57,51
2023-05-16,2,2,679,426,57,38
2023-05-17,2,2,679,399,57,51
2023-05-18,2,2,679,555,57,49
2023-05-19,2,2,679,480,57,23
2023-05-20,2,2,679,506,57,47
2023-05-21,2,2,679,434,57,36
2023-05-22,2,2,679,408,57,43
2023-05-23,2,2,679,375,57,27
2023-05-24,2,2,679,622,57,25
2023-05-25,2,2,679,390,57,26
2023-05-26,2,2,679,367,57,40
2023-05-27,2,2,679,369,57,42
2023-05-28,2,2,679,556,57,32
2023-05-29,2,2,679,532,57,45
2023-05-30,2,2,679,615,57,48
2023-05-31,2,2,679,412,57,41
2023-06-01,2,2,679,413,57,25
2023-06-02,2,2,679,394,57,37
2023-06-03,2,2,679,645,57,50
2023-06-04,2,2,679,404,57,36
2023-06-05,2,2,679,374,57,35
2023-06-06,2,2,679,556,57,33
2023-06-07,2,2,679,421,57,44
2023-06-08,2,2,679,535,57,38
2023-06-09,2,2,679,452,57,49
2023-06-10,2,2,679,596,57,49
2023-06-11,2,2,679,353,57,36
2023-06-12,2,2,679,476,57,52
2023-06-13,2,2,679,370,57,23
2023-06-14,2,2,679,429,57,27
2023-06-15,2,2,679,460,57,41
2023-06-16,2,2,679,575,57,46
2023-06-17,2,2,679,375,57,28
2023-06-18,2,2,679,393,57,45
2023-06-19,2,2,679,575,57,50
2023-06-20,2,2,679,344,57,23
2023-06-21,2,2,679,560,57,49
2023-06-22,2,2,679,642,57,44
2023-06-23,2,2,679,453,57,27
2023-06-24,2,2,679,403,57,33
2023-06-25,2,2,679,599,57,27
2023-06-26,2,2,679,435,57,47
2023-06-27,2,2,679,359,57,36
2023-06-28,2,2,679,481,57,22
2023-06-29,2,2,679,360,57,33
2023-06-30,2,2,679,415,57,52
2023-07-01,2,2,679,538,57,26
2023-07-02,2,2,679,405,57,24
2023-07-03,2,2,679,539,57,42
2023-07-04,2,2,679,495,57,26
2023-07-05,2,2,679,505,57,51
2023-07-06,2,2,679,395,57,43
2023-07-07,2,2,679,396,57,42
2023-07-08,2,2,679,494,57,50
2023-07-09,2,2,679,346,57,35
2023-07-10,2,2,679,451,57,50
2023-07-11,2,2,679,371,57,26
2023-07-12,2,2,679,340,57,33
2023-07-13,2,2,679,445,57,43
2023-07-14,2,2,679,462,57,32
2023-07-15,2,2,679,353,57,29
2023-07-16,2,2,679,604,57,37
2023-07-17,2,2,679,494,57,30
2023-07-18,2,2,679,409,57,27
2023-07-19,2,2,679,639,57,30
2023-07-20,2,2,679,467,57,45
2023-07-21,2,2,679,643,57,37
2023-07-22,2,2,679,632,57,54
2023-07-23,2,2,679,515,57,22
2023-07-24,2,2,679,344,57,26
2023-07-25,2,2,679,603,57,40
2023-07-26,2,2,679,469,57,25
2023-07-27,2,2,679,414,57,47
2023-07-28,2,2,679,422,57,38
2023-07-29,2,2,679,416,57,35
2023-07-30,2,2,679,382,57,46
2023-07-31,2,2,679,505,57,52
2023-08-01,2,2,679,341,57,54
2023-08-02,2,2,679,499,57,36
2023-08-03,2,2,679,370,57,33
2023-08-04,2,2,679,452,57,35
2023-08-05,2,2,679,537,57,36
2023-08-06,2,2,679,644,57,27
2023-08-07,2,2,679,454,57,29
2023-08-08,2,2,679,632,57,45
2023-08-09,2,2,679,565,57,34
2023-08-10,2,2,679,384,57,27
2023-08-11,2,2,679,489,57,34
2023-08-12,2,2,679,384,57,46
2023-08-13,2,2,679,535,57,26
2023-08-14,2,2,679,364,57,36
2023-08-15,2,2,679,522,57,22
2023-08-16,2,2,679,477,57,30
2023-08-17,2,2,679,595,57,29
2023-08-18,2,2,679,599,57,29
2023-08-19,2,2,679,417,57,38
2023-08-20,2,2,679,389,57,43
2023-08-21,2,2,679,532,57,44
2023-08-22,2,2,679,496,57,39
2023-08-23,2,2,679,526,57,47
2023-08-24,2,2,679,543,57,41
2023-08-25,2,2,679,392,57,31
2023-08-26,2,2,679,361,57,33
2023-08-27,2,2,679,599,57,40
2023-08-28,2,2,679,401,57,39
2023-08-29,2,2,679,502,57,48
2023-08-30,2,2,679,534,57,38
2023-08-31,2,2,679,573,57,25
2023-09-01,2,2,679,453,57,30
2023-09-02,2,2,679,419,57,40
2023-09-03,2,2,679,532,57,24
2023-09-04,2,2,679,488,57,51
2023-09-05,2,2,679,428,57,43
2023-09-06,2,2,679,409,57,49
2023-09-07,2,2,679,450,57,48
2023-09-08,2,2,679,509,57,54
2023-09-09,2,2,679,639,57,49
2023-09-10,2,2,679,468,57,48
2023-09-11,2,2,679,442,57,29
2023-09-12,2,2,679,529,57,33
2023-09-13,2,2,679,509,57,46
2023-09-14,2,2,679,359,57,25
2023-09-15,2,2,679,632,57,22
2023-09-16,2,2,679,558,57,27
2023-09-17,2,2,679,527,57,45
2023-09-18,2,2,679,432,57,31
2023-09-19,2,2,679,631,57,50
2023-09-20,2,2,679,640,57,47
2023-09-21,2,2,679,643,57,31
2023-09-22,2,2,679,366,57,47
2023-09-23,2,2,679,533,57,44
2023-09-24,2,2,679,382,57,43
2023-09-25,2,2,679,446,57,49
2023-09-26,2,2,679,513,57,53
2023-09-27,2,2,679,552,57,31
2023-09-28,2,2,679,414,57,33
2023-09-29,2,2,679,476,57,45
2023-09-30,2,2,679,496,57,38
2023-10-01,2,2,679,458,57,33
2023-10-02,2,2,679,613,57,34
2023-10-03,2,2,679,409,57,23
2023-10-04,2,2,679,497,57,29
2023-10-05,2,2,679,444,57,24
2023-10-06,2,2,679,511,57,48
2023-10-07,2,2,679,457,57,28
2023-10-08,2,2,679,565,57,25
2023-10-09,2,2,679,474,57,38
2023-10-10,2,2,679,385,57,54
2023-10-11,2,2,679,622,57,54
2023-10-12,2,2,679,636,57,46
2023-10-13,2,2,679,380,57,44
2023-10-14,2,2,679,576,57,23
2023-10-15,2,2,679,545,57,43
2023-10-16,2,2,679,419,57,48
2023-10-17,2,2,679,439,57,26
2023-10-18,2,2,679,449,57,23
2023-10-19,2,2,679,482,57,34
2023-10-20,2,2,679,415,57,24
2023-10-21,2,2,679,491,57,31
2023-10-22,2,2,679,516,57,28
2023-10-23,2,2,679,538,57,50
2023-10-24,2,2,679,367,57,32
2023-10-25,2,2,679,487,57,34
2023-10-26,2,2,679,439,57,23
2023-10-27,2,2,679,353,57,54
2023-10-28,2,2,679,535,57,52
2023-10-29,2,2,679,356,57,47
2023-10-30,2,2,679,605,57,43
2023-10-31,2,2,679,381,57,49
2023-11-01,2,2,679,343,57,54
2023-11-02,2,2,679,452,57,38
2023-11-03,2,2,679,628,57,34
2023-11-04,2,2,679,443,57,44
2023-11-05,2,2,679,358,57,51
2023-11-06,2,2,679,632,57,46
2023-11-07,2,2,679,504,57,52
2023-11-08,2,2,679,448,57,24
2023-11-09,2,2,679,561,57,46
2023-11-10,2,2,679,426,57,49
2023-11-11,2,2,679,541,57,24
2023-11-12,2,2,679,401,57,38
2023-11-13,2,2,679,644,57,33
2023-11-14,2,2,679,443,57,46
2023-11-15,2,2,679,444,57,41
2023-11-16,2,2,679,637,57,40
2023-11-17,2,2,679,342,57,27
2023-11-18,2,2,679,637,57,28
2023-11-19,2,2,679,350,57,28
2023-11-20,2,2,679,352,57,49
2023-11-21,2,2,679,415,57,38
2023-11-22,2,2,679,352,57,24
2023-11-23,2,2,679,630,57,41
2023-11-24,2,2,679,344,57,23
2023-11-25,2,2,679,535,57,44
2023-11-26,2,2,679,585,57,44
2023-11-27,2,2,679,471,57,30
2023-11-28,2,2,679,432,57,22
2023-11-29,2,2,679,341,57,43
2023-11-30,2,2,679,340,57,34
2023-12-01,2,2,679,404,57,40
2023-12-02,2,2,679,375,57,52
2023-12-03,2,2,679,395,57,43
2023-12-04,2,2,679,408,57,26
2023-12-05,2,2,679,412,57,49
2023-12-06,2,2,679,480,57,35
2023-12-07,2,2,679,592,57,25
2023-12-08,2,2,679,412,57,43
2023-12-09,2,2,679,636,57,27
2023-12-10,2,2,679,341,57,42
2023-12-11,2,2,679,514,57,31
2023-12-12,2,2,679,470,57,26
2023-12-13,2,2,679,450,57,50
2023-12-14,2,2,679,351,57,47
2023-12-15,2,2,679,558,57,38
2023-12-16,2,2,679,569,57,29
2023-12-17,2,2,679,590,57,24
2023-12-18,2,2,679,634,57,35
2023-12-19,2,2,679,576,57,35
2023-12-20,2,2,679,577,57,50
2023-12-21,2,2,679,518,57,41
2023-12-22,2,2,679,350,57,37
2023-12-23,2,2,679,527,57,49
2023-12-24,2,2,679,460,57,30
2023-12-25,2,2,679,385,57,48
2023-12-26,2,2,679,507,57,45
2023-12-27,2,2,679,481,57,34
2023-12-28,2,2,679,466,57,29
2023-12-29,2,2,679,631,57,30
2023-12-30,2,2,679,605,57,44
2023-12-31,2,2,679,612,57,32
2024-01-01,2,2,679,370,57,41
2024-01-02,2,2,679,573,57,43
2024-01-03,2,2,679,570,57,22
2024-01-04,2,2,679,518,57,46
2024-01-05,2,2,679,555,57,28
2024-01-06,2,2,679,480,57,31
2024-01-07,2,2,679,542,57,29
2024-01-08,2,2,679,434,57,48
2024-01-09,2,2,679,554,57,48
2024-01-10,2,2,679,477,57,32
2024-01-11,2,2,679,480,57,51
2024-01-12,2,2,679,453,57,27
2024-01-13,2,2,679,442,57,54
2024-01-14,2,2,679,634,57,35
2024-01-15,2,2,679,611,57,30
2024-01-16,2,2,679,629,57,28
2024-01-17,2,2,679,511,57,28
2024-01-18,2,2,679,394,57,24
2024-01-19,2,2,679,629,57,27
2024-01-20,2,2,679,458,57,43
2024-01-21,2,2,679,401,57,47
2024-01-22,2,2,679,397,57,29
2024-01-23,2,2,679,341,57,26
2024-01-24,2,2,679,567,57,46
2024-01-25,2,2,679,529,57,37
2024-01-26,2,2,679,581,57,50
2024-01-27,2,2,679,570,57,50
2024-01-28,2,2,679,492,57,23
2024-01-29,2,2,679,376,57,33
2024-01-30,2,2,679,585,57,31
2024-01-31,2,2,679,574,57,41
2024-02-01,2,2,679,437,57,46
2024-02-02,2,2,679,629,57,43
2024-02-03,2,2,679,533,57,53
2024-02-04,2,2,679,551,57,49
2024-02-05,2,2,679,380,57,47
2024-02-06,2,2,679,524,57,30
2024-02-07,2,2,679,390,57,33
2024-02-08,2,2,679,426,57,32
2024-02-09,2,2,679,629,57,49
2024-02-10,2,2,679,478,57,26
2024-02-11,2,2,679,372,57,54
2024-02-12,2,2,679,612,57,35
2024-02-13,2,2,679,413,57,32
2024-02-14,2,2,679,348,57,23
2024-02-15,2,2,679,552,57,30
2024-02-16,2,2,679,417,57,45
2024-02-17,2,2,679,538,57,25
2024-02-18,2,2,679,600,57,37
2024-02-19,2,2,679,413,57,31
2024-02-20,2,2,679,608,57,33
2024-02-21,2,2,679,585,57,23
2024-02-22,2,2,679,520,57,43
2024-02-23,2,2,679,487,57,38
2024-02-24,2,2,679,618,57,52
2024-02-25,2,2,679,619,57,44
2024-02-26,2,2,679,560,57,47
2024-02-27,2,2,679,389,57,50
2024-02-28,2,2,679,479,57,41
2024-02-29,2,2,679,595,57,43
2024-03-01,2,2,679,428,57,47
2024-03-02,2,2,679,397,57,47
2024-03-03,2,2,679,420,57,30
2024-03-04,2,2,679,572,57,27
2024-03-05,2,2,679,371,57,53
2024-03-06,2,2,679,543,57,36
2024-03-07,2,2,679,482,57,54
2024-03-08,2,2,679,464,57,27
2024-03-09,2,2,679,515,57,54
2024-03-10,2,2,679,439,57,44
2024-03-11,2,2,679,445,57,41
2024-03-12,2,2,679,624,57,54
2024-03-13,2,2,679,636,57,45
2024-03-14,2,2,679,572,57,37
2024-03-15,2,2,679,635,57,26
2024-03-16,2,2,679,634,57,54
2024-03-17,2,2,679,396,57,26
2024-03-18,2,2,679,350,57,34
2024-03-19,2,2,679,346,57,32
2024-03-20,2,2,679,346,57,45
2024-03-21,2,2,679,620,57,29
2024-03-22,2,2,679,441,57,52
2024-03-23,2,2,679,477,57,30
2024-03-24,2,2,679,514,57,45
2024-03-25,2,2,679,619,57,44
2024-03-26,2,2,679,415,57,26
2024-03-27,2,2,679,445,57,26
2024-03-28,2,2,679,499,57,48
2024-03-29,2,2,679,548,57,27
2024-03-30,2,2,679,425,57,31
2024-03-31,2,2,679,558,57,32
2024-04-01,2,2,679,394,57,41
2024-04-02,2,2,679,476,57,32
2024-04-03,2,2,679,463,57,47
2024-04-04,2,2,679,521,57,27
2024-04-05,2,2,679,474,57,45
2024-04-06,2,2,679,609,57,50
2024-04-07,2,2,679,626,57,47
2024-04-08,2,2,679,583,57,42
2024-04-09,2,2,679,521,57,31
2024-04-10,2,2,679,460,57,46
2024-04-11,2,2,679,451,57,31
2024-04-12,2,2,679,519,57,30
2024-04-13,2,2,679,396,57,46
2024-04-14,2,2,679,514,57,24
2024-04-15,2,2,679,537,57,43
2024-04-16,2,2,679,461,57,26
2024-04-17,2,2,679,423,57,50
2024-04-18,2,2,679,564,57,40
2024-04-19,2,2,679,480,57,46
2024-04-20,2,2,679,580,57,50
2024-04-21,2,2,679,591,57,27
2024-04-22,2,2,679,410,57,27
2024-04-23,2,2,679,563,57,48
2024-04-24,2,2,679,496,57,47
2024-04-25,2,2,679,415,57,24
2024-04-26,2,2,679,473,57,26
2024-04-27,2,2,679,349,57,32
2024-04-28,2,2,679,605,57,52
2024-04-29,2,2,679,541,57,48
2024-04-30,2,2,679,502,57,43
2024-05-01,2,2,679,555,57,27
2024-05-02,2,2,679,638,57,33
2024-05-03,2,2,679,617,57,49
2024-05-04,2,2,679,448,57,35
2024-05-05,2,2,679,454,57,48
2024-05-06,2,2,679,633,57,27
2024-05-07,2,2,679,359,57,27
2024-05-08,2,2,679,555,57,29
2024-05-09,2,2,679,461,57,52
2024-05-10,2,2,679,427,57,54
2024-05-11,2,2,679,450,57,31
2024-05-12,2,2,679,581,57,25
2024-05-13,2,2,679,624,57,40
2024-05-14,2,2,679,636,57,49
2024-05-15,2,2,679,618,57,43
2024-05-16,2,2,679,407,57,33
2024-05-17,2,2,679,578,57,24
2024-05-18,2,2,679,474,57,34
2024-05-19,2,2,679,623,57,40
2024-05-20,2,2,679,485,57,33
2024-05-21,2,2,679,460,57,45
2024-05-22,2,2,679,573,57,47
2024-05-23,2,2,679,415,57,45
2024-05-24,2,2,679,421,57,24
2024-05-25,2,2,679,623,57,37
2024-05-26,2,2,679,360,57,47
2024-05-27,2,2,679,522,57,26
2024-05-28,2,2,679,357,57,46
2024-05-29,2,2,679,437,57,41
2024-05-30,2,2,679,406,57,50
2024-05-31,2,2,679,584,57,45
2024-06-01,2,2,679,517,57,42
2024-06-02,2,2,679,534,57,44
2024-06-03,2,2,679,479,57,39
2024-06-04,2,2,679,381,57,26
2024-06-05,2,2,679,410,57,22
2024-06-06,2,2,679,629,57,25
2024-06-07,2,2,679,570,57,28
2024-06-08,2,2,679,434,57,40
2024-06-09,2,2,679,586,57,38
2024-06-10,2,2,679,510,57,36
2024-06-11,2,2,679,583,57,39
2024-06-12,2,2,679,372,57,39
2024-06-13,2,2,679,557,57,42
2024-06-14,2,2,679,461,57,29
2024-06-15,2,2,679,578,57,34
2024-06-16,2,2,679,457,57,43
2024-06-17,2,2,679,612,57,44
2024-06-18,2,2,679,582,57,28
2024-06-19,2,2,679,455,57,51
2024-06-20,2,2,679,386,57,28
2024-06-21,2,2,679,551,57,32
2024-06-22,2,2,679,371,57,34
2024-06-23,2,2,679,496,57,39
2024-06-24,2,2,679,439,57,24
2024-06-25,2,2,679,454,57,41
2024-06-26,2,2,679,410,57,24
2024-06-27,2,2,679,484,57,26
2024-06-28,2,2,679,423,57,33
2024-06-29,2,2,679,341,57,34
2024-06-30,2,2,679,633,57,47
2024-07-01,2,2,679,572,57,28
2024-07-02,2,2,679,483,57,25
2024-07-03,2,2,679,396,57,25
2024-07-04,2,2,679,502,57,41
2024-07-05,2,2,679,363,57,48
2024-07-06,2,2,679,628,57,38
2024-07-07,2,2,679,485,57,49
2024-07-08,2,2,679,477,57,25
2024-07-09,2,2,679,474,57,22
2024-07-10,2,2,679,372,57,28
2024-07-11,2,2,679,452,57,38
2024-07-12,2,2,679,431,57,52
2024-07-13,2,2,679,381,57,48
2024-07-14,2,2,679,450,57,47
2024-07-15,2,2,679,529,57,40
2024-07-16,2,2,679,494,57,33
2024-07-17,2,2,679,579,57,31
2024-07-18,2,2,679,556,57,36
2024-07-19,2,2,679,346,57,23
2024-07-20,2,2,679,439,57,24
2024-07-21,2,2,679,556,57,35
2024-07-22,2,2,679,390,57,44
2024-07-23,2,2,679,611,57,29
2024-07-24,2,2,679,612,57,35
2024-07-25,2,2,679,545,57,32
2024-07-26,2,2,679,346,57,30
2024-07-27,2,2,679,479,57,51
2024-07-28,2,2,679,567,57,41
2024-07-29,2,2,679,465,57,27
2024-07-30,2,2,679,423,57,30
2024-07-31,2,2,679,497,57,50
2024-08-01,2,2,679,609,57,37
2024-08-02,2,2,679,374,57,26
2024-08-03,2,2,679,498,57,25
2024-08-04,2,2,679,435,57,39
2024-08-05,2,2,679,573,57,52
2024-08-06,2,2,679,537,57,41
2024-08-07,2,2,679,401,57,37
2024-08-08,2,2,679,556,57,24
2024-08-09,2,2,679,417,57,35
2024-08-10,2,2,679,514,57,44
2024-08-11,2,2,679,554,57,42
2024-08-12,2,2,679,506,57,24
2024-08-13,2,2,679,401,57,31
2024-08-14,2,2,679,389,57,48
2024-08-15,2,2,679,446,57,45
2024-08-16,2,2,679,566,57,28
2024-08-17,2,2,679,489,57,22
2024-08-18,2,2,679,535,57,41
2024-08-19,2,2,679,596,57,51
2024-08-20,2,2,679,481,57,35
2024-08-21,2,2,679,603,57,42
2024-08-22,2,2,679,575,57,23
2024-08-23,2,2,679,446,57,39
2024-08-24,2,2,679,362,57,53
2024-08-25,2,2,679,643,57,23
2024-08-26,2,2,679,431,57,54
2024-08-27,2,2,679,587,57,34
2024-08-28,2,2,679,458,57,38
2024-08-29,2,2,679,446,57,22
2024-08-30,2,2,679,592,57,47
2024-08-31,2,2,679,605,57,32
2024-09-01,2,2,679,447,57,36
2024-09-02,2,2,679,413,57,49
2024-09-03,2,2,679,552,57,28
2024-09-04,2,2,679,419,57,34
2024-09-05,2,2,679,589,57,24
2024-09-06,2,2,679,362,57,25
2024-09-07,2,2,679,374,57,30
2024-09-08,2,2,679,541,57,47
2024-09-09,2,2,679,446,57,52
2024-09-10,2,2,679,440,57,34
2024-09-11,2,2,679,534,57,48
2024-09-12,2,2,679,392,57,31
2024-09-13,2,2,679,457,57,29
2024-09-14,2,2,679,499,57,28
2024-09-15,2,2,679,376,57,51
2024-09-16,2,2,679,532,57,32
2024-09-17,2,2,679,367,57,39
2024-09-18,2,2,679,439,57,23
2024-09-19,2,2,679,600,57,31
2024-09-20,2,2,679,537,57,36
2024-09-21,2,2,679,625,57,50
2024-09-22,2,2,679,440,57,42
2024-09-23,2,2,679,391,57,40
2024-09-24,2,2,679,531,57,23
2024-09-25,2,2,679,372,57,25
2024-09-26,2,2,679,386,57,37
2024-09-27,2,2,679,438,57,45
2024-09-28,2,2,679,637,57,29
2024-09-29,2,2,679,382,57,50
2024-09-30,2,2,679,644,57,34
2024-10-01,2,2,679,536,57,26
2024-10-02,2,2,679,478,57,35
2024-10-03,2,2,679,641,57,43
2024-10-04,2,2,679,428,57,26
2024-10-05,2,2,679,445,57,30
2024-10-06,2,2,679,642,57,43
2024-10-07,2,2,679,644,57,22
2024-10-08,2,2,679,455,57,45
2024-10-09,2,2,679,640,57,38
2024-10-10,2,2,679,587,57,33
2024-10-11,2,2,679,447,57,48
2024-10-12,2,2,679,489,57,25
2024-10-13,2,2,679,586,57,25
2024-10-14,2,2,679,465,57,28
2024-10-15,2,2,679,414,57,30
2024-10-16,2,2,679,431,57,38
2024-10-17,2,2,679,340,57,51
2024-10-18,2,2,679,444,57,47
2024-10-19,2,2,679,500,57,44
2024-10-20,2,2,679,360,57,41
2024-10-21,2,2,679,532,57,24
2024-10-22,2,2,679,469,57,53
2024-10-23,2,2,679,568,57,34
2024-10-24,2,2,679,377,57,46
2024-10-25,2,2,679,499,57,37
2024-10-26,2,2,679,348,57,27
2024-10-27,2,2,679,363,57,38
2024-10-28,2,2,679,633,57,29
2024-10-29,2,2,679,419,57,35
2024-10-30,2,2,679,623,57,28
2024-10-31,2,2,679,450,57,53
2024-11-01,2,2,679,451,57,52
2024-11-02,2,2,679,491,57,45
2024-11-03,2,2,679,350,57,32
2024-11-04,2,2,679,535,57,53
2024-11-05,2,2,679,478,57,33
2024-11-06,2,2,679,504,57,39
2024-11-07,2,2,679,595,57,47
2024-11-08,2,2,679,595,57,26
2024-11-09,2,2,679,398,57,35
2024-11-10,2,2,679,430,57,27
2024-11-11,2,2,679,402,57,39
2024-11-12,2,2,679,405,57,27
2024-11-13,2,2,679,483,57,33
2024-11-14,2,2,679,592,57,49
2024-11-15,2,2,679,560,57,48
2024-11-16,2,2,679,535,57,47
2024-11-17,2,2,679,362,57,22
2024-11-18,2,2,679,500,57,45
2024-11-19,2,2,679,390,57,47
2024-11-20,2,2,679,442,57,30
2024-11-21,2,2,679,531,57,31
2024-11-22,2,2,679,606,57,40
2024-11-23,2,2,679,513,57,29
2024-11-24,2,2,679,428,57,39
2024-11-25,2,2,679,603,57,26
2024-11-26,2,2,679,520,57,41
2024-11-27,2,2,679,591,57,42
2024-11-28,2,2,679,417,57,30
2024-11-29,2,2,679,519,57,28
2024-11-30,2,2,679,586,57,31
2024-12-01,2,2,679,562,57,51
2024-12-02,2,2,679,494,57,50
2024-12-03,2,2,679,490,57,39
2024-12-04,2,2,679,395,57,47
2024-12-05,2,2,679,473,57,54
2024-12-06,2,2,679,586,57,41
2024-12-07,2,2,679,347,57,40
2024-12-08,2,2,679,417,57,46
2024-12-09,2,2,679,577,57,43
2024-12-10,2,2,679,639,57,42
2024-12-11,2,2,679,604,57,26
2024-12-12,2,2,679,549,57,44
2024-12-13,2,2,679,625,57,35
2024-12-14,2,2,679,406,57,49
2024-12-15,2,2,679,563,57,40
2024-12-16,2,2,679,618,57,48
2024-12-17,2,2,679,365,57,44
2024-12-18,2,2,679,443,57,25
2024-12-19,2,2,679,346,57,50
2024-12-20,2,2,679,629,57,30
2024-12-21,2,2,679,408,57,28
2024-12-22,2,2,679,459,57,46
2024-12-23,2,2,679,615,57,23
2024-12-24,2,2,679,455,57,22
2024-12-25,2,2,679,553,57,46
2024-12-26,2,2,679,525,57,24
2024-12-27,2,2,679,540,57,33
2024-12-28,2,2,679,548,57,49
2024-12-29,2,2,679,619,57,29
2024-12-30,2,2,679,636,57,29
2024-12-31,2,2,679,412,57,29
2023-01-01,2,3,679,568,57,25
2023-01-02,2,3,679,560,57,37
2023-01-03,2,3,679,633,57,22
2023-01-04,2,3,679,459,57,26
2023-01-05,2,3,679,517,57,46
2023-01-06,2,3,679,626,57,34
2023-01-07,2,3,679,400,57,33
2023-01-08,2,3,679,572,57,46
2023-01-09,2,3,679,624,57,32
2023-01-10,2,3,679,584,57,23
2023-01-11,2,3,679,360,57,28
2023-01-12,2,3,679,376,57,48
2023-01-13,2,3,679,633,57,33
2023-01-14,2,3,679,421,57,34
2023-01-15,2,3,679,403,57,34
2023-01-16,2,3,679,644,57,31
2023-01-17,2,3,679,525,57,24
2023-01-18,2,3,679,551,57,32
2023-01-19,2,3,679,435,57,29
2023-01-20,2,3,679,573,57,48
2023-01-21,2,3,679,618,57,44
2023-01-22,2,3,679,440,57,46
2023-01-23,2,3,679,567,57,26
2023-01-24,2,3,679,635,57,43
2023-01-25,2,3,679,367,57,24
2023-01-26,2,3,679,542,57,53
2023-01-27,2,3,679,624,57,48
2023-01-28,2,3,679,620,57,46
2023-01-29,2,3,679,429,57,28
2023-01-30,2,3,679,423,57,54
2023-01-31,2,3,679,553,57,43
2023-02-01,2,3,679,551,57,44
2023-02-02,2,3,679,558,57,37
2023-02-03,2,3,679,505,57,33
2023-02-04,2,3,679,421,57,53
2023-02-05,2,3,679,517,57,24
2023-02-06,2,3,679,392,57,54
2023-02-07,2,3,679,454,57,25
2023-02-08,2,3,679,398,57,44
2023-02-09,2,3,679,487,57,40
2023-02-10,2,3,679,608,57,52
2023-02-11,2,3,679,506,57,26
2023-02-12,2,3,679,542,57,53
2023-02-13,2,3,679,500,57,33
2023-02-14,2,3,679,543,57,37
2023-02-15,2,3,679,457,57,29
2023-02-16,2,3,679,420,57,36
2023-02-17,2,3,679,639,57,39
2023-02-18,2,3,679,418,57,31
2023-02-19,2,3,679,511,57,41
2023-02-20,2,3,679,417,57,52
2023-02-21,2,3,679,461,57,38
2023-02-22,2,3,679,615,57,39
2023-02-23,2,3,679,412,57,45
2023-02-24,2,3,679,457,57,30
2023-02-25,2,3,679,599,57,42
2023-02-26,2,3,679,469,57,28
2023-02-27,2,3,679,562,57,36
2023-02-28,2,3,679,602,57,26
2023-03-01,2,3,679,476,57,47
2023-03-02,2,3,679,497,57,22
2023-03-03,2,3,679,496,57,46
2023-03-04,2,3,679,413,57,36
2023-03-05,2,3,679,578,57,24
2023-03-06,2,3,679,603,57,51
2023-03-07,2,3,679,395,57,42
2023-03-08,2,3,679,621,57,40
2023-03-09,2,3,679,579,57,51
2023-03-10,2,3,679,378,57,25
2023-03-11,2,3,679,389,57,41
2023-03-12,2,3,679,441,57,37
2023-03-13,2,3,679,639,57,28
2023-03-14,2,3,679,442,57,22
2023-03-15,2,3,679,561,57,44
2023-03-16,2,3,679,636,57,36
2023-03-17,2,3,679,555,57,27
2023-03-18,2,3,679,479,57,41
2023-03-19,2,3,679,542,57,25
2023-03-20,2,3,679,427,57,41
2023-03-21,2,3,679,396,57,32
2023-03-22,2,3,679,528,57,41
2023-03-23,2,3,679,377,57,28
2023-03-24,2,3,679,414,57,40
2023-03-25,2,3,679,429,57,29
2023-03-26,2,3,679,549,57,36
2023-03-27,2,3,679,378,57,42
2023-03-28,2,3,679,508,57,53
2023-03-29,2,3,679,533,57,46
2023-03-30,2,3,679,568,57,23
2023-03-31,2,3,679,483,57,42
2023-04-01,2,3,679,424,57,36
2023-04-02,2,3,679,508,57,28
2023-04-03,2,3,679,426,57,25
2023-04-04,2,3,679,385,57,54
2023-04-05,2,3,679,516,57,34
2023-04-06,2,3,679,532,57,26
2023-04-07,2,3,679,425,57,53
2023-04-08,2,3,679,357,57,36
2023-04-09,2,3,679,626,57,37
2023-04-10,2,3,679,379,57,35
2023-04-11,2,3,679,608,57,24
2023-04-12,2,3,679,641,57,40
2023-04-13,2,3,679,584,57,26
2023-04-14,2,3,679,516,57,32
2023-04-15,2,3,679,384,57,37
2023-04-16,2,3,679,424,57,39
2023-04-17,2,3,679,636,57,33
2023-04-18,2,3,679,564,57,43
2023-04-19,2,3,679,548,57,27
2023-04-20,2,3,679,631,57,39
2023-04-21,2,3,679,346,57,32
2023-04-22,2,3,679,412,57,28
2023-04-23,2,3,679,455,57,30
2023-04-24,2,3,679,432,57,29
2023-04-25,2,3,679,628,57,44
2023-04-26,2,3,679,541,57,54
2023-04-27,2,3,679,374,57,38
2023-04-28,2,3,679,523,57,42
2023-04-29,2,3,679,502,57,34
2023-04-30,2,3,679,495,57,28
2023-05-01,2,3,679,386,57,45
2023-05-02,2,3,679,568,57,24
2023-05-03,2,3,679,630,57,30
2023-05-04,2,3,679,602,57,44
2023-05-05,2,3,679,638,57,48
2023-05-06,2,3,679,548,57,28
2023-05-07,2,3,679,595,57,25
2023-05-08,2,3,679,409,57,31
2023-05-09,2,3,679,633,57,34
2023-05-10,2,3,679,593,57,30
2023-05-11,2,3,679,525,57,46
2023-05-12,2,3,679,543,57,53
2023-05-13,2,3,679,602,57,47
2023-05-14,2,3,679,536,57,23
2023-05-15,2,3,679,497,57,33
2023-05-16,2,3,679,388,57,30
2023-05-17,2,3,679,540,57,46
2023-05-18,2,3,679,462,57,48
2023-05-19,2,3,679,574,57,53
2023-05-20,2,3,679,366,57,46
2023-05-21,2,3,679,629,57,38
2023-05-22,2,3,679,483,57,24
2023-05-23,2,3,679,363,57,23
2023-05-24,2,3,679,464,57,42
2023-05-25,2,3,679,471,57,44
2023-05-26,2,3,679,465,57,30
2023-05-27,2,3,679,460,57,23
2023-05-28,2,3,679,560,57,35
2023-05-29,2,3,679,570,57,28
2023-05-30,2,3,679,637,57,25
2023-05-31,2,3,679,490,57,48
2023-06-01,2,3,679,537,57,50
2023-06-02,2,3,679,345,57,36
2023-06-03,2,3,679,379,57,44
2023-06-04,2,3,679,535,57,40
2023-06-05,2,3,679,552,57,26
2023-06-06,2,3,679,502,57,29
2023-06-07,2,3,679,550,57,30
2023-06-08,2,3,679,478,57,25
2023-06-09,2,3,679,370,57,44
2023-06-10,2,3,679,422,57,49
2023-06-11,2,3,679,489,57,46
2023-06-12,2,3,679,404,57,38
2023-06-13,2,3,679,482,57,41
2023-06-14,2,3,679,445,57,22
2023-06-15,2,3,679,399,57,37
2023-06-16,2,3,679,471,57,30
2023-06-17,2,3,679,460,57,47
2023-06-18,2,3,679,559,57,52
2023-06-19,2,3,679,615,57,27
2023-06-20,2,3,679,532,57,27
2023-06-21,2,3,679,478,57,28
2023-06-22,2,3,679,591,57,41
2023-06-23,2,3,679,450,57,48
2023-06-24,2,3,679,590,57,47
2023-06-25,2,3,679,490,57,40
2023-06-26,2,3,679,485,57,38
2023-06-27,2,3,679,537,57,40
2023-06-28,2,3,679,572,57,53
2023-06-29,2,3,679,608,57,38
2023-06-30,2,3,679,555,57,46
2023-07-01,2,3,679,433,57,32
2023-07-02,2,3,679,421,57,22
2023-07-03,2,3,679,451,57,39
2023-07-04,2,3,679,342,57,41
2023-07-05,2,3,679,359,57,54
2023-07-06,2,3,679,620,57,45
2023-07-07,2,3,679,451,57,48
2023-07-08,2,3,679,530,57,32
2023-07-09,2,3,679,635,57,31
2023-07-10,2,3,679,642,57,49
2023-07-11,2,3,679,573,57,49
2023-07-12,2,3,679,403,57,41
2023-07-13,2,3,679,496,57,42
2023-07-14,2,3,679,453,57,47
2023-07-15,2,3,679,394,57,29
2023-07-16,2,3,679,354,57,32
2023-07-17,2,3,679,411,57,46
2023-07-18,2,3,679,494,57,34
2023-07-19,2,3,679,616,57,28
2023-07-20,2,3,679,339,57,37
2023-07-21,2,3,679,395,57,47
2023-07-22,2,3,679,504,57,45
2023-07-23,2,3,679,368,57,53
2023-07-24,2,3,679,597,57,24
2023-07-25,2,3,679,413,57,49
2023-07-26,2,3,679,487,57,48
2023-07-27,2,3,679,605,57,50
2023-07-28,2,3,679,515,57,38
2023-07-29,2,3,679,630,57,53
2023-07-30,2,3,679,451,57,49
2023-07-31,2,3,679,388,57,35
2023-08-01,2,3,679,488,57,39
2023-08-02,2,3,679,492,57,47
2023-08-03,2,3,679,496,57,40
2023-08-04,2,3,679,459,57,43
2023-08-05,2,3,679,456,57,36
2023-08-06,2,3,679,519,57,36
2023-08-07,2,3,679,454,57,30
2023-08-08,2,3,679,563,57,38
2023-08-09,2,3,679,534,57,30
2023-08-10,2,3,679,348,57,27
2023-08-11,2,3,679,571,57,38
2023-08-12,2,3,679,573,57,47
2023-08-13,2,3,679,435,57,45
2023-08-14,2,3,679,464,57,52
2023-08-15,2,3,679,571,57,33
2023-08-16,2,3,679,353,57,43
2023-08-17,2,3,679,572,57,40
2023-08-18,2,3,679,500,57,31
2023-08-19,2,3,679,346,57,54
2023-08-20,2,3,679,382,57,35
2023-08-21,2,3,679,499,57,44
2023-08-22,2,3,679,429,57,25
2023-08-23,2,3,679,465,57,22
2023-08-24,2,3,679,412,57,38
2023-08-25,2,3,679,500,57,23
2023-08-26,2,3,679,435,57,52
2023-08-27,2,3,679,536,57,43
2023-08-28,2,3,679,434,57,23
2023-08-29,2,3,679,377,57,22
2023-08-30,2,3,679,345,57,37
2023-08-31,2,3,679,364,57,38
2023-09-01,2,3,679,642,57,54
2023-09-02,2,3,679,524,57,45
2023-09-03,2,3,679,393,57,43
2023-09-04,2,3,679,394,57,24
2023-09-05,2,3,679,464,57,23
2023-09-06,2,3,679,400,57,27
2023-09-07,2,3,679,582,57,43
2023-09-08,2,3,679,467,57,43
2023-09-09,2,3,679,423,57,54
2023-09-10,2,3,679,427,57,35
2023-09-11,2,3,679,431,57,48
2023-09-12,2,3,679,434,57,42
2023-09-13,2,3,679,380,57,24
2023-09-14,2,3,679,506,57,38
2023-09-15,2,3,679,381,57,37
2023-09-16,2,3,679,542,57,45
2023-09-17,2,3,679,356,57,33
2023-09-18,2,3,679,475,57,29
2023-09-19,2,3,679,478,57,49
2023-09-20,2,3,679,641,57,38
2023-09-21,2,3,679,436,57,23
2023-09-22,2,3,679,408,57,32
2023-09-23,2,3,679,453,57,41
2023-09-24,2,3,679,606,57,47
2023-09-25,2,3,679,592,57,53
2023-09-26,2,3,679,527,57,52
2023-09-27,2,3,679,427,57,53
2023-09-28,2,3,679,528,57,54
2023-09-29,2,3,679,543,57,54
2023-09-30,2,3,679,423,57,32
2023-10-01,2,3,679,611,57,22
2023-10-02,2,3,679,581,57,52
2023-10-03,2,3,679,524,57,29
2023-10-04,2,3,679,473,57,32
2023-10-05,2,3,679,605,57,45
2023-10-06,2,3,679,586,57,23
2023-10-07,2,3,679,612,57,26
2023-10-08,2,3,679,427,57,27
2023-10-09,2,3,679,502,57,36
2023-10-10,2,3,679,430,57,47
2023-10-11,2,3,679,380,57,40
2023-10-12,2,3,679,403,57,53
2023-10-13,2,3,679,385,57,24
2023-10-14,2,3,679,418,57,47
2023-10-15,2,3,679,569,57,32
2023-10-16,2,3,679,587,57,37
2023-10-17,2,3,679,632,57,27
2023-10-18,2,3,679,387,57,34
2023-10-19,2,3,679,618,57,35
2023-10-20,2,3,679,606,57,28
2023-10-21,2,3,679,443,57,42
2023-10-22,2,3,679,384,57,49
2023-10-23,2,3,679,422,57,36
2023-10-24,2,3,679,621,57,34
2023-10-25,2,3,679,639,57,53
2023-10-26,2,3,679,538,57,47
2023-10-27,2,3,679,551,57,38
2023-10-28,2,3,679,567,57,38
2023-10-29,2,3,679,462,57,22
2023-10-30,2,3,679,612,57,49
2023-10-31,2,3,679,537,57,30
2023-11-01,2,3,679,557,57,34
2023-11-02,2,3,679,596,57,53
2023-11-03,2,3,679,497,57,51
2023-11-04,2,3,679,534,57,36
2023-11-05,2,3,679,566,57,43
2023-11-06,2,3,679,400,57,47
2023-11-07,2,3,679,624,57,53
2023-11-08,2,3,679,515,57,24
2023-11-09,2,3,679,505,57,36
2023-11-10,2,3,679,441,57,32
2023-11-11,2,3,679,450,57,34
2023-11-12,2,3,679,409,57,41
2023-11-13,2,3,679,597,57,50
2023-11-14,2,3,679,416,57,48
2023-11-15,2,3,679,643,57,23
2023-11-16,2,3,679,343,57,28
2023-11-17,2,3,679,344,57,40
2023-11-18,2,3,679,422,57,33
2023-11-19,2,3,679,565,57,23
2023-11-20,2,3,679,558,57,51
2023-11-21,2,3,679,438,57,23
2023-11-22,2,3,679,576,57,29
2023-11-23,2,3,679,452,57,40
2023-11-24,2,3,679,561,57,28
2023-11-25,2,3,679,639,57,35
2023-11-26,2,3,679,495,57,24
2023-11-27,2,3,679,452,57,41
2023-11-28,2,3,679,380,57,27
2023-11-29,2,3,679,560,57,32
2023-11-30,2,3,679,396,57,44
2023-12-01,2,3,679,593,57,22
2023-12-02,2,3,679,428,57,34
2023-12-03,2,3,679,634,57,36
2023-12-04,2,3,679,485,57,30
2023-12-05,2,3,679,591,57,45
2023-12-06,2,3,679,367,57,29
2023-12-07,2,3,679,387,57,25
2023-12-08,2,3,679,584,57,32
2023-12-09,2,3,679,603,57,50
2023-12-10,2,3,679,490,57,25
2023-12-11,2,3,679,467,57,25
2023-12-12,2,3,679,476,57,38
2023-12-13,2,3,679,474,57,41
2023-12-14,2,3,679,487,57,51
2023-12-15,2,3,679,574,57,46
2023-12-16,2,3,679,458,57,47
2023-12-17,2,3,679,614,57,25
2023-12-18,2,3,679,568,57,37
2023-12-19,2,3,679,375,57,47
2023-12-20,2,3,679,555,57,22
2023-12-21,2,3,679,477,57,29
2023-12-22,2,3,679,441,57,44
2023-12-23,2,3,679,492,57,51
2023-12-24,2,3,679,508,57,45
2023-12-25,2,3,679,487,57,36
2023-12-26,2,3,679,510,57,41
2023-12-27,2,3,679,523,57,46
2023-12-28,2,3,679,617,57,30
2023-12-29,2,3,679,444,57,49
2023-12-30,2,3,679,420,57,37
2023-12-31,2,3,679,530,57,32
2024-01-01,2,3,679,475,57,41
2024-01-02,2,3,679,486,57,43
2024-01-03,2,3,679,351,57,28
2024-01-04,2,3,679,533,57,28
2024-01-05,2,3,679,622,57,38
2024-01-06,2,3,679,456,57,27
2024-01-07,2,3,679,494,57,50
2024-01-08,2,3,679,574,57,50
2024-01-09,2,3,679,613,57,54
2024-01-10,2,3,679,510,57,43
2024-01-11,2,3,679,644,57,54
2024-01-12,2,3,679,519,57,31
2024-01-13,2,3,679,472,57,48
2024-01-14,2,3,679,591,57,28
2024-01-15,2,3,679,349,57,42
2024-01-16,2,3,679,613,57,40
2024-01-17,2,3,679,391,57,26
2024-01-18,2,3,679,547,57,24
2024-01-19,2,3,679,643,57,28
2024-01-20,2,3,679,529,57,31
2024-01-21,2,3,679,506,57,27
2024-01-22,2,3,679,528,57,25
2024-01-23,2,3,679,567,57,23
2024-01-24,2,3,679,377,57,39
2024-01-25,2,3,679,527,57,43
2024-01-26,2,3,679,388,57,27
2024-01-27,2,3,679,367,57,54
2024-01-28,2,3,679,374,57,53
2024-01-29,2,3,679,396,57,47
2024-01-30,2,3,679,408,57,27
2024-01-31,2,3,679,546,57,37
2024-02-01,2,3,679,459,57,47
2024-02-02,2,3,679,366,57,51
2024-02-03,2,3,679,354,57,37
2024-02-04,2,3,679,416,57,39
2024-02-05,2,3,679,477,57,45
2024-02-06,2,3,679,368,57,32
2024-02-07,2,3,679,353,57,46
2024-02-08,2,3,679,573,57,54
2024-02-09,2,3,679,610,57,37
2024-02-10,2,3,679,479,57,24
2024-02-11,2,3,679,463,57,45
2024-02-12,2,3,679,378,57,41
2024-02-13,2,3,679,512,57,47
2024-02-14,2,3,679,344,57,22
2024-02-15,2,3,679,362,57,41
2024-02-16,2,3,679,461,57,42
2024-02-17,2,3,679,427,57,22
2024-02-18,2,3,679,549,57,49
2024-02-19,2,3,679,545,57,48
2024-02-20,2,3,679,476,57,54
2024-02-21,2,3,679,380,57,40
2024-02-22,2,3,679,358,57,32
2024-02-23,2,3,679,342,57,27
2024-02-24,2,3,679,434,57,22
2024-02-25,2,3,679,627,57,29
2024-02-26,2,3,679,575,57,32
2024-02-27,2,3,679,423,57,44
2024-02-28,2,3,679,384,57,53
2024-02-29,2,3,679,453,57,54
2024-03-01,2,3,679,624,57,53
2024-03-02,2,3,679,596,57,37
2024-03-03,2,3,679,540,57,37
2024-03-04,2,3,679,588,57,25
2024-03-05,2,3,679,442,57,49
2024-03-06,2,3,679,410,57,45
2024-03-07,2,3,679,429,57,45
2024-03-08,2,3,679,645,57,46
2024-03-09,2,3,679,477,57,41
2024-03-10,2,3,679,487,57,34
2024-03-11,2,3,679,425,57,25
2024-03-12,2,3,679,410,57,41
2024-03-13,2,3,679,598,57,22
2024-03-14,2,3,679,605,57,41
2024-03-15,2,3,679,341,57,28
2024-03-16,2,3,679,434,57,32
2024-03-17,2,3,679,524,57,31
2024-03-18,2,3,679,458,57,27
2024-03-19,2,3,679,492,57,40
2024-03-20,2,3,679,585,57,23
2024-03-21,2,3,679,475,57,24
2024-03-22,2,3,679,440,57,52
2024-03-23,2,3,679,631,57,30
2024-03-24,2,3,679,631,57,44
2024-03-25,2,3,679,571,57,50
2024-03-26,2,3,679,451,57,31
2024-03-27,2,3,679,352,57,44
2024-03-28,2,3,679,408,57,24
2024-03-29,2,3,679,568,57,35
2024-03-30,2,3,679,498,57,22
2024-03-31,2,3,679,360,57,33
2024-04-01,2,3,679,612,57,37
2024-04-02,2,3,679,616,57,52
2024-04-03,2,3,679,485,57,51
2024-04-04,2,3,679,418,57,46
2024-04-05,2,3,679,496,57,32
2024-04-06,2,3,679,387,57,29
2024-04-07,2,3,679,545,57,51
2024-04-08,2,3,679,419,57,40
2024-04-09,2,3,679,424,57,39
2024-04-10,2,3,679,463,57,53
2024-04-11,2,3,679,352,57,33
2024-04-12,2,3,679,415,57,37
2024-04-13,2,3,679,390,57,51
2024-04-14,2,3,679,553,57,54
2024-04-15,2,3,679,376,57,53
2024-04-16,2,3,679,611,57,32
2024-04-17,2,3,679,536,57,43
2024-04-18,2,3,679,567,57,29
2024-04-19,2,3,679,361,57,54
2024-04-20,2,3,679,515,57,51
2024-04-21,2,3,679,448,57,27
2024-04-22,2,3,679,462,57,53
2024-04-23,2,3,679,593,57,24
2024-04-24,2,3,679,600,57,29
2024-04-25,2,3,679,483,57,30
2024-04-26,2,3,679,386,57,28
2024-04-27,2,3,679,372,57,52
2024-04-28,2,3,679,552,57,24
2024-04-29,2,3,679,538,57,44
2024-04-30,2,3,679,635,57,39
2024-05-01,2,3,679,626,57,43
2024-05-02,2,3,679,460,57,45
2024-05-03,2,3,679,350,57,30
2024-05-04,2,3,679,339,57,42
2024-05-05,2,3,679,501,57,54
2024-05-06,2,3,679,623,57,41
2024-05-07,2,3,679,565,57,42
2024-05-08,2,3,679,598,57,36
2024-05-09,2,3,679,356,57,33
2024-05-10,2,3,679,625,57,29
2024-05-11,2,3,679,454,57,22
2024-05-12,2,3,679,457,57,24
2024-05-13,2,3,679,360,57,49
2024-05-14,2,3,679,531,57,35
2024-05-15,2,3,679,390,57,48
2024-05-16,2,3,679,537,57,30
2024-05-17,2,3,679,356,57,23
2024-05-18,2,3,679,382,57,50
2024-05-19,2,3,679,575,57,28
2024-05-20,2,3,679,392,57,31
2024-05-21,2,3,679,369,57,41
2024-05-22,2,3,679,460,57,27
2024-05-23,2,3,679,490,57,33
2024-05-24,2,3,679,499,57,44
2024-05-25,2,3,679,381,57,39
2024-05-26,2,3,679,441,57,29
2024-05-27,2,3,679,502,57,42
2024-05-28,2,3,679,521,57,46
2024-05-29,2,3,679,493,57,40
2024-05-30,2,3,679,381,57,51
2024-05-31,2,3,679,611,57,52
2024-06-01,2,3,679,573,57,33
2024-06-02,2,3,679,638,57,48
2024-06-03,2,3,679,497,57,52
2024-06-04,2,3,679,383,57,53
2024-06-05,2,3,679,583,57,29
2024-06-06,2,3,679,510,57,44
2024-06-07,2,3,679,528,57,25
2024-06-08,2,3,679,444,57,52
2024-06-09,2,3,679,391,57,42
2024-06-10,2,3,679,634,57,26
2024-06-11,2,3,679,397,57,41
2024-06-12,2,3,679,580,57,53
2024-06-13,2,3,679,468,57,31
2024-06-14,2,3,679,624,57,22
2024-06-15,2,3,679,526,57,33
2024-06-16,2,3,679,609,57,44
2024-06-17,2,3,679,535,57,26
2024-06-18,2,3,679,466,57,38
2024-06-19,2,3,679,599,57,50
2024-06-20,2,3,679,532,57,31
2024-06-21,2,3,679,413,57,49
2024-06-22,2,3,679,395,57,37
2024-06-23,2,3,679,489,57,26
2024-06-24,2,3,679,399,57,37
2024-06-25,2,3,679,572,57,25
2024-06-26,2,3,679,348,57,39
2024-06-27,2,3,679,586,57,48
2024-06-28,2,3,679,595,57,40
2024-06-29,2,3,679,495,57,53
2024-06-30,2,3,679,631,57,47
2024-07-01,2,3,679,566,57,53
2024-07-02,2,3,679,511,57,34
2024-07-03,2,3,679,544,57,54
2024-07-04,2,3,679,363,57,29
2024-07-05,2,3,679,631,57,47
2024-07-06,2,3,679,453,57,54
2024-07-07,2,3,679,434,57,54
2024-07-08,2,3,679,577,57,47
2024-07-09,2,3,679,495,57,54
2024-07-10,2,3,679,620,57,33
2024-07-11,2,3,679,562,57,52
2024-07-12,2,3,679,346,57,46
2024-07-13,2,3,679,410,57,54
2024-07-14,2,3,679,340,57,29
2024-07-15,2,3,679,629,57,23
2024-07-16,2,3,679,464,57,34
2024-07-17,2,3,679,484,57,52
2024-07-18,2,3,679,349,57,41
2024-07-19,2,3,679,500,57,45
2024-07-20,2,3,679,424,57,47
2024-07-21,2,3,679,398,57,40
2024-07-22,2,3,679,622,57,22
2024-07-23,2,3,679,595,57,26
2024-07-24,2,3,679,627,57,39
2024-07-25,2,3,679,499,57,33
2024-07-26,2,3,679,407,57,52
2024-07-27,2,3,679,633,57,47
2024-07-28,2,3,679,473,57,33
2024-07-29,2,3,679,623,57,53
2024-07-30,2,3,679,596,57,40
2024-07-31,2,3,679,353,57,40
2024-08-01,2,3,679,612,57,22
2024-08-02,2,3,679,610,57,46
2024-08-03,2,3,679,514,57,36
2024-08-04,2,3,679,601,57,49
2024-08-05,2,3,679,614,57,49
2024-08-06,2,3,679,444,57,41
2024-08-07,2,3,679,541,57,34
2024-08-08,2,3,679,375,57,47
2024-08-09,2,3,679,451,57,31
2024-08-10,2,3,679,528,57,32
2024-08-11,2,3,679,592,57,54
2024-08-12,2,3,679,635,57,24
2024-08-13,2,3,679,598,57,23
2024-08-14,2,3,679,626,57,49
2024-08-15,2,3,679,464,57,34
2024-08-16,2,3,679,598,57,36
2024-08-17,2,3,679,357,57,38
2024-08-18,2,3,679,526,57,54
2024-08-19,2,3,679,345,57,38
2024-08-20,2,3,679,611,57,47
2024-08-21,2,3,679,622,57,27
2024-08-22,2,3,679,516,57,36
2024-08-23,2,3,679,605,57,41
2024-08-24,2,3,679,455,57,53
2024-08-25,2,3,679,605,57,34
2024-08-26,2,3,679,582,57,29
2024-08-27,2,3,679,596,57,43
2024-08-28,2,3,679,620,57,36
2024-08-29,2,3,679,601,57,51
2024-08-30,2,3,679,406,57,26
2024-08-31,2,3,679,387,57,53
2024-09-01,2,3,679,640,57,43
2024-09-02,2,3,679,608,57,43
2024-09-03,2,3,679,495,57,38
2024-09-04,2,3,679,370,57,34
2024-09-05,2,3,679,625,57,31
2024-09-06,2,3,679,351,57,22
2024-09-07,2,3,679,635,57,31
2024-09-08,2,3,679,486,57,25
2024-09-09,2,3,679,494,57,51
2024-09-10,2,3,679,625,57,41
2024-09-11,2,3,679,472,57,33
2024-09-12,2,3,679,621,57,32
2024-09-13,2,3,679,416,57,44
2024-09-14,2,3,679,439,57,30
2024-09-15,2,3,679,502,57,28
2024-09-16,2,3,679,559,57,35
2024-09-17,2,3,679,381,57,48
2024-09-18,2,3,679,541,57,26
2024-09-19,2,3,679,473,57,24
2024-09-20,2,3,679,598,57,51
2024-09-21,2,3,679,615,57,53
2024-09-22,2,3,679,548,57,43
2024-09-23,2,3,679,510,57,28
2024-09-24,2,3,679,417,57,49
2024-09-25,2,3,679,446,57,46
2024-09-26,2,3,679,438,57,48
2024-09-27,2,3,679,406,57,27
2024-09-28,2,3,679,583,57,36
2024-09-29,2,3,679,390,57,33
2024-09-30,2,3,679,623,57,32
2024-10-01,2,3,679,491,57,36
2024-10-02,2,3,679,575,57,24
2024-10-03,2,3,679,342,57,30
2024-10-04,2,3,679,632,57,33
2024-10-05,2,3,679,508,57,22
2024-10-06,2,3,679,636,57,52
2024-10-07,2,3,679,404,57,29
2024-10-08,2,3,679,604,57,51
2024-10-09,2,3,679,418,57,40
2024-10-10,2,3,679,431,57,41
2024-10-11,2,3,679,645,57,27
2024-10-12,2,3,679,621,57,23
2024-10-13,2,3,679,361,57,44
2024-10-14,2,3,679,413,57,50
2024-10-15,2,3,679,465,57,35
2024-10-16,2,3,679,644,57,39
2024-10-17,2,3,679,361,57,51
2024-10-18,2,3,679,403,57,32
2024-10-19,2,3,679,543,57,28
2024-10-20,2,3,679,395,57,49
2024-10-21,2,3,679,482,57,46
2024-10-22,2,3,679,413,57,30
2024-10-23,2,3,679,555,57,52
2024-10-24,2,3,679,375,57,49
2024-10-25,2,3,679,359,57,37
2024-10-26,2,3,679,618,57,22
2024-10-27,2,3,679,640,57,38
2024-10-28,2,3,679,416,57,41
2024-10-29,2,3,679,507,57,54
2024-10-30,2,3,679,607,57,53
2024-10-31,2,3,679,365,57,22
2024-11-01,2,3,679,604,57,28
2024-11-02,2,3,679,339,57,23
2024-11-03,2,3,679,636,57,39
2024-11-04,2,3,679,351,57,25
2024-11-05,2,3,679,345,57,42
2024-11-06,2,3,679,455,57,33
2024-11-07,2,3,679,344,57,23
2024-11-08,2,3,679,575,57,47
2024-11-09,2,3,679,365,57,50
2024-11-10,2,3,679,454,57,34
2024-11-11,2,3,679,466,57,34
2024-11-12,2,3,679,454,57,46
2024-11-13,2,3,679,602,57,29
2024-11-14,2,3,679,358,57,26
2024-11-15,2,3,679,523,57,49
2024-11-16,2,3,679,458,57,33
2024-11-17,2,3,679,612,57,30
2024-11-18,2,3,679,440,57,45
2024-11-19,2,3,679,617,57,37
2024-11-20,2,3,679,374,57,49
2024-11-21,2,3,679,427,57,42
2024-11-22,2,3,679,434,57,53
2024-11-23,2,3,679,537,57,53
2024-11-24,2,3,679,404,57,47
2024-11-25,2,3,679,361,57,47
2024-11-26,2,3,679,367,57,39
2024-11-27,2,3,679,617,57,48
2024-11-28,2,3,679,513,57,48
2024-11-29,2,3,679,454,57,30
2024-11-30,2,3,679,545,57,36
2024-12-01,2,3,679,388,57,31
2024-12-02,2,3,679,593,57,34
2024-12-03,2,3,679,553,57,50
2024-12-04,2,3,679,545,57,35
2024-12-05,2,3,679,573,57,53
2024-12-06,2,3,679,455,57,26
2024-12-07,2,3,679,506,57,25
2024-12-08,2,3,679,340,57,41
2024-12-09,2,3,679,382,57,41
2024-12-10,2,3,679,455,57,35
2024-12-11,2,3,679,434,57,27
2024-12-12,2,3,679,468,57,53
2024-12-13,2,3,679,637,57,28
2024-12-14,2,3,679,410,57,46
2024-12-15,2,3,679,440,57,27
2024-12-16,2,3,679,604,57,30
2024-12-17,2,3,679,551,57,24
2024-12-18,2,3,679,585,57,27
2024-12-19,2,3,679,364,57,41
2024-12-20,2,3,679,399,57,22
2024-12-21,2,3,679,440,57,28
2024-12-22,2,3,679,425,57,23
2024-12-23,2,3,679,579,57,49
2024-12-24,2,3,679,454,57,38
2024-12-25,2,3,679,640,57,28
2024-12-26,2,3,679,638,57,54
2024-12-27,2,3,679,545,57,23
2024-12-28,2,3,679,371,57,33
2024-12-29,2,3,679,400,57,39
2024-12-30,2,3,679,353,57,44
2024-12-31,2,3,679,631,57,54
2023-01-01,2,4,679,393,57,37
2023-01-02,2,4,679,392,57,31
2023-01-03,2,4,679,460,57,26
2023-01-04,2,4,679,506,57,39
2023-01-05,2,4,679,356,57,29
2023-01-06,2,4,679,344,57,51
2023-01-07,2,4,679,491,57,29
2023-01-08,2,4,679,422,57,27
2023-01-09,2,4,679,394,57,42
2023-01-10,2,4,679,596,57,37
2023-01-11,2,4,679,605,57,42
2023-01-12,2,4,679,375,57,44
2023-01-13,2,4,679,427,57,45
2023-01-14,2,4,679,556,57,30
2023-01-15,2,4,679,451,57,41
2023-01-16,2,4,679,497,57,37
2023-01-17,2,4,679,493,57,48
2023-01-18,2,4,679,508,57,54
2023-01-19,2,4,679,503,57,51
2023-01-20,2,4,679,623,57,26
2023-01-21,2,4,679,605,57,50
2023-01-22,2,4,679,540,57,50
2023-01-23,2,4,679,425,57,42
2023-01-24,2,4,679,541,57,28
2023-01-25,2,4,679,573,57,49
2023-01-26,2,4,679,640,57,25
2023-01-27,2,4,679,418,57,22
2023-01-28,2,4,679,395,57,44
2023-01-29,2,4,679,591,57,47
2023-01-30,2,4,679,578,57,22
2023-01-31,2,4,679,625,57,23
2023-02-01,2,4,679,523,57,45
2023-02-02,2,4,679,565,57,54
2023-02-03,2,4,679,501,57,45
2023-02-04,2,4,679,552,57,36
2023-02-05,2,4,679,444,57,36
2023-02-06,2,4,679,621,57,45
2023-02-07,2,4,679,497,57,49
2023-02-08,2,4,679,532,57,43
2023-02-09,2,4,679,526,57,31
2023-02-10,2,4,679,502,57,32
2023-02-11,2,4,679,446,57,26
2023-02-12,2,4,679,457,57,48
2023-02-13,2,4,679,459,57,47
2023-02-14,2,4,679,610,57,22
2023-02-15,2,4,679,578,57,50
2023-02-16,2,4,679,369,57,38
2023-02-17,2,4,679,575,57,41
2023-02-18,2,4,679,441,57,32
2023-02-19,2,4,679,402,57,28
2023-02-20,2,4,679,473,57,26
2023-02-21,2,4,679,469,57,27
2023-02-22,2,4,679,419,57,26
2023-02-23,2,4,679,643,57,51
2023-02-24,2,4,679,623,57,36
2023-02-25,2,4,679,348,57,39
2023-02-26,2,4,679,363,57,32
2023-02-27,2,4,679,536,57,45
2023-02-28,2,4,679,583,57,31
2023-03-01,2,4,679,382,57,28
2023-03-02,2,4,679,436,57,46
2023-03-03,2,4,679,458,57,28
2023-03-04,2,4,679,440,57,39
2023-03-05,2,4,679,495,57,38
2023-03-06,2,4,679,463,57,22
2023-03-07,2,4,679,404,57,28
2023-03-08,2,4,679,386,57,32
2023-03-09,2,4,679,430,57,31
2023-03-10,2,4,679,575,57,38
2023-03-11,2,4,679,460,57,54
2023-03-12,2,4,679,627,57,27
2023-03-13,2,4,679,525,57,39
2023-03-14,2,4,679,477,57,45
2023-03-15,2,4,679,501,57,38
2023-03-16,2,4,679,611,57,25
2023-03-17,2,4,679,394,57,31
2023-03-18,2,4,679,497,57,22
2023-03-19,2,4,679,339,57,43
2023-03-20,2,4,679,618,57,43
2023-03-21,2,4,679,523,57,41
2023-03-22,2,4,679,482,57,33
2023-03-23,2,4,679,476,57,42
2023-03-24,2,4,679,523,57,44
2023-03-25,2,4,679,407,57,31
2023-03-26,2,4,679,425,57,51
2023-03-27,2,4,679,621,57,36
2023-03-28,2,4,679,539,57,44
2023-03-29,2,4,679,569,57,53
2023-03-30,2,4,679,383,57,25
2023-03-31,2,4,679,485,57,52
2023-04-01,2,4,679,456,57,43
2023-04-02,2,4,679,571,57,34
2023-04-03,2,4,679,395,57,47
2023-04-04,2,4,679,559,57,24
2023-04-05,2,4,679,583,57,43
2023-04-06,2,4,679,376,57,22
2023-04-07,2,4,679,614,57,38
2023-04-08,2,4,679,634,57,23
2023-04-09,2,4,679,511,57,31
2023-04-10,2,4,679,435,57,51
2023-04-11,2,4,679,629,57,38
2023-04-12,2,4,679,561,57,39
2023-04-13,2,4,679,609,57,48
2023-04-14,2,4,679,631,57,26
2023-04-15,2,4,679,579,57,27
2023-04-16,2,4,679,551,57,39
2023-04-17,2,4,679,396,57,26
2023-04-18,2,4,679,417,57,44
2023-04-19,2,4,679,484,57,33
2023-04-20,2,4,679,504,57,50
2023-04-21,2,4,679,466,57,53
2023-04-22,2,4,679,613,57,24
2023-04-23,2,4,679,549,57,24
2023-04-24,2,4,679,345,57,52
2023-04-25,2,4,679,402,57,48
2023-04-26,2,4,679,428,57,31
2023-04-27,2,4,679,400,57,49
2023-04-28,2,4,679,451,57,50
2023-04-29,2,4,679,422,57,45
2023-04-30,2,4,679,511,57,47
2023-05-01,2,4,679,387,57,24
2023-05-02,2,4,679,544,57,37
2023-05-03,2,4,679,375,57,51
2023-05-04,2,4,679,631,57,40
2023-05-05,2,4,679,571,57,36
2023-05-06,2,4,679,365,57,36
2023-05-07,2,4,679,508,57,42
2023-05-08,2,4,679,583,57,43
2023-05-09,2,4,679,619,57,47
2023-05-10,2,4,679,601,57,32
2023-05-11,2,4,679,494,57,43
2023-05-12,2,4,679,468,57,46
2023-05-13,2,4,679,435,57,25
2023-05-14,2,4,679,464,57,22
2023-05-15,2,4,679,427,57,24
2023-05-16,2,4,679,360,57,34
2023-05-17,2,4,679,486,57,36
2023-05-18,2,4,679,545,57,26
2023-05-19,2,4,679,525,57,40
2023-05-20,2,4,679,362,57,36
2023-05-21,2,4,679,464,57,25
2023-05-22,2,4,679,345,57,40
2023-05-23,2,4,679,529,57,26
2023-05-24,2,4,679,375,57,46
2023-05-25,2,4,679,595,57,32
2023-05-26,2,4,679,574,57,44
2023-05-27,2,4,679,615,57,23
2023-05-28,2,4,679,633,57,26
2023-05-29,2,4,679,428,57,27
2023-05-30,2,4,679,556,57,26
2023-05-31,2,4,679,551,57,27
2023-06-01,2,4,679,642,57,24
2023-06-02,2,4,679,428,57,49
2023-06-03,2,4,679,370,57,32
2023-06-04,2,4,679,591,57,42
2023-06-05,2,4,679,363,57,35
2023-06-06,2,4,679,488,57,51
2023-06-07,2,4,679,631,57,25
2023-06-08,2,4,679,404,57,47
2023-06-09,2,4,679,339,57,44
2023-06-10,2,4,679,578,57,39
2023-06-11,2,4,679,561,57,31
2023-06-12,2,4,679,400,57,29
2023-06-13,2,4,679,459,57,48
2023-06-14,2,4,679,364,57,42
2023-06-15,2,4,679,395,57,43
2023-06-16,2,4,679,486,57,38
2023-06-17,2,4,679,347,57,47
2023-06-18,2,4,679,606,57,47
2023-06-19,2,4,679,388,57,47
2023-06-20,2,4,679,537,57,50
2023-06-21,2,4,679,565,57,41
2023-06-22,2,4,679,360,57,52
2023-06-23,2,4,679,419,57,44
2023-06-24,2,4,679,577,57,23
2023-06-25,2,4,679,494,57,50
2023-06-26,2,4,679,422,57,32
2023-06-27,2,4,679,599,57,30
2023-06-28,2,4,679,479,57,36
2023-06-29,2,4,679,352,57,51
2023-06-30,2,4,679,441,57,49
2023-07-01,2,4,679,521,57,27
2023-07-02,2,4,679,507,57,29
2023-07-03,2,4,679,489,57,33
2023-07-04,2,4,679,514,57,48
2023-07-05,2,4,679,392,57,31
2023-07-06,2,4,679,372,57,28
2023-07-07,2,4,679,433,57,33
2023-07-08,2,4,679,377,57,26
2023-07-09,2,4,679,628,57,47
2023-07-10,2,4,679,580,57,26
2023-07-11,2,4,679,604,57,34
2023-07-12,2,4,679,423,57,31
2023-07-13,2,4,679,441,57,52
2023-07-14,2,4,679,598,57,44
2023-07-15,2,4,679,642,57,53
2023-07-16,2,4,679,405,57,38
2023-07-17,2,4,679,543,57,53
2023-07-18,2,4,679,459,57,49
2023-07-19,2,4,679,476,57,32
2023-07-20,2,4,679,487,57,22
2023-07-21,2,4,679,341,57,51
2023-07-22,2,4,679,356,57,35
2023-07-23,2,4,679,366,57,43
2023-07-24,2,4,679,347,57,45
2023-07-25,2,4,679,425,57,51
2023-07-26,2,4,679,368,57,29
2023-07-27,2,4,679,571,57,34
2023-07-28,2,4,679,377,57,29
2023-07-29,2,4,679,478,57,27
2023-07-30,2,4,679,641,57,33
2023-07-31,2,4,679,340,57,34
2023-08-01,2,4,679,522,57,53
2023-08-02,2,4,679,601,57,53
2023-08-03,2,4,679,426,57,37
2023-08-04,2,4,679,599,57,22
2023-08-05,2,4,679,499,57,50
2023-08-06,2,4,679,559,57,38
2023-08-07,2,4,679,560,57,47
2023-08-08,2,4,679,460,57,39
2023-08-09,2,4,679,456,57,51
2023-08-10,2,4,679,597,57,27
2023-08-11,2,4,679,340,57,29
2023-08-12,2,4,679,455,57,50
2023-08-13,2,4,679,393,57,31
2023-08-14,2,4,679,610,57,25
2023-08-15,2,4,679,386,57,42
2023-08-16,2,4,679,479,57,23
2023-08-17,2,4,679,606,57,32
2023-08-18,2,4,679,499,57,32
2023-08-19,2,4,679,542,57,41
2023-08-20,2,4,679,380,57,32
2023-08-21,2,4,679,511,57,49
2023-08-22,2,4,679,359,57,35
2023-08-23,2,4,679,639,57,43
2023-08-24,2,4,679,636,57,23
2023-08-25,2,4,679,642,57,31
2023-08-26,2,4,679,577,57,35
2023-08-27,2,4,679,407,57,30
2023-08-28,2,4,679,481,57,35
2023-08-29,2,4,679,370,57,30
2023-08-30,2,4,679,544,57,54
2023-08-31,2,4,679,528,57,25
2023-09-01,2,4,679,378,57,32
2023-09-02,2,4,679,594,57,39
2023-09-03,2,4,679,556,57,36
2023-09-04,2,4,679,614,57,27
2023-09-05,2,4,679,386,57,52
2023-09-06,2,4,679,642,57,22
2023-09-07,2,4,679,409,57,35
2023-09-08,2,4,679,348,57,24
2023-09-09,2,4,679,603,57,52
2023-09-10,2,4,679,351,57,42
2023-09-11,2,4,679,557,57,30
2023-09-12,2,4,679,640,57,43
2023-09-13,2,4,679,617,57,29
2023-09-14,2,4,679,620,57,50
2023-09-15,2,4,679,506,57,45
2023-09-16,2,4,679,415,57,47
2023-09-17,2,4,679,552,57,25
2023-09-18,2,4,679,620,57,42
2023-09-19,2,4,679,559,57,44
2023-09-20,2,4,679,348,57,52
2023-09-21,2,4,679,617,57,54
2023-09-22,2,4,679,458,57,54
2023-09-23,2,4,679,542,57,38
2023-09-24,2,4,679,419,57,45
2023-09-25,2,4,679,603,57,42
2023-09-26,2,4,679,492,57,50
2023-09-27,2,4,679,512,57,48
2023-09-28,2,4,679,410,57,28
2023-09-29,2,4,679,506,57,28
2023-09-30,2,4,679,473,57,47
2023-10-01,2,4,679,573,57,42
2023-10-02,2,4,679,504,57,25
2023-10-03,2,4,679,549,57,25
2023-10-04,2,4,679,563,57,40
2023-10-05,2,4,679,438,57,41
2023-10-06,2,4,679,645,57,41
2023-10-07,2,4,679,517,57,44
2023-10-08,2,4,679,512,57,34
2023-10-09,2,4,679,489,57,34
2023-10-10,2,4,679,340,57,26
2023-10-11,2,4,679,495,57,32
2023-10-12,2,4,679,613,57,26
2023-10-13,2,4,679,398,57,44
2023-10-14,2,4,679,443,57,37
2023-10-15,2,4,679,407,57,37
2023-10-16,2,4,679,402,57,41
2023-10-17,2,4,679,407,57,53
2023-10-18,2,4,679,383,57,53
2023-10-19,2,4,679,576,57,47
2023-10-20,2,4,679,644,57,24
2023-10-21,2,4,679,586,57,22
2023-10-22,2,4,679,526,57,38
2023-10-23,2,4,679,474,57,35
2023-10-24,2,4,679,623,57,34
2023-10-25,2,4,679,376,57,36
2023-10-26,2,4,679,643,57,30
2023-10-27,2,4,679,398,57,28
2023-10-28,2,4,679,388,57,51
2023-10-29,2,4,679,602,57,53
2023-10-30,2,4,679,608,57,24
2023-10-31,2,4,679,440,57,49
2023-11-01,2,4,679,348,57,38
2023-11-02,2,4,679,381,57,30
2023-11-03,2,4,679,569,57,42
2023-11-04,2,4,679,408,57,48
2023-11-05,2,4,679,508,57,39
2023-11-06,2,4,679,600,57,41
2023-11-07,2,4,679,618,57,53
2023-11-08,2,4,679,520,57,47
2023-11-09,2,4,679,346,57,34
2023-11-10,2,4,679,434,57,31
2023-11-11,2,4,679,517,57,51
2023-11-12,2,4,679,565,57,48
2023-11-13,2,4,679,415,57,32
2023-11-14,2,4,679,434,57,22
2023-11-15,2,4,679,364,57,24
2023-11-16,2,4,679,597,57,43
2023-11-17,2,4,679,500,57,51
2023-11-18,2,4,679,519,57,42
2023-11-19,2,4,679,506,57,42
2023-11-20,2,4,679,365,57,37
2023-11-21,2,4,679,580,57,51
2023-11-22,2,4,679,530,57,31
2023-11-23,2,4,679,501,57,35
2023-11-24,2,4,679,419,57,31
2023-11-25,2,4,679,394,57,44
2023-11-26,2,4,679,547,57,30
2023-11-27,2,4,679,517,57,37
2023-11-28,2,4,679,398,57,22
2023-11-29,2,4,679,518,57,22
2023-11-30,2,4,679,605,57,42
2023-12-01,2,4,679,502,57,28
2023-12-02,2,4,679,642,57,30
2023-12-03,2,4,679,591,57,52
2023-12-04,2,4,679,611,57,26
2023-12-05,2,4,679,613,57,38
2023-12-06,2,4,679,540,57,47
2023-12-07,2,4,679,532,57,40
2023-12-08,2,4,679,594,57,39
2023-12-09,2,4,679,466,57,45
2023-12-10,2,4,679,637,57,46
2023-12-11,2,4,679,397,57,36
2023-12-12,2,4,679,406,57,42
2023-12-13,2,4,679,388,57,46
2023-12-14,2,4,679,620,57,31
2023-12-15,2,4,679,353,57,46
2023-12-16,2,4,679,630,57,26
2023-12-17,2,4,679,602,57,27
2023-12-18,2,4,679,624,57,48
2023-12-19,2,4,679,501,57,46
2023-12-20,2,4,679,396,57,28
2023-12-21,2,4,679,421,57,22
2023-12-22,2,4,679,555,57,53
2023-12-23,2,4,679,382,57,39
2023-12-24,2,4,679,569,57,53
2023-12-25,2,4,679,584,57,36
2023-12-26,2,4,679,471,57,31
2023-12-27,2,4,679,466,57,27
2023-12-28,2,4,679,537,57,23
2023-12-29,2,4,679,544,57,26
2023-12-30,2,4,679,606,57,34
2023-12-31,2,4,679,392,57,38
2024-01-01,2,4,679,436,57,36
2024-01-02,2,4,679,373,57,29
2024-01-03,2,4,679,610,57,47
2024-01-04,2,4,679,580,57,39
2024-01-05,2,4,679,504,57,44
2024-01-06,2,4,679,384,57,30
2024-01-07,2,4,679,492,57,29
2024-01-08,2,4,679,415,57,42
2024-01-09,2,4,679,547,57,40
2024-01-10,2,4,679,426,57,50
2024-01-11,2,4,679,475,57,43
2024-01-12,2,4,679,448,57,23
2024-01-13,2,4,679,528,57,35
2024-01-14,2,4,679,575,57,54
2024-01-15,2,4,679,426,57,22
2024-01-16,2,4,679,382,57,34
2024-01-17,2,4,679,600,57,52
2024-01-18,2,4,679,485,57,37
2024-01-19,2,4,679,589,57,52
2024-01-20,2,4,679,550,57,53
2024-01-21,2,4,679,444,57,38
2024-01-22,2,4,679,467,57,31
2024-01-23,2,4,679,363,57,41
2024-01-24,2,4,679,476,57,44
2024-01-25,2,4,679,624,57,23
2024-01-26,2,4,679,498,57,46
2024-01-27,2,4,679,444,57,30
2024-01-28,2,4,679,484,57,46
2024-01-29,2,4,679,558,57,52
2024-01-30,2,4,679,364,57,42
2024-01-31,2,4,679,561,57,32
2024-02-01,2,4,679,444,57,47
2024-02-02,2,4,679,360,57,34
2024-02-03,2,4,679,633,57,50
2024-02-04,2,4,679,509,57,37
2024-02-05,2,4,679,382,57,48
2024-02-06,2,4,679,595,57,32
2024-02-07,2,4,679,636,57,41
2024-02-08,2,4,679,543,57,25
2024-02-09,2,4,679,339,57,48
2024-02-10,2,4,679,419,57,40
2024-02-11,2,4,679,491,57,49
2024-02-12,2,4,679,597,57,49
2024-02-13,2,4,679,572,57,40
2024-02-14,2,4,679,393,57,51
2024-02-15,2,4,679,415,57,26
2024-02-16,2,4,679,609,57,42
2024-02-17,2,4,679,363,57,33
2024-02-18,2,4,679,383,57,41
2024-02-19,2,4,679,409,57,48
2024-02-20,2,4,679,465,57,45
2024-02-21,2,4,679,371,57,39
2024-02-22,2,4,679,488,57,28
2024-02-23,2,4,679,571,57,38
2024-02-24,2,4,679,624,57,54
2024-02-25,2,4,679,392,57,43
2024-02-26,2,4,679,549,57,44
2024-02-27,2,4,679,391,57,36
2024-02-28,2,4,679,342,57,54
2024-02-29,2,4,679,475,57,24
2024-03-01,2,4,679,641,57,53
2024-03-02,2,4,679,411,57,47
2024-03-03,2,4,679,614,57,25
2024-03-04,2,4,679,643,57,45
2024-03-05,2,4,679,510,57,46
2024-03-06,2,4,679,611,57,40
2024-03-07,2,4,679,516,57,33
2024-03-08,2,4,679,518,57,25
2024-03-09,2,4,679,580,57,35
2024-03-10,2,4,679,506,57,45
2024-03-11,2,4,679,398,57,38
2024-03-12,2,4,679,472,57,44
2024-03-13,2,4,679,418,57,49
2024-03-14,2,4,679,560,57,30
2024-03-15,2,4,679,590,57,36
2024-03-16,2,4,679,407,57,42
2024-03-17,2,4,679,634,57,47
2024-03-18,2,4,679,580,57,24
2024-03-19,2,4,679,618,57,40
2024-03-20,2,4,679,405,57,23
2024-03-21,2,4,679,557,57,41
2024-03-22,2,4,679,523,57,54
2024-03-23,2,4,679,567,57,29
2024-03-24,2,4,679,441,57,24
2024-03-25,2,4,679,472,57,24
2024-03-26,2,4,679,626,57,26
2024-03-27,2,4,679,546,57,40
2024-03-28,2,4,679,467,57,47
2024-03-29,2,4,679,497,57,39
2024-03-30,2,4,679,479,57,48
2024-03-31,2,4,679,551,57,42
2024-04-01,2,4,679,496,57,33
2024-04-02,2,4,679,467,57,23
2024-04-03,2,4,679,411,57,34
2024-04-04,2,4,679,563,57,36
2024-04-05,2,4,679,466,57,42
2024-04-06,2,4,679,361,57,48
2024-04-07,2,4,679,367,57,51
2024-04-08,2,4,679,603,57,35
2024-04-09,2,4,679,530,57,27
2024-04-10,2,4,679,487,57,25
2024-04-11,2,4,679,460,57,40
2024-04-12,2,4,679,558,57,22
2024-04-13,2,4,679,615,57,28
2024-04-14,2,4,679,471,57,39
2024-04-15,2,4,679,574,57,47
2024-04-16,2,4,679,454,57,29
2024-04-17,2,4,679,556,57,54
2024-04-18,2,4,679,495,57,24
2024-04-19,2,4,679,395,57,32
2024-04-20,2,4,679,391,57,47
2024-04-21,2,4,679,500,57,54
2024-04-22,2,4,679,640,57,36
2024-04-23,2,4,679,440,57,29
2024-04-24,2,4,679,377,57,47
2024-04-25,2,4,679,402,57,39
2024-04-26,2,4,679,582,57,50
2024-04-27,2,4,679,470,57,51
2024-04-28,2,4,679,419,57,42
2024-04-29,2,4,679,403,57,36
2024-04-30,2,4,679,384,57,50
2024-05-01,2,4,679,498,57,29
2024-05-02,2,4,679,498,57,37
2024-05-03,2,4,679,415,57,29
2024-05-04,2,4,679,373,57,25
2024-05-05,2,4,679,438,57,35
2024-05-06,2,4,679,495,57,53
2024-05-07,2,4,679,340,57,39
2024-05-08,2,4,679,511,57,29
2024-05-09,2,4,679,390,57,35
2024-05-10,2,4,679,599,57,35
2024-05-11,2,4,679,642,57,44
2024-05-12,2,4,679,564,57,39
2024-05-13,2,4,679,565,57,36
2024-05-14,2,4,679,572,57,32
2024-05-15,2,4,679,559,57,49
2024-05-16,2,4,679,528,57,49
2024-05-17,2,4,679,449,57,53
2024-05-18,2,4,679,421,57,28
2024-05-19,2,4,679,605,57,34
2024-05-20,2,4,679,602,57,30
2024-05-21,2,4,679,521,57,47
2024-05-22,2,4,679,477,57,26
2024-05-23,2,4,679,353,57,22
2024-05-24,2,4,679,644,57,50
2024-05-25,2,4,679,384,57,39
2024-05-26,2,4,679,552,57,36
2024-05-27,2,4,679,469,57,39
2024-05-28,2,4,679,629,57,42
2024-05-29,2,4,679,479,57,23
2024-05-30,2,4,679,526,57,42
2024-05-31,2,4,679,422,57,36
2024-06-01,2,4,679,342,57,23
2024-06-02,2,4,679,515,57,36
2024-06-03,2,4,679,513,57,47
2024-06-04,2,4,679,444,57,33
2024-06-05,2,4,679,444,57,39
2024-06-06,2,4,679,419,57,23
2024-06-07,2,4,679,525,57,51
2024-06-08,2,4,679,420,57,40
2024-06-09,2,4,679,567,57,36
2024-06-10,2,4,679,592,57,35
2024-06-11,2,4,679,628,57,54
2024-06-12,2,4,679,591,57,43
2024-06-13,2,4,679,455,57,29
2024-06-14,2,4,679,622,57,31
2024-06-15,2,4,679,422,57,43
2024-06-16,2,4,679,359,57,47
2024-06-17,2,4,679,467,57,37
2024-06-18,2,4,679,632,57,52
2024-06-19,2,4,679,523,57,41
2024-06-20,2,4,679,461,57,32
2024-06-21,2,4,679,496,57,39
2024-06-22,2,4,679,620,57,25
2024-06-23,2,4,679,585,57,43
2024-06-24,2,4,679,364,57,29
2024-06-25,2,4,679,532,57,27
2024-06-26,2,4,679,408,57,50
2024-06-27,2,4,679,623,57,41
2024-06-28,2,4,679,523,57,53
2024-06-29,2,4,679,378,57,34
2024-06-30,2,4,679,598,57,43
2024-07-01,2,4,679,379,57,36
2024-07-02,2,4,679,527,57,26
2024-07-03,2,4,679,604,57,42
2024-07-04,2,4,679,584,57,23
2024-07-05,2,4,679,503,57,37
2024-07-06,2,4,679,627,57,28
2024-07-07,2,4,679,543,57,31
2024-07-08,2,4,679,387,57,33
2024-07-09,2,4,679,565,57,27
2024-07-10,2,4,679,523,57,40
2024-07-11,2,4,679,375,57,53
2024-07-12,2,4,679,525,57,22
2024-07-13,2,4,679,479,57,25
2024-07-14,2,4,679,548,57,28
2024-07-15,2,4,679,621,57,30
2024-07-16,2,4,679,595,57,41
2024-07-17,2,4,679,591,57,54
2024-07-18,2,4,679,435,57,35
2024-07-19,2,4,679,561,57,53
2024-07-20,2,4,679,577,57,49
2024-07-21,2,4,679,536,57,49
2024-07-22,2,4,679,497,57,31
2024-07-23,2,4,679,643,57,29
2024-07-24,2,4,679,417,57,29
2024-07-25,2,4,679,636,57,34
2024-07-26,2,4,679,344,57,25
2024-07-27,2,4,679,373,57,34
2024-07-28,2,4,679,628,57,32
2024-07-29,2,4,679,500,57,28
2024-07-30,2,4,679,429,57,35
2024-07-31,2,4,679,477,57,33
2024-08-01,2,4,679,602,57,52
2024-08-02,2,4,679,562,57,33
2024-08-03,2,4,679,481,57,28
2024-08-04,2,4,679,531,57,50
2024-08-05,2,4,679,341,57,25
2024-08-06,2,4,679,501,57,22
2024-08-07,2,4,679,586,57,31
2024-08-08,2,4,679,402,57,23
2024-08-09,2,4,679,551,57,28
2024-08-10,2,4,679,341,57,30
2024-08-11,2,4,679,385,57,37
2024-08-12,2,4,679,482,57,44
2024-08-13,2,4,679,410,57,45
2024-08-14,2,4,679,631,57,24
2024-08-15,2,4,679,596,57,35
2024-08-16,2,4,679,355,57,33
2024-08-17,2,4,679,550,57,39
2024-08-18,2,4,679,593,57,42
2024-08-19,2,4,679,349,57,35
2024-08-20,2,4,679,557,57,42
2024-08-21,2,4,679,510,57,22
2024-08-22,2,4,679,598,57,25
2024-08-23,2,4,679,410,57,48
2024-08-24,2,4,679,645,57,39
2024-08-25,2,4,679,494,57,23
2024-08-26,2,4,679,343,57,40
2024-08-27,2,4,679,397,57,47
2024-08-28,2,4,679,612,57,23
2024-08-29,2,4,679,575,57,29
2024-08-30,2,4,679,525,57,50
2024-08-31,2,4,679,363,57,40
2024-09-01,2,4,679,504,57,39
2024-09-02,2,4,679,482,57,43
2024-09-03,2,4,679,453,57,30
2024-09-04,2,4,679,606,57,23
2024-09-05,2,4,679,436,57,50
2024-09-06,2,4,679,616,57,24
2024-09-07,2,4,679,401,57,37
2024-09-08,2,4,679,564,57,25
2024-09-09,2,4,679,588,57,38
2024-09-10,2,4,679,537,57,43
2024-09-11,2,4,679,459,57,26
2024-09-12,2,4,679,614,57,54
2024-09-13,2,4,679,466,57,38
2024-09-14,2,4,679,616,57,25
2024-09-15,2,4,679,532,57,44
2024-09-16,2,4,679,567,57,40
2024-09-17,2,4,679,567,57,22
2024-09-18,2,4,679,496,57,53
2024-09-19,2,4,679,448,57,43
2024-09-20,2,4,679,388,57,46
2024-09-21,2,4,679,473,57,52
2024-09-22,2,4,679,487,57,24
2024-09-23,2,4,679,539,57,51
2024-09-24,2,4,679,399,57,44
2024-09-25,2,4,679,526,57,48
2024-09-26,2,4,679,497,57,40
2024-09-27,2,4,679,556,57,36
2024-09-28,2,4,679,456,57,32
2024-09-29,2,4,679,623,57,22
2024-09-30,2,4,679,469,57,32
2024-10-01,2,4,679,362,57,46
2024-10-02,2,4,679,599,57,29
2024-10-03,2,4,679,637,57,41
2024-10-04,2,4,679,460,57,38
2024-10-05,2,4,679,622,57,47
2024-10-06,2,4,679,576,57,24
2024-10-07,2,4,679,558,57,41
2024-10-08,2,4,679,589,57,31
2024-10-09,2,4,679,476,57,35
2024-10-10,2,4,679,586,57,44
2024-10-11,2,4,679,631,57,45
2024-10-12,2,4,679,486,57,46
2024-10-13,2,4,679,484,57,37
2024-10-14,2,4,679,561,57,52
2024-10-15,2,4,679,479,57,29
2024-10-16,2,4,679,630,57,34
2024-10-17,2,4,679,577,57,24
2024-10-18,2,4,679,552,57,43
2024-10-19,2,4,679,627,57,33
2024-10-20,2,4,679,385,57,43
2024-10-21,2,4,679,624,57,24
2024-10-22,2,4,679,595,57,44
2024-10-23,2,4,679,453,57,22
2024-10-24,2,4,679,592,57,42
2024-10-25,2,4,679,394,57,39
2024-10-26,2,4,679,481,57,26
2024-10-27,2,4,679,343,57,39
2024-10-28,2,4,679,452,57,35
2024-10-29,2,4,679,583,57,45
2024-10-30,2,4,679,481,57,39
2024-10-31,2,4,679,521,57,27
2024-11-01,2,4,679,362,57,47
2024-11-02,2,4,679,596,57,53
2024-11-03,2,4,679,394,57,38
2024-11-04,2,4,679,493,57,41
2024-11-05,2,4,679,483,57,34
2024-11-06,2,4,679,524,57,36
2024-11-07,2,4,679,499,57,50
2024-11-08,2,4,679,418,57,22
2024-11-09,2,4,679,589,57,33
2024-11-10,2,4,679,416,57,30
2024-11-11,2,4,679,559,57,48
2024-11-12,2,4,679,467,57,40
2024-11-13,2,4,679,625,57,23
2024-11-14,2,4,679,371,57,23
2024-11-15,2,4,679,440,57,25
2024-11-16,2,4,679,499,57,42
2024-11-17,2,4,679,613,57,27
2024-11-18,2,4,679,597,57,33
2024-11-19,2,4,679,349,57,27
2024-11-20,2,4,679,616,57,48
2024-11-21,2,4,679,628,57,53
2024-11-22,2,4,679,503,57,43
2024-11-23,2,4,679,382,57,28
2024-11-24,2,4,679,491,57,22
2024-11-25,2,4,679,526,57,53
2024-11-26,2,4,679,531,57,45
2024-11-27,2,4,679,503,57,38
2024-11-28,2,4,679,355,57,45
2024-11-29,2,4,679,507,57,43
2024-11-30,2,4,679,465,57,28
2024-12-01,2,4,679,532,57,51
2024-12-02,2,4,679,584,57,30
2024-12-03,2,4,679,360,57,35
2024-12-04,2,4,679,590,57,53
2024-12-05,2,4,679,589,57,35
2024-12-06,2,4,679,512,57,37
2024-12-07,2,4,679,349,57,54
2024-12-08,2,4,679,480,57,25
2024-12-09,2,4,679,625,57,24
2024-12-10,2,4,679,620,57,25
2024-12-11,2,4,679,620,57,52
2024-12-12,2,4,679,547,57,42
2024-12-13,2,4,679,580,57,39
2024-12-14,2,4,679,600,57,47
2024-12-15,2,4,679,506,57,42
2024-12-16,2,4,679,593,57,31
2024-12-17,2,4,679,439,57,23
2024-12-18,2,4,679,532,57,29
2024-12-19,2,4,679,344,57,53
2024-12-20,2,4,679,377,57,45
2024-12-21,2,4,679,563,57,22
2024-12-22,2,4,679,576,57,39
2024-12-23,2,4,679,569,57,32
2024-12-24,2,4,679,432,57,40
2024-12-25,2,4,679,439,57,41
2024-12-26,2,4,679,482,57,43
2024-12-27,2,4,679,487,57,42
2024-12-28,2,4,679,637,57,46
2024-12-29,2,4,679,612,57,47
2024-12-30,2,4,679,525,57,32
2024-12-31,2,4,679,558,57,39
2023-01-01,2,5,679,585,57,51
2023-01-02,2,5,679,411,57,44
2023-01-03,2,5,679,430,57,29
2023-01-04,2,5,679,374,57,34
2023-01-05,2,5,679,568,57,46
2023-01-06,2,5,679,454,57,35
2023-01-07,2,5,679,446,57,42
2023-01-08,2,5,679,640,57,28
2023-01-09,2,5,679,641,57,50
2023-01-10,2,5,679,573,57,33
2023-01-11,2,5,679,344,57,45
2023-01-12,2,5,679,341,57,30
2023-01-13,2,5,679,400,57,33
2023-01-14,2,5,679,456,57,52
2023-01-15,2,5,679,345,57,45
2023-01-16,2,5,679,592,57,51
2023-01-17,2,5,679,515,57,39
2023-01-18,2,5,679,518,57,51
2023-01-19,2,5,679,403,57,30
2023-01-20,2,5,679,385,57,30
2023-01-21,2,5,679,427,57,26
2023-01-22,2,5,679,418,57,24
2023-01-23,2,5,679,628,57,48
2023-01-24,2,5,679,577,57,43
2023-01-25,2,5,679,409,57,26
2023-01-26,2,5,679,549,57,35
2023-01-27,2,5,679,539,57,28
2023-01-28,2,5,679,542,57,38
2023-01-29,2,5,679,573,57,51
2023-01-30,2,5,679,404,57,22
2023-01-31,2,5,679,395,57,50
2023-02-01,2,5,679,381,57,36
2023-02-02,2,5,679,570,57,39
2023-02-03,2,5,679,616,57,40
2023-02-04,2,5,679,613,57,43
2023-02-05,2,5,679,536,57,33
2023-02-06,2,5,679,558,57,38
2023-02-07,2,5,679,641,57,29
2023-02-08,2,5,679,377,57,52
2023-02-09,2,5,679,484,57,54
2023-02-10,2,5,679,394,57,52
2023-02-11,2,5,679,512,57,49
2023-02-12,2,5,679,544,57,44
2023-02-13,2,5,679,480,57,29
2023-02-14,2,5,679,421,57,44
2023-02-15,2,5,679,462,57,39
2023-02-16,2,5,679,502,57,47
2023-02-17,2,5,679,439,57,54
2023-02-18,2,5,679,458,57,29
2023-02-19,2,5,679,563,57,47
2023-02-20,2,5,679,533,57,41
2023-02-21,2,5,679,626,57,43
2023-02-22,2,5,679,551,57,36
2023-02-23,2,5,679,606,57,30
2023-02-24,2,5,679,513,57,52
2023-02-25,2,5,679,383,57,27
2023-02-26,2,5,679,601,57,32
2023-02-27,2,5,679,354,57,23
2023-02-28,2,5,679,576,57,28
2023-03-01,2,5,679,572,57,43
2023-03-02,2,5,679,479,57,50
2023-03-03,2,5,679,391,57,25
2023-03-04,2,5,679,504,57,33
2023-03-05,2,5,679,411,57,33
2023-03-06,2,5,679,561,57,46
2023-03-07,2,5,679,413,57,46
2023-03-08,2,5,679,516,57,47
2023-03-09,2,5,679,384,57,40
2023-03-10,2,5,679,392,57,29
2023-03-11,2,5,679,404,57,45
2023-03-12,2,5,679,350,57,25
2023-03-13,2,5,679,486,57,26
2023-03-14,2,5,679,546,57,27
2023-03-15,2,5,679,608,57,22
2023-03-16,2,5,679,560,57,31
2023-03-17,2,5,679,552,57,29
2023-03-18,2,5,679,442,57,34
2023-03-19,2,5,679,574,57,34
2023-03-20,2,5,679,444,57,47
2023-03-21,2,5,679,405,57,40
2023-03-22,2,5,679,389,57,38
2023-03-23,2,5,679,437,57,37
2023-03-24,2,5,679,471,57,26
2023-03-25,2,5,679,525,57,22
2023-03-26,2,5,679,439,57,48
2023-03-27,2,5,679,405,57,31
2023-03-28,2,5,679,515,57,40
2023-03-29,2,5,679,497,57,26
2023-03-30,2,5,679,592,57,30
2023-03-31,2,5,679,549,57,45
2023-04-01,2,5,679,508,57,46
2023-04-02,2,5,679,493,57,34
2023-04-03,2,5,679,448,57,40
2023-04-04,2,5,679,441,57,23
2023-04-05,2,5,679,440,57,34
2023-04-06,2,5,679,432,57,34
2023-04-07,2,5,679,428,57,46
2023-04-08,2,5,679,546,57,35
2023-04-09,2,5,679,461,57,33
2023-04-10,2,5,679,495,57,48
2023-04-11,2,5,679,434,57,23
2023-04-12,2,5,679,568,57,44
2023-04-13,2,5,679,572,57,38
2023-04-14,2,5,679,364,57,51
2023-04-15,2,5,679,403,57,31
2023-04-16,2,5,679,431,57,46
2023-04-17,2,5,679,458,57,43
2023-04-18,2,5,679,385,57,35
2023-04-19,2,5,679,474,57,46
2023-04-20,2,5,679,434,57,39
2023-04-21,2,5,679,627,57,39
2023-04-22,2,5,679,542,57,28
2023-04-23,2,5,679,554,57,49
2023-04-24,2,5,679,503,57,46
2023-04-25,2,5,679,466,57,47
2023-04-26,2,5,679,543,57,34
2023-04-27,2,5,679,495,57,37
2023-04-28,2,5,679,423,57,44
2023-04-29,2,5,679,375,57,25
2023-04-30,2,5,679,601,57,28
2023-05-01,2,5,679,423,57,53
2023-05-02,2,5,679,631,57,31
2023-05-03,2,5,679,412,57,50
2023-05-04,2,5,679,583,57,44
2023-05-05,2,5,679,493,57,49
2023-05-06,2,5,679,585,57,33
2023-05-07,2,5,679,378,57,42
2023-05-08,2,5,679,576,57,46
2023-05-09,2,5,679,437,57,42
2023-05-10,2,5,679,404,57,49
2023-05-11,2,5,679,551,57,33
2023-05-12,2,5,679,645,57,33
2023-05-13,2,5,679,600,57,49
2023-05-14,2,5,679,351,57,33
2023-05-15,2,5,679,563,57,26
2023-05-16,2,5,679,599,57,48
2023-05-17,2,5,679,420,57,28
2023-05-18,2,5,679,566,57,29
2023-05-19,2,5,679,372,57,37
2023-05-20,2,5,679,543,57,22
2023-05-21,2,5,679,465,57,34
2023-05-22,2,5,679,595,57,23
2023-05-23,2,5,679,478,57,34
2023-05-24,2,5,679,637,57,44
2023-05-25,2,5,679,522,57,41
2023-05-26,2,5,679,512,57,23
2023-05-27,2,5,679,437,57,31
2023-05-28,2,5,679,460,57,24
2023-05-29,2,5,679,381,57,41
2023-05-30,2,5,679,376,57,23
2023-05-31,2,5,679,636,57,46
2023-06-01,2,5,679,482,57,47
2023-06-02,2,5,679,549,57,54
2023-06-03,2,5,679,404,57,34
2023-06-04,2,5,679,377,57,39
2023-06-05,2,5,679,527,57,27
2023-06-06,2,5,679,452,57,27
2023-06-07,2,5,679,561,57,27
2023-06-08,2,5,679,579,57,41
2023-06-09,2,5,679,414,57,43
2023-06-10,2,5,679,474,57,30
2023-06-11,2,5,679,637,57,24
2023-06-12,2,5,679,473,57,23
2023-06-13,2,5,679,446,57,42
2023-06-14,2,5,679,601,57,27
2023-06-15,2,5,679,556,57,24
2023-06-16,2,5,679,465,57,27
2023-06-17,2,5,679,389,57,50
2023-06-18,2,5,679,495,57,49
2023-06-19,2,5,679,495,57,47
2023-06-20,2,5,679,532,57,51
2023-06-21,2,5,679,608,57,36
2023-06-22,2,5,679,364,57,29
2023-06-23,2,5,679,465,57,43
2023-06-24,2,5,679,373,57,52
2023-06-25,2,5,679,443,57,45
2023-06-26,2,5,679,493,57,47
2023-06-27,2,5,679,426,57,50
2023-06-28,2,5,679,567,57,32
2023-06-29,2,5,679,510,57,47
2023-06-30,2,5,679,396,57,25
2023-07-01,2,5,679,550,57,31
2023-07-02,2,5,679,396,57,54
2023-07-03,2,5,679,520,57,32
2023-07-04,2,5,679,475,57,49
2023-07-05,2,5,679,551,57,37
2023-07-06,2,5,679,583,57,29
2023-07-07,2,5,679,518,57,40
2023-07-08,2,5,679,514,57,28
2023-07-09,2,5,679,628,57,33
2023-07-10,2,5,679,445,57,52
2023-07-11,2,5,679,358,57,51
2023-07-12,2,5,679,621,57,29
2023-07-13,2,5,679,341,57,40
2023-07-14,2,5,679,613,57,24
2023-07-15,2,5,679,434,57,50
2023-07-16,2,5,679,567,57,44
2023-07-17,2,5,679,380,57,36
2023-07-18,2,5,679,519,57,37
2023-07-19,2,5,679,582,57,47
2023-07-20,2,5,679,571,57,33
2023-07-21,2,5,679,368,57,42
2023-07-22,2,5,679,505,57,38
2023-07-23,2,5,679,636,57,26
2023-07-24,2,5,679,624,57,33
2023-07-25,2,5,679,477,57,52
2023-07-26,2,5,679,644,57,41
2023-07-27,2,5,679,569,57,54
2023-07-28,2,5,679,386,57,28
2023-07-29,2,5,679,591,57,46
2023-07-30,2,5,679,564,57,43
2023-07-31,2,5,679,541,57,38
2023-08-01,2,5,679,358,57,24
2023-08-02,2,5,679,591,57,30
2023-08-03,2,5,679,407,57,48
2023-08-04,2,5,679,561,57,54
2023-08-05,2,5,679,586,57,27
2023-08-06,2,5,679,371,57,26
2023-08-07,2,5,679,593,57,40
2023-08-08,2,5,679,644,57,23
2023-08-09,2,5,679,506,57,44
2023-08-10,2,5,679,553,57,51
2023-08-11,2,5,679,350,57,53
2023-08-12,2,5,679,502,57,41
2023-08-13,2,5,679,409,57,40
2023-08-14,2,5,679,564,57,49
2023-08-15,2,5,679,566,57,24
2023-08-16,2,5,679,351,57,54
2023-08-17,2,5,679,635,57,33
2023-08-18,2,5,679,354,57,44
2023-08-19,2,5,679,464,57,38
2023-08-20,2,5,679,605,57,43
2023-08-21,2,5,679,400,57,49
2023-08-22,2,5,679,377,57,53
2023-08-23,2,5,679,401,57,43
2023-08-24,2,5,679,552,57,23
2023-08-25,2,5,679,579,57,33
2023-08-26,2,5,679,358,57,36
2023-08-27,2,5,679,561,57,31
2023-08-28,2,5,679,533,57,31
2023-08-29,2,5,679,353,57,22
2023-08-30,2,5,679,585,57,45
2023-08-31,2,5,679,510,57,52
2023-09-01,2,5,679,493,57,24
2023-09-02,2,5,679,583,57,50
2023-09-03,2,5,679,492,57,42
2023-09-04,2,5,679,575,57,41
2023-09-05,2,5,679,645,57,42
2023-09-06,2,5,679,500,57,54
2023-09-07,2,5,679,642,57,23
2023-09-08,2,5,679,353,57,23
2023-09-09,2,5,679,487,57,31
2023-09-10,2,5,679,634,57,52
2023-09-11,2,5,679,621,57,42
2023-09-12,2,5,679,561,57,34
2023-09-13,2,5,679,637,57,24
2023-09-14,2,5,679,431,57,37
2023-09-15,2,5,679,574,57,42
2023-09-16,2,5,679,577,57,42
2023-09-17,2,5,679,391,57,51
2023-09-18,2,5,679,486,57,48
2023-09-19,2,5,679,340,57,48
2023-09-20,2,5,679,367,57,52
2023-09-21,2,5,679,449,57,50
2023-09-22,2,5,679,637,57,44
2023-09-23,2,5,679,559,57,52
2023-09-24,2,5,679,443,57,29
2023-09-25,2,5,679,388,57,37
2023-09-26,2,5,679,394,57,22
2023-09-27,2,5,679,410,57,25
2023-09-28,2,5,679,555,57,37
2023-09-29,2,5,679,527,57,28
2023-09-30,2,5,679,388,57,22
2023-10-01,2,5,679,581,57,27
2023-10-02,2,5,679,481,57,47
2023-10-03,2,5,679,492,57,29
2023-10-04,2,5,679,540,57,25
2023-10-05,2,5,679,344,57,46
2023-10-06,2,5,679,613,57,23
2023-10-07,2,5,679,404,57,29
2023-10-08,2,5,679,360,57,49
2023-10-09,2,5,679,568,57,37
2023-10-10,2,5,679,583,57,33
2023-10-11,2,5,679,629,57,32
2023-10-12,2,5,679,468,57,33
2023-10-13,2,5,679,500,57,51
2023-10-14,2,5,679,645,57,29
2023-10-15,2,5,679,412,57,37
2023-10-16,2,5,679,467,57,31
2023-10-17,2,5,679,486,57,38
2023-10-18,2,5,679,591,57,44
2023-10-19,2,5,679,602,57,45
2023-10-20,2,5,679,371,57,53
2023-10-21,2,5,679,536,57,51
2023-10-22,2,5,679,545,57,50
2023-10-23,2,5,679,505,57,48
2023-10-24,2,5,679,630,57,42
2023-10-25,2,5,679,496,57,30
2023-10-26,2,5,679,536,57,25
2023-10-27,2,5,679,612,57,40
2023-10-28,2,5,679,491,57,37
2023-10-29,2,5,679,598,57,36
2023-10-30,2,5,679,640,57,40
2023-10-31,2,5,679,408,57,26
2023-11-01,2,5,679,469,57,49
2023-11-02,2,5,679,434,57,46
2023-11-03,2,5,679,514,57,32
2023-11-04,2,5,679,361,57,53
2023-11-05,2,5,679,555,57,48
2023-11-06,2,5,679,446,57,32
2023-11-07,2,5,679,391,57,49
2023-11-08,2,5,679,597,57,39
2023-11-09,2,5,679,400,57,22
2023-11-10,2,5,679,582,57,32
2023-11-11,2,5,679,468,57,33
2023-11-12,2,5,679,597,57,46
2023-11-13,2,5,679,365,57,39
2023-11-14,2,5,679,601,57,48
2023-11-15,2,5,679,516,57,30
2023-11-16,2,5,679,453,57,50
2023-11-17,2,5,679,556,57,27
2023-11-18,2,5,679,371,57,30
2023-11-19,2,5,679,462,57,35
2023-11-20,2,5,679,362,57,44
2023-11-21,2,5,679,428,57,38
2023-11-22,2,5,679,485,57,28
2023-11-23,2,5,679,378,57,44
2023-11-24,2,5,679,643,57,54
2023-11-25,2,5,679,611,57,47
2023-11-26,2,5,679,446,57,39
2023-11-27,2,5,679,447,57,32
2023-11-28,2,5,679,604,57,43
2023-11-29,2,5,679,492,57,46
2023-11-30,2,5,679,468,57,47
2023-12-01,2,5,679,360,57,33
2023-12-02,2,5,679,400,57,44
2023-12-03,2,5,679,420,57,54
2023-12-04,2,5,679,533,57,36
2023-12-05,2,5,679,348,57,37
2023-12-06,2,5,679,608,57,22
2023-12-07,2,5,679,491,57,37
2023-12-08,2,5,679,362,57,23
2023-12-09,2,5,679,590,57,33
2023-12-10,2,5,679,599,57,32
2023-12-11,2,5,679,500,57,42
2023-12-12,2,5,679,644,57,44
2023-12-13,2,5,679,592,57,43
2023-12-14,2,5,679,579,57,45
2023-12-15,2,5,679,452,57,41
2023-12-16,2,5,679,395,57,25
2023-12-17,2,5,679,470,57,38
2023-12-18,2,5,679,394,57,35
2023-12-19,2,5,679,369,57,49
2023-12-20,2,5,679,443,57,38
2023-12-21,2,5,679,416,57,31
2023-12-22,2,5,679,583,57,31
2023-12-23,2,5,679,369,57,22
2023-12-24,2,5,679,390,57,26
2023-12-25,2,5,679,445,57,42
2023-12-26,2,5,679,506,57,50
2023-12-27,2,5,679,625,57,52
2023-12-28,2,5,679,605,57,48
2023-12-29,2,5,679,611,57,52
2023-12-30,2,5,679,486,57,48
2023-12-31,2,5,679,615,57,37
2024-01-01,2,5,679,500,57,43
2024-01-02,2,5,679,559,57,27
2024-01-03,2,5,679,382,57,45
2024-01-04,2,5,679,362,57,46
2024-01-05,2,5,679,498,57,39
2024-01-06,2,5,679,345,57,46
2024-01-07,2,5,679,399,57,40
2024-01-08,2,5,679,431,57,45
2024-01-09,2,5,679,407,57,26
2024-01-10,2,5,679,633,57,29
2024-01-11,2,5,679,568,57,39
2024-01-12,2,5,679,487,57,22
2024-01-13,2,5,679,493,57,41
2024-01-14,2,5,679,461,57,47
2024-01-15,2,5,679,431,57,45
2024-01-16,2,5,679,568,57,53
2024-01-17,2,5,679,488,57,45
2024-01-18,2,5,679,536,57,24
2024-01-19,2,5,679,574,57,34
2024-01-20,2,5,679,488,57,50
2024-01-21,2,5,679,491,57,36
2024-01-22,2,5,679,470,57,34
2024-01-23,2,5,679,471,57,51
2024-01-24,2,5,679,408,57,30
2024-01-25,2,5,679,509,57,44
2024-01-26,2,5,679,518,57,30
2024-01-27,2,5,679,469,57,30
2024-01-28,2,5,679,553,57,53
2024-01-29,2,5,679,629,57,30
2024-01-30,2,5,679,416,57,24
2024-01-31,2,5,679,493,57,32
2024-02-01,2,5,679,580,57,36
2024-02-02,2,5,679,604,57,23
2024-02-03,2,5,679,555,57,45
2024-02-04,2,5,679,497,57,51
2024-02-05,2,5,679,514,57,28
2024-02-06,2,5,679,535,57,22
2024-02-07,2,5,679,419,57,51
2024-02-08,2,5,679,455,57,46
2024-02-09,2,5,679,356,57,51
2024-02-10,2,5,679,579,57,22
2024-02-11,2,5,679,379,57,24
2024-02-12,2,5,679,455,57,50
2024-02-13,2,5,679,407,57,47
2024-02-14,2,5,679,634,57,26
2024-02-15,2,5,679,583,57,41
2024-02-16,2,5,679,412,57,47
2024-02-17,2,5,679,398,57,44
2024-02-18,2,5,679,507,57,23
2024-02-19,2,5,679,641,57,47
2024-02-20,2,5,679,577,57,24
2024-02-21,2,5,679,510,57,31
2024-02-22,2,5,679,493,57,37
2024-02-23,2,5,679,620,57,27
2024-02-24,2,5,679,641,57,39
2024-02-25,2,5,679,341,57,47
2024-02-26,2,5,679,609,57,31
2024-02-27,2,5,679,615,57,24
2024-02-28,2,5,679,417,57,45
2024-02-29,2,5,679,491,57,28
2024-03-01,2,5,679,367,57,45
2024-03-02,2,5,679,501,57,43
2024-03-03,2,5,679,553,57,26
2024-03-04,2,5,679,589,57,39
2024-03-05,2,5,679,395,57,24
2024-03-06,2,5,679,442,57,45
2024-03-07,2,5,679,443,57,22
2024-03-08,2,5,679,639,57,34
2024-03-09,2,5,679,438,57,37
2024-03-10,2,5,679,438,57,34
2024-03-11,2,5,679,639,57,31
2024-03-12,2,5,679,510,57,42
2024-03-13,2,5,679,595,57,37
2024-03-14,2,5,679,472,57,54
2024-03-15,2,5,679,418,57,50
2024-03-16,2,5,679,476,57,28
2024-03-17,2,5,679,637,57,42
2024-03-18,2,5,679,468,57,27
2024-03-19,2,5,679,525,57,49
2024-03-20,2,5,679,363,57,37
2024-03-21,2,5,679,532,57,35
2024-03-22,2,5,679,403,57,35
2024-03-23,2,5,679,559,57,38
2024-03-24,2,5,679,502,57,30
2024-03-25,2,5,679,444,57,25
2024-03-26,2,5,679,368,57,52
2024-03-27,2,5,679,524,57,50
2024-03-28,2,5,679,498,57,34
2024-03-29,2,5,679,415,57,37
2024-03-30,2,5,679,409,57,48
2024-03-31,2,5,679,598,57,42
2024-04-01,2,5,679,495,57,48
2024-04-02,2,5,679,633,57,49
2024-04-03,2,5,679,387,57,23
2024-04-04,2,5,679,447,57,50
2024-04-05,2,5,679,548,57,47
2024-04-06,2,5,679,606,57,35
2024-04-07,2,5,679,596,57,31
2024-04-08,2,5,679,383,57,38
2024-04-09,2,5,679,481,57,47
2024-04-10,2,5,679,487,57,22
2024-04-11,2,5,679,577,57,49
2024-04-12,2,5,679,604,57,22
2024-04-13,2,5,679,465,57,37
2024-04-14,2,5,679,484,57,43
2024-04-15,2,5,679,605,57,38
2024-04-16,2,5,679,551,57,46
2024-04-17,2,5,679,633,57,24
2024-04-18,2,5,679,437,57,51
2024-04-19,2,5,679,545,57,35
2024-04-20,2,5,679,566,57,33
2024-04-21,2,5,679,547,57,28
2024-04-22,2,5,679,634,57,35
2024-04-23,2,5,679,523,57,51
2024-04-24,2,5,679,355,57,36
2024-04-25,2,5,679,455,57,35
2024-04-26,2,5,679,555,57,40
2024-04-27,2,5,679,614,57,47
2024-04-28,2,5,679,478,57,26
2024-04-29,2,5,679,543,57,52
2024-04-30,2,5,679,410,57,30
2024-05-01,2,5,679,471,57,44
2024-05-02,2,5,679,580,57,29
2024-05-03,2,5,679,433,57,34
2024-05-04,2,5,679,483,57,50
2024-05-05,2,5,679,565,57,24
2024-05-06,2,5,679,395,57,38
2024-05-07,2,5,679,383,57,53
2024-05-08,2,5,679,621,57,45
2024-05-09,2,5,679,636,57,22
2024-05-10,2,5,679,353,57,50
2024-05-11,2,5,679,559,57,31
2024-05-12,2,5,679,599,57,41
2024-05-13,2,5,679,634,57,51
2024-05-14,2,5,679,454,57,27
2024-05-15,2,5,679,392,57,41
2024-05-16,2,5,679,407,57,24
2024-05-17,2,5,679,357,57,51
2024-05-18,2,5,679,553,57,48
2024-05-19,2,5,679,530,57,44
2024-05-20,2,5,679,546,57,43
2024-05-21,2,5,679,619,57,22
2024-05-22,2,5,679,511,57,53
2024-05-23,2,5,679,434,57,36
2024-05-24,2,5,679,476,57,30
2024-05-25,2,5,679,370,57,45
2024-05-26,2,5,679,360,57,52
2024-05-27,2,5,679,519,57,50
2024-05-28,2,5,679,375,57,54
2024-05-29,2,5,679,476,57,26
2024-05-30,2,5,679,508,57,39
2024-05-31,2,5,679,486,57,52
2024-06-01,2,5,679,363,57,36
2024-06-02,2,5,679,366,57,47
2024-06-03,2,5,679,535,57,35
2024-06-04,2,5,679,536,57,33
2024-06-05,2,5,679,516,57,31
2024-06-06,2,5,679,429,57,36
2024-06-07,2,5,679,368,57,37
2024-06-08,2,5,679,624,57,37
2024-06-09,2,5,679,453,57,45
2024-06-10,2,5,679,463,57,38
2024-06-11,2,5,679,480,57,45
2024-06-12,2,5,679,446,57,41
2024-06-13,2,5,679,378,57,41
2024-06-14,2,5,679,360,57,28
2024-06-15,2,5,679,499,57,53
2024-06-16,2,5,679,579,57,38
2024-06-17,2,5,679,460,57,31
2024-06-18,2,5,679,487,57,27
2024-06-19,2,5,679,572,57,53
2024-06-20,2,5,679,418,57,39
2024-06-21,2,5,679,347,57,46
2024-06-22,2,5,679,586,57,49
2024-06-23,2,5,679,593,57,54
2024-06-24,2,5,679,508,57,54
2024-06-25,2,5,679,476,57,35
2024-06-26,2,5,679,358,57,33
2024-06-27,2,5,679,474,57,40
2024-06-28,2,5,679,451,57,37
2024-06-29,2,5,679,496,57,28
2024-06-30,2,5,679,423,57,47
2024-07-01,2,5,679,588,57,25
2024-07-02,2,5,679,431,57,38
2024-07-03,2,5,679,612,57,27
2024-07-04,2,5,679,380,57,44
2024-07-05,2,5,679,551,57,37
2024-07-06,2,5,679,594,57,35
2024-07-07,2,5,679,620,57,48
2024-07-08,2,5,679,472,57,40
2024-07-09,2,5,679,426,57,27
2024-07-10,2,5,679,456,57,44
2024-07-11,2,5,679,598,57,48
2024-07-12,2,5,679,581,57,50
2024-07-13,2,5,679,615,57,44
2024-07-14,2,5,679,595,57,27
2024-07-15,2,5,679,566,57,39
2024-07-16,2,5,679,553,57,26
2024-07-17,2,5,679,570,57,48
2024-07-18,2,5,679,536,57,47
2024-07-19,2,5,679,417,57,44
2024-07-20,2,5,679,385,57,50
2024-07-21,2,5,679,531,57,54
2024-07-22,2,5,679,390,57,41
2024-07-23,2,5,679,644,57,48
2024-07-24,2,5,679,607,57,34
2024-07-25,2,5,679,519,57,29
2024-07-26,2,5,679,447,57,51
2024-07-27,2,5,679,506,57,31
2024-07-28,2,5,679,377,57,41
2024-07-29,2,5,679,459,57,22
2024-07-30,2,5,679,562,57,50
2024-07-31,2,5,679,446,57,39
2024-08-01,2,5,679,600,57,51
2024-08-02,2,5,679,512,57,46
2024-08-03,2,5,679,391,57,29
2024-08-04,2,5,679,571,57,30
2024-08-05,2,5,679,515,57,41
2024-08-06,2,5,679,457,57,49
2024-08-07,2,5,679,643,57,40
2024-08-08,2,5,679,408,57,50
2024-08-09,2,5,679,631,57,50
2024-08-10,2,5,679,624,57,32
2024-08-11,2,5,679,390,57,23
2024-08-12,2,5,679,383,57,24
2024-08-13,2,5,679,399,57,37
2024-08-14,2,5,679,443,57,49
2024-08-15,2,5,679,385,57,42
2024-08-16,2,5,679,529,57,27
2024-08-17,2,5,679,550,57,32
2024-08-18,2,5,679,430,57,54
2024-08-19,2,5,679,402,57,32
2024-08-20,2,5,679,395,57,39
2024-08-21,2,5,679,517,57,37
2024-08-22,2,5,679,616,57,26
2024-08-23,2,5,679,584,57,23
2024-08-24,2,5,679,544,57,41
2024-08-25,2,5,679,546,57,31
2024-08-26,2,5,679,449,57,41
2024-08-27,2,5,679,480,57,30
2024-08-28,2,5,679,447,57,35
2024-08-29,2,5,679,619,57,29
2024-08-30,2,5,679,523,57,52
2024-08-31,2,5,679,349,57,51
2024-09-01,2,5,679,576,57,38
2024-09-02,2,5,679,395,57,30
2024-09-03,2,5,679,542,57,49
2024-09-04,2,5,679,573,57,50
2024-09-05,2,5,679,566,57,51
2024-09-06,2,5,679,565,57,22
2024-09-07,2,5,679,397,57,34
2024-09-08,2,5,679,439,57,49
2024-09-09,2,5,679,630,57,29
2024-09-10,2,5,679,392,57,28
2024-09-11,2,5,679,406,57,42
2024-09-12,2,5,679,411,57,50
2024-09-13,2,5,679,525,57,35
2024-09-14,2,5,679,349,57,37
2024-09-15,2,5,679,626,57,35
2024-09-16,2,5,679,580,57,37
2024-09-17,2,5,679,618,57,29
2024-09-18,2,5,679,452,57,32
2024-09-19,2,5,679,542,57,44
2024-09-20,2,5,679,553,57,40
2024-09-21,2,5,679,591,57,45
2024-09-22,2,5,679,582,57,38
2024-09-23,2,5,679,401,57,41
2024-09-24,2,5,679,639,57,45
2024-09-25,2,5,679,601,57,32
2024-09-26,2,5,679,508,57,24
2024-09-27,2,5,679,461,57,25
2024-09-28,2,5,679,468,57,50
2024-09-29,2,5,679,551,57,22
2024-09-30,2,5,679,525,57,29
2024-10-01,2,5,679,441,57,34
2024-10-02,2,5,679,478,57,29
2024-10-03,2,5,679,474,57,27
2024-10-04,2,5,679,592,57,53
2024-10-05,2,5,679,585,57,32
2024-10-06,2,5,679,491,57,53
2024-10-07,2,5,679,621,57,31
2024-10-08,2,5,679,643,57,52
2024-10-09,2,5,679,424,57,36
2024-10-10,2,5,679,507,57,51
2024-10-11,2,5,679,583,57,46
2024-10-12,2,5,679,588,57,32
2024-10-13,2,5,679,523,57,43
2024-10-14,2,5,679,638,57,26
2024-10-15,2,5,679,587,57,26
2024-10-16,2,5,679,386,57,33
2024-10-17,2,5,679,610,57,52
2024-10-18,2,5,679,393,57,44
2024-10-19,2,5,679,443,57,25
2024-10-20,2,5,679,560,57,39
2024-10-21,2,5,679,521,57,25
2024-10-22,2,5,679,487,57,29
2024-10-23,2,5,679,468,57,33
2024-10-24,2,5,679,429,57,29
2024-10-25,2,5,679,576,57,38
2024-10-26,2,5,679,495,57,34
2024-10-27,2,5,679,414,57,25
2024-10-28,2,5,679,444,57,39
2024-10-29,2,5,679,412,57,33
2024-10-30,2,5,679,609,57,30
2024-10-31,2,5,679,474,57,44
2024-11-01,2,5,679,374,57,32
2024-11-02,2,5,679,525,57,29
2024-11-03,2,5,679,384,57,35
2024-11-04,2,5,679,485,57,50
2024-11-05,2,5,679,369,57,49
2024-11-06,2,5,679,361,57,34
2024-11-07,2,5,679,484,57,40
2024-11-08,2,5,679,357,57,37
2024-11-09,2,5,679,551,57,38
2024-11-10,2,5,679,394,57,26
2024-11-11,2,5,679,625,57,31
2024-11-12,2,5,679,428,57,24
2024-11-13,2,5,679,378,57,36
2024-11-14,2,5,679,381,57,33
2024-11-15,2,5,679,363,57,47
2024-11-16,2,5,679,462,57,23
2024-11-17,2,5,679,644,57,31
2024-11-18,2,5,679,358,57,50
2024-11-19,2,5,679,500,57,26
2024-11-20,2,5,679,461,57,26
2024-11-21,2,5,679,501,57,48
2024-11-22,2,5,679,520,57,38
2024-11-23,2,5,679,442,57,53
2024-11-24,2,5,679,370,57,34
2024-11-25,2,5,679,490,57,38
2024-11-26,2,5,679,346,57,43
2024-11-27,2,5,679,570,57,35
2024-11-28,2,5,679,413,57,35
2024-11-29,2,5,679,464,57,31
2024-11-30,2,5,679,454,57,46
2024-12-01,2,5,679,378,57,32
2024-12-02,2,5,679,612,57,54
2024-12-03,2,5,679,369,57,22
2024-12-04,2,5,679,527,57,54
2024-12-05,2,5,679,357,57,43
2024-12-06,2,5,679,359,57,46
2024-12-07,2,5,679,388,57,34
2024-12-08,2,5,679,605,57,42
2024-12-09,2,5,679,545,57,30
2024-12-10,2,5,679,428,57,35
2024-12-11,2,5,679,402,57,29
2024-12-12,2,5,679,637,57,52
2024-12-13,2,5,679,399,57,49
2024-12-14,2,5,679,544,57,34
2024-12-15,2,5,679,636,57,28
2024-12-16,2,5,679,535,57,36
2024-12-17,2,5,679,592,57,36
2024-12-18,2,5,679,602,57,34
2024-12-19,2,5,679,447,57,51
2024-12-20,2,5,679,469,57,31
2024-12-21,2,5,679,601,57,34
2024-12-22,2,5,679,446,57,53
2024-12-23,2,5,679,624,57,52
2024-12-24,2,5,679,455,57,34
2024-12-25,2,5,679,444,57,29
2024-12-26,2,5,679,487,57,31
2024-12-27,2,5,679,435,57,45
2024-12-28,2,5,679,570,57,34
2024-12-29,2,5,679,468,57,42
2024-12-30,2,5,679,364,57,37
2024-12-31,2,5,679,460,57,49
2023-01-01,2,6,679,369,57,29
2023-01-02,2,6,679,608,57,24
2023-01-03,2,6,679,506,57,28
2023-01-04,2,6,679,614,57,39
2023-01-05,2,6,679,496,57,47
2023-01-06,2,6,679,635,57,39
2023-01-07,2,6,679,554,57,38
2023-01-08,2,6,679,574,57,27
2023-01-09,2,6,679,481,57,41
2023-01-10,2,6,679,570,57,26
2023-01-11,2,6,679,495,57,43
2023-01-12,2,6,679,467,57,52
2023-01-13,2,6,679,457,57,33
2023-01-14,2,6,679,391,57,34
2023-01-15,2,6,679,386,57,50
2023-01-16,2,6,679,581,57,38
2023-01-17,2,6,679,380,57,32
2023-01-18,2,6,679,550,57,50
2023-01-19,2,6,679,642,57,46
2023-01-20,2,6,679,576,57,54
2023-01-21,2,6,679,521,57,25
2023-01-22,2,6,679,377,57,39
2023-01-23,2,6,679,465,57,33
2023-01-24,2,6,679,413,57,42
2023-01-25,2,6,679,640,57,36
2023-01-26,2,6,679,569,57,25
2023-01-27,2,6,679,481,57,37
2023-01-28,2,6,679,642,57,48
2023-01-29,2,6,679,472,57,38
2023-01-30,2,6,679,568,57,52
2023-01-31,2,6,679,615,57,34
2023-02-01,2,6,679,495,57,47
2023-02-02,2,6,679,492,57,32
2023-02-03,2,6,679,607,57,22
2023-02-04,2,6,679,503,57,22
2023-02-05,2,6,679,442,57,39
2023-02-06,2,6,679,473,57,54
2023-02-07,2,6,679,641,57,36
2023-02-08,2,6,679,609,57,22
2023-02-09,2,6,679,429,57,38
2023-02-10,2,6,679,566,57,40
2023-02-11,2,6,679,409,57,41
2023-02-12,2,6,679,467,57,48
2023-02-13,2,6,679,513,57,43
2023-02-14,2,6,679,638,57,29
2023-02-15,2,6,679,486,57,30
2023-02-16,2,6,679,558,57,40
2023-02-17,2,6,679,430,57,41
2023-02-18,2,6,679,376,57,47
2023-02-19,2,6,679,451,57,23
2023-02-20,2,6,679,576,57,54
2023-02-21,2,6,679,395,57,39
2023-02-22,2,6,679,396,57,42
2023-02-23,2,6,679,595,57,23
2023-02-24,2,6,679,515,57,51
2023-02-25,2,6,679,364,57,30
2023-02-26,2,6,679,489,57,30
2023-02-27,2,6,679,565,57,51
2023-02-28,2,6,679,576,57,45
2023-03-01,2,6,679,464,57,42
2023-03-02,2,6,679,399,57,27
2023-03-03,2,6,679,377,57,36
2023-03-04,2,6,679,477,57,45
2023-03-05,2,6,679,558,57,52
2023-03-06,2,6,679,547,57,48
2023-03-07,2,6,679,402,57,31
2023-03-08,2,6,679,489,57,42
2023-03-09,2,6,679,408,57,26
2023-03-10,2,6,679,417,57,39
2023-03-11,2,6,679,639,57,24
2023-03-12,2,6,679,357,57,34
2023-03-13,2,6,679,564,57,41
2023-03-14,2,6,679,368,57,44
2023-03-15,2,6,679,444,57,45
2023-03-16,2,6,679,503,57,48
2023-03-17,2,6,679,630,57,46
2023-03-18,2,6,679,514,57,37
2023-03-19,2,6,679,357,57,51
2023-03-20,2,6,679,509,57,35
2023-03-21,2,6,679,361,57,25
2023-03-22,2,6,679,638,57,48
2023-03-23,2,6,679,494,57,40
2023-03-24,2,6,679,566,57,30
2023-03-25,2,6,679,544,57,28
2023-03-26,2,6,679,384,57,24
2023-03-27,2,6,679,379,57,36
2023-03-28,2,6,679,602,57,46
2023-03-29,2,6,679,426,57,31
2023-03-30,2,6,679,365,57,41
2023-03-31,2,6,679,615,57,22
2023-04-01,2,6,679,539,57,25
2023-04-02,2,6,679,572,57,48
2023-04-03,2,6,679,519,57,45
2023-04-04,2,6,679,420,57,31
2023-04-05,2,6,679,495,57,25
2023-04-06,2,6,679,608,57,53
2023-04-07,2,6,679,465,57,41
2023-04-08,2,6,679,635,57,43
2023-04-09,2,6,679,380,57,22
2023-04-10,2,6,679,619,57,33
2023-04-11,2,6,679,453,57,36
2023-04-12,2,6,679,567,57,41
2023-04-13,2,6,679,576,57,46
2023-04-14,2,6,679,593,57,53
2023-04-15,2,6,679,377,57,51
2023-04-16,2,6,679,458,57,49
2023-04-17,2,6,679,357,57,46
2023-04-18,2,6,679,448,57,23
2023-04-19,2,6,679,607,57,38
2023-04-20,2,6,679,376,57,22
2023-04-21,2,6,679,450,57,47
2023-04-22,2,6,679,588,57,54
2023-04-23,2,6,679,444,57,50
2023-04-24,2,6,679,398,57,33
2023-04-25,2,6,679,625,57,43
2023-04-26,2,6,679,365,57,26
2023-04-27,2,6,679,390,57,24
2023-04-28,2,6,679,540,57,45
2023-04-29,2,6,679,467,57,40
2023-04-30,2,6,679,384,57,27
2023-05-01,2,6,679,460,57,53
2023-05-02,2,6,679,430,57,24
2023-05-03,2,6,679,612,57,29
2023-05-04,2,6,679,598,57,30
2023-05-05,2,6,679,603,57,29
2023-05-06,2,6,679,634,57,37
2023-05-07,2,6,679,385,57,40
2023-05-08,2,6,679,601,57,37
2023-05-09,2,6,679,607,57,48
2023-05-10,2,6,679,394,57,22
2023-05-11,2,6,679,407,57,30
2023-05-12,2,6,679,586,57,35
2023-05-13,2,6,679,464,57,54
2023-05-14,2,6,679,481,57,35
2023-05-15,2,6,679,424,57,47
2023-05-16,2,6,679,398,57,36
2023-05-17,2,6,679,437,57,50
2023-05-18,2,6,679,342,57,40
2023-05-19,2,6,679,358,57,30
2023-05-20,2,6,679,459,57,53
2023-05-21,2,6,679,357,57,32
2023-05-22,2,6,679,606,57,28
2023-05-23,2,6,679,370,57,37
2023-05-24,2,6,679,365,57,53
2023-05-25,2,6,679,621,57,54
2023-05-26,2,6,679,519,57,48
2023-05-27,2,6,679,602,57,43
2023-05-28,2,6,679,600,57,43
2023-05-29,2,6,679,430,57,48
2023-05-30,2,6,679,488,57,36
2023-05-31,2,6,679,623,57,38
2023-06-01,2,6,679,628,57,35
2023-06-02,2,6,679,522,57,36
2023-06-03,2,6,679,509,57,47
2023-06-04,2,6,679,392,57,49
2023-06-05,2,6,679,382,57,47
2023-06-06,2,6,679,362,57,53
2023-06-07,2,6,679,614,57,45
2023-06-08,2,6,679,587,57,23
2023-06-09,2,6,679,405,57,43
2023-06-10,2,6,679,451,57,53
2023-06-11,2,6,679,515,57,30
2023-06-12,2,6,679,465,57,36
2023-06-13,2,6,679,423,57,50
2023-06-14,2,6,679,410,57,27
2023-06-15,2,6,679,478,57,41
2023-06-16,2,6,679,550,57,22
2023-06-17,2,6,679,558,57,22
2023-06-18,2,6,679,571,57,53
2023-06-19,2,6,679,395,57,46
2023-06-20,2,6,679,439,57,54
2023-06-21,2,6,679,459,57,33
2023-06-22,2,6,679,643,57,51
2023-06-23,2,6,679,385,57,52
2023-06-24,2,6,679,556,57,27
2023-06-25,2,6,679,634,57,30
2023-06-26,2,6,679,560,57,46
2023-06-27,2,6,679,538,57,41
2023-06-28,2,6,679,490,57,23
2023-06-29,2,6,679,552,57,41
2023-06-30,2,6,679,496,57,41
2023-07-01,2,6,679,369,57,45
2023-07-02,2,6,679,448,57,31
2023-07-03,2,6,679,595,57,33
2023-07-04,2,6,679,430,57,48
2023-07-05,2,6,679,363,57,38
2023-07-06,2,6,679,401,57,48
2023-07-07,2,6,679,357,57,37
2023-07-08,2,6,679,581,57,28
2023-07-09,2,6,679,487,57,49
2023-07-10,2,6,679,639,57,34
2023-07-11,2,6,679,640,57,34
2023-07-12,2,6,679,438,57,48
2023-07-13,2,6,679,602,57,54
2023-07-14,2,6,679,471,57,31
2023-07-15,2,6,679,509,57,40
2023-07-16,2,6,679,343,57,48
2023-07-17,2,6,679,633,57,46
2023-07-18,2,6,679,525,57,47
2023-07-19,2,6,679,572,57,40
2023-07-20,2,6,679,358,57,34
2023-07-21,2,6,679,384,57,36
2023-07-22,2,6,679,444,57,38
2023-07-23,2,6,679,506,57,22
2023-07-24,2,6,679,551,57,43
2023-07-25,2,6,679,435,57,34
2023-07-26,2,6,679,344,57,54
2023-07-27,2,6,679,385,57,31
2023-07-28,2,6,679,373,57,40
2023-07-29,2,6,679,377,57,43
2023-07-30,2,6,679,425,57,37
2023-07-31,2,6,679,586,57,35
2023-08-01,2,6,679,346,57,24
2023-08-02,2,6,679,513,57,26
2023-08-03,2,6,679,445,57,27
2023-08-04,2,6,679,386,57,48
2023-08-05,2,6,679,385,57,50
2023-08-06,2,6,679,493,57,22
2023-08-07,2,6,679,623,57,35
2023-08-08,2,6,679,461,57,29
2023-08-09,2,6,679,541,57,32
2023-08-10,2,6,679,580,57,31
2023-08-11,2,6,679,467,57,44
2023-08-12,2,6,679,426,57,34
2023-08-13,2,6,679,612,57,23
2023-08-14,2,6,679,415,57,26
2023-08-15,2,6,679,632,57,28
2023-08-16,2,6,679,611,57,51
2023-08-17,2,6,679,612,57,43
2023-08-18,2,6,679,563,57,36
2023-08-19,2,6,679,378,57,28
2023-08-20,2,6,679,477,57,44
2023-08-21,2,6,679,477,57,22
2023-08-22,2,6,679,595,57,36
2023-08-23,2,6,679,642,57,35
2023-08-24,2,6,679,364,57,44
2023-08-25,2,6,679,435,57,53
2023-08-26,2,6,679,346,57,30
2023-08-27,2,6,679,578,57,43
2023-08-28,2,6,679,366,57,22
2023-08-29,2,6,679,567,57,48
2023-08-30,2,6,679,634,57,49
2023-08-31,2,6,679,433,57,45
2023-09-01,2,6,679,627,57,25
2023-09-02,2,6,679,635,57,45
2023-09-03,2,6,679,431,57,30
2023-09-04,2,6,679,525,57,35
2023-09-05,2,6,679,507,57,26
2023-09-06,2,6,679,404,57,47
2023-09-07,2,6,679,538,57,26
2023-09-08,2,6,679,622,57,53
2023-09-09,2,6,679,349,57,22
2023-09-10,2,6,679,567,57,52
2023-09-11,2,6,679,522,57,27
2023-09-12,2,6,679,478,57,53
2023-09-13,2,6,679,437,57,25
2023-09-14,2,6,679,596,57,26
2023-09-15,2,6,679,575,57,22
2023-09-16,2,6,679,370,57,54
2023-09-17,2,6,679,634,57,47
2023-09-18,2,6,679,366,57,35
2023-09-19,2,6,679,398,57,31
2023-09-20,2,6,679,424,57,44
2023-09-21,2,6,679,612,57,23
2023-09-22,2,6,679,372,57,30
2023-09-23,2,6,679,426,57,54
2023-09-24,2,6,679,481,57,31
2023-09-25,2,6,679,622,57,23
2023-09-26,2,6,679,521,57,31
2023-09-27,2,6,679,610,57,46
2023-09-28,2,6,679,355,57,30
2023-09-29,2,6,679,360,57,46
2023-09-30,2,6,679,376,57,23
2023-10-01,2,6,679,488,57,46
2023-10-02,2,6,679,595,57,31
2023-10-03,2,6,679,341,57,52
2023-10-04,2,6,679,578,57,41
2023-10-05,2,6,679,621,57,26
2023-10-06,2,6,679,516,57,37
2023-10-07,2,6,679,609,57,35
2023-10-08,2,6,679,550,57,52
2023-10-09,2,6,679,409,57,45
2023-10-10,2,6,679,425,57,38
2023-10-11,2,6,679,363,57,52
2023-10-12,2,6,679,493,57,43
2023-10-13,2,6,679,458,57,22
2023-10-14,2,6,679,614,57,37
2023-10-15,2,6,679,381,57,28
2023-10-16,2,6,679,622,57,42
2023-10-17,2,6,679,596,57,46
2023-10-18,2,6,679,514,57,23
2023-10-19,2,6,679,498,57,47
2023-10-20,2,6,679,550,57,50
2023-10-21,2,6,679,434,57,46
2023-10-22,2,6,679,491,57,22
2023-10-23,2,6,679,350,57,35
2023-10-24,2,6,679,404,57,45
2023-10-25,2,6,679,344,57,32
2023-10-26,2,6,679,374,57,26
2023-10-27,2,6,679,567,57,27
2023-10-28,2,6,679,565,57,45
2023-10-29,2,6,679,361,57,35
2023-10-30,2,6,679,495,57,44
2023-10-31,2,6,679,356,57,24
2023-11-01,2,6,679,572,57,45
2023-11-02,2,6,679,376,57,32
2023-11-03,2,6,679,517,57,43
2023-11-04,2,6,679,596,57,34
2023-11-05,2,6,679,403,57,44
2023-11-06,2,6,679,449,57,30
2023-11-07,2,6,679,392,57,46
2023-11-08,2,6,679,491,57,41
2023-11-09,2,6,679,383,57,47
2023-11-10,2,6,679,430,57,40
2023-11-11,2,6,679,643,57,43
2023-11-12,2,6,679,410,57,50
2023-11-13,2,6,679,622,57,34
2023-11-14,2,6,679,552,57,49
2023-11-15,2,6,679,574,57,23
2023-11-16,2,6,679,563,57,26
2023-11-17,2,6,679,614,57,35
2023-11-18,2,6,679,365,57,37
2023-11-19,2,6,679,363,57,47
2023-11-20,2,6,679,426,57,38
2023-11-21,2,6,679,539,57,31
2023-11-22,2,6,679,530,57,52
2023-11-23,2,6,679,383,57,35
2023-11-24,2,6,679,537,57,51
2023-11-25,2,6,679,400,57,36
2023-11-26,2,6,679,454,57,34
2023-11-27,2,6,679,480,57,32
2023-11-28,2,6,679,425,57,22
2023-11-29,2,6,679,640,57,53
2023-11-30,2,6,679,345,57,31
2023-12-01,2,6,679,534,57,33
2023-12-02,2,6,679,455,57,22
2023-12-03,2,6,679,600,57,38
2023-12-04,2,6,679,610,57,39
2023-12-05,2,6,679,477,57,43
2023-12-06,2,6,679,454,57,52
2023-12-07,2,6,679,627,57,33
2023-12-08,2,6,679,554,57,31
2023-12-09,2,6,679,615,57,54
2023-12-10,2,6,679,407,57,31
2023-12-11,2,6,679,403,57,35
2023-12-12,2,6,679,490,57,22
2023-12-13,2,6,679,356,57,42
2023-12-14,2,6,679,397,57,45
2023-12-15,2,6,679,343,57,40
2023-12-16,2,6,679,553,57,23
2023-12-17,2,6,679,410,57,48
2023-12-18,2,6,679,479,57,52
2023-12-19,2,6,679,610,57,48
2023-12-20,2,6,679,384,57,39
2023-12-21,2,6,679,474,57,24
2023-12-22,2,6,679,536,57,40
2023-12-23,2,6,679,625,57,38
2023-12-24,2,6,679,525,57,39
2023-12-25,2,6,679,527,57,36
2023-12-26,2,6,679,627,57,25
2023-12-27,2,6,679,429,57,43
2023-12-28,2,6,679,381,57,49
2023-12-29,2,6,679,558,57,27
2023-12-30,2,6,679,388,57,36
2023-12-31,2,6,679,536,57,30
2024-01-01,2,6,679,345,57,29
2024-01-02,2,6,679,452,57,23
2024-01-03,2,6,679,579,57,37
2024-01-04,2,6,679,591,57,29
2024-01-05,2,6,679,632,57,41
2024-01-06,2,6,679,499,57,26
2024-01-07,2,6,679,459,57,35
2024-01-08,2,6,679,459,57,35
2024-01-09,2,6,679,594,57,41
2024-01-10,2,6,679,388,57,54
2024-01-11,2,6,679,566,57,44
2024-01-12,2,6,679,378,57,42
2024-01-13,2,6,679,588,57,48
2024-01-14,2,6,679,624,57,40
2024-01-15,2,6,679,499,57,37
2024-01-16,2,6,679,496,57,24
2024-01-17,2,6,679,557,57,34
2024-01-18,2,6,679,587,57,28
2024-01-19,2,6,679,411,57,30
2024-01-20,2,6,679,617,57,28
2024-01-21,2,6,679,431,57,45
2024-01-22,2,6,679,382,57,39
2024-01-23,2,6,679,642,57,26
2024-01-24,2,6,679,551,57,50
2024-01-25,2,6,679,358,57,53
2024-01-26,2,6,679,453,57,46
2024-01-27,2,6,679,581,57,27
2024-01-28,2,6,679,472,57,38
2024-01-29,2,6,679,491,57,43
2024-01-30,2,6,679,590,57,44
2024-01-31,2,6,679,400,57,43
2024-02-01,2,6,679,395,57,54
2024-02-02,2,6,679,584,57,24
2024-02-03,2,6,679,408,57,48
2024-02-04,2,6,679,456,57,27
2024-02-05,2,6,679,589,57,34
2024-02-06,2,6,679,435,57,43
2024-02-07,2,6,679,345,57,29
2024-02-08,2,6,679,537,57,38
2024-02-09,2,6,679,587,57,41
2024-02-10,2,6,679,407,57,23
2024-02-11,2,6,679,402,57,46
2024-02-12,2,6,679,523,57,28
2024-02-13,2,6,679,367,57,40
2024-02-14,2,6,679,340,57,23
2024-02-15,2,6,679,528,57,33
2024-02-16,2,6,679,423,57,30
2024-02-17,2,6,679,405,57,35
2024-02-18,2,6,679,390,57,26
2024-02-19,2,6,679,411,57,45
2024-02-20,2,6,679,504,57,24
2024-02-21,2,6,679,447,57,42
2024-02-22,2,6,679,527,57,31
2024-02-23,2,6,679,361,57,34
2024-02-24,2,6,679,610,57,29
2024-02-25,2,6,679,418,57,52
2024-02-26,2,6,679,357,57,48
2024-02-27,2,6,679,532,57,50
2024-02-28,2,6,679,548,57,46
2024-02-29,2,6,679,494,57,50
2024-03-01,2,6,679,365,57,39
2024-03-02,2,6,679,480,57,46
2024-03-03,2,6,679,625,57,50
2024-03-04,2,6,679,392,57,46
2024-03-05,2,6,679,403,57,23
2024-03-06,2,6,679,403,57,46
2024-03-07,2,6,679,431,57,46
2024-03-08,2,6,679,644,57,46
2024-03-09,2,6,679,362,57,38
2024-03-10,2,6,679,407,57,38
2024-03-11,2,6,679,407,57,31
2024-03-12,2,6,679,559,57,52
2024-03-13,2,6,679,608,57,44
2024-03-14,2,6,679,629,57,34
2024-03-15,2,6,679,350,57,29
2024-03-16,2,6,679,536,57,40
2024-03-17,2,6,679,450,57,22
2024-03-18,2,6,679,551,57,48
2024-03-19,2,6,679,563,57,34
2024-03-20,2,6,679,629,57,46
2024-03-21,2,6,679,369,57,40
2024-03-22,2,6,679,635,57,31
2024-03-23,2,6,679,465,57,31
2024-03-24,2,6,679,548,57,53
2024-03-25,2,6,679,613,57,30
2024-03-26,2,6,679,533,57,32
2024-03-27,2,6,679,592,57,40
2024-03-28,2,6,679,473,57,54
2024-03-29,2,6,679,554,57,51
2024-03-30,2,6,679,510,57,42
2024-03-31,2,6,679,570,57,32
2024-04-01,2,6,679,436,57,40
2024-04-02,2,6,679,375,57,49
2024-04-03,2,6,679,439,57,53
2024-04-04,2,6,679,556,57,47
2024-04-05,2,6,679,373,57,51
2024-04-06,2,6,679,384,57,29
2024-04-07,2,6,679,379,57,27
2024-04-08,2,6,679,613,57,34
2024-04-09,2,6,679,348,57,54
2024-04-10,2,6,679,379,57,38
2024-04-11,2,6,679,424,57,47
2024-04-12,2,6,679,508,57,23
2024-04-13,2,6,679,587,57,29
2024-04-14,2,6,679,387,57,37
2024-04-15,2,6,679,603,57,49
2024-04-16,2,6,679,341,57,26
2024-04-17,2,6,679,372,57,45
2024-04-18,2,6,679,633,57,52
2024-04-19,2,6,679,555,57,49
2024-04-20,2,6,679,433,57,22
2024-04-21,2,6,679,520,57,28
2024-04-22,2,6,679,486,57,49
2024-04-23,2,6,679,396,57,48
2024-04-24,2,6,679,510,57,49
2024-04-25,2,6,679,583,57,37
2024-04-26,2,6,679,488,57,45
2024-04-27,2,6,679,458,57,50
2024-04-28,2,6,679,584,57,36
2024-04-29,2,6,679,346,57,25
2024-04-30,2,6,679,548,57,40
2024-05-01,2,6,679,507,57,51
2024-05-02,2,6,679,641,57,54
2024-05-03,2,6,679,468,57,29
2024-05-04,2,6,679,456,57,49
2024-05-05,2,6,679,644,57,42
2024-05-06,2,6,679,513,57,42
2024-05-07,2,6,679,507,57,29
2024-05-08,2,6,679,617,57,40
2024-05-09,2,6,679,588,57,37
2024-05-10,2,6,679,423,57,42
2024-05-11,2,6,679,397,57,35
2024-05-12,2,6,679,398,57,49
2024-05-13,2,6,679,359,57,50
2024-05-14,2,6,679,601,57,28
2024-05-15,2,6,679,467,57,37
2024-05-16,2,6,679,397,57,25
2024-05-17,2,6,679,522,57,31
2024-05-18,2,6,679,415,57,32
2024-05-19,2,6,679,558,57,39
2024-05-20,2,6,679,423,57,35
2024-05-21,2,6,679,591,57,30
2024-05-22,2,6,679,636,57,27
2024-05-23,2,6,679,571,57,38
2024-05-24,2,6,679,378,57,52
2024-05-25,2,6,679,572,57,27
2024-05-26,2,6,679,490,57,53
2024-05-27,2,6,679,388,57,30
2024-05-28,2,6,679,598,57,32
2024-05-29,2,6,679,460,57,50
2024-05-30,2,6,679,371,57,34
2024-05-31,2,6,679,615,57,38
2024-06-01,2,6,679,595,57,37
2024-06-02,2,6,679,491,57,26
2024-06-03,2,6,679,599,57,47
2024-06-04,2,6,679,496,57,48
2024-06-05,2,6,679,487,57,29
2024-06-06,2,6,679,348,57,31
2024-06-07,2,6,679,596,57,50
2024-06-08,2,6,679,373,57,46
2024-06-09,2,6,679,610,57,35
2024-06-10,2,6,679,632,57,52
2024-06-11,2,6,679,598,57,34
2024-06-12,2,6,679,645,57,32
2024-06-13,2,6,679,464,57,29
2024-06-14,2,6,679,595,57,25
2024-06-15,2,6,679,437,57,54
2024-06-16,2,6,679,454,57,39
2024-06-17,2,6,679,346,57,38
2024-06-18,2,6,679,538,57,50
2024-06-19,2,6,679,450,57,50
2024-06-20,2,6,679,372,57,24
2024-06-21,2,6,679,638,57,49
2024-06-22,2,6,679,483,57,34
2024-06-23,2,6,679,510,57,30
2024-06-24,2,6,679,357,57,34
2024-06-25,2,6,679,399,57,45
2024-06-26,2,6,679,376,57,47
2024-06-27,2,6,679,346,57,46
2024-06-28,2,6,679,425,57,28
2024-06-29,2,6,679,374,57,42
2024-06-30,2,6,679,351,57,53
2024-07-01,2,6,679,497,57,23
2024-07-02,2,6,679,506,57,23
2024-07-03,2,6,679,578,57,39
2024-07-04,2,6,679,459,57,31
2024-07-05,2,6,679,541,57,51
2024-07-06,2,6,679,447,57,48
2024-07-07,2,6,679,372,57,38
2024-07-08,2,6,679,350,57,27
2024-07-09,2,6,679,622,57,44
2024-07-10,2,6,679,539,57,48
2024-07-11,2,6,679,481,57,36
2024-07-12,2,6,679,460,57,40
2024-07-13,2,6,679,359,57,36
2024-07-14,2,6,679,441,57,45
2024-07-15,2,6,679,592,57,32
2024-07-16,2,6,679,575,57,35
2024-07-17,2,6,679,349,57,22
2024-07-18,2,6,679,639,57,37
2024-07-19,2,6,679,631,57,27
2024-07-20,2,6,679,583,57,36
2024-07-21,2,6,679,416,57,49
2024-07-22,2,6,679,442,57,31
2024-07-23,2,6,679,554,57,24
2024-07-24,2,6,679,367,57,50
2024-07-25,2,6,679,610,57,35
2024-07-26,2,6,679,538,57,50
2024-07-27,2,6,679,411,57,45
2024-07-28,2,6,679,642,57,48
2024-07-29,2,6,679,586,57,44
2024-07-30,2,6,679,392,57,23
2024-07-31,2,6,679,510,57,51
2024-08-01,2,6,679,422,57,30
2024-08-02,2,6,679,383,57,32
2024-08-03,2,6,679,380,57,42
2024-08-04,2,6,679,447,57,43
2024-08-05,2,6,679,540,57,54
2024-08-06,2,6,679,438,57,51
2024-08-07,2,6,679,636,57,50
2024-08-08,2,6,679,490,57,38
2024-08-09,2,6,679,368,57,31
2024-08-10,2,6,679,488,57,45
2024-08-11,2,6,679,373,57,25
2024-08-12,2,6,679,459,57,39
2024-08-13,2,6,679,495,57,50
2024-08-14,2,6,679,553,57,37
2024-08-15,2,6,679,587,57,24
2024-08-16,2,6,679,448,57,51
2024-08-17,2,6,679,620,57,33
2024-08-18,2,6,679,516,57,34
2024-08-19,2,6,679,539,57,35
2024-08-20,2,6,679,362,57,28
2024-08-21,2,6,679,477,57,49
2024-08-22,2,6,679,348,57,27
2024-08-23,2,6,679,416,57,42
2024-08-24,2,6,679,350,57,24
2024-08-25,2,6,679,564,57,47
2024-08-26,2,6,679,632,57,49
2024-08-27,2,6,679,546,57,40
2024-08-28,2,6,679,616,57,34
2024-08-29,2,6,679,383,57,24
2024-08-30,2,6,679,479,57,34
2024-08-31,2,6,679,598,57,25
2024-09-01,2,6,679,610,57,33
2024-09-02,2,6,679,415,57,53
2024-09-03,2,6,679,548,57,53
2024-09-04,2,6,679,552,57,33
2024-09-05,2,6,679,636,57,27
2024-09-06,2,6,679,404,57,32
2024-09-07,2,6,679,531,57,24
2024-09-08,2,6,679,636,57,22
2024-09-09,2,6,679,544,57,53
2024-09-10,2,6,679,428,57,46
2024-09-11,2,6,679,470,57,44
2024-09-12,2,6,679,503,57,48
2024-09-13,2,6,679,569,57,30
2024-09-14,2,6,679,502,57,47
2024-09-15,2,6,679,420,57,50
2024-09-16,2,6,679,410,57,35
2024-09-17,2,6,679,408,57,52
2024-09-18,2,6,679,607,57,41
2024-09-19,2,6,679,503,57,27
2024-09-20,2,6,679,525,57,40
2024-09-21,2,6,679,354,57,23
2024-09-22,2,6,679,458,57,36
2024-09-23,2,6,679,451,57,41
2024-09-24,2,6,679,498,57,53
2024-09-25,2,6,679,444,57,29
2024-09-26,2,6,679,465,57,54
2024-09-27,2,6,679,433,57,28
2024-09-28,2,6,679,497,57,53
2024-09-29,2,6,679,589,57,51
2024-09-30,2,6,679,355,57,39
2024-10-01,2,6,679,465,57,24
2024-10-02,2,6,679,614,57,53
2024-10-03,2,6,679,581,57,22
2024-10-04,2,6,679,588,57,48
2024-10-05,2,6,679,485,57,45
2024-10-06,2,6,679,472,57,32
2024-10-07,2,6,679,625,57,43
2024-10-08,2,6,679,455,57,54
2024-10-09,2,6,679,574,57,33
2024-10-10,2,6,679,392,57,31
2024-10-11,2,6,679,573,57,52
2024-10-12,2,6,679,565,57,49
2024-10-13,2,6,679,374,57,43
2024-10-14,2,6,679,630,57,50
2024-10-15,2,6,679,342,57,42
2024-10-16,2,6,679,635,57,23
2024-10-17,2,6,679,378,57,53
2024-10-18,2,6,679,592,57,41
2024-10-19,2,6,679,579,57,53
2024-10-20,2,6,679,474,57,40
2024-10-21,2,6,679,561,57,27
2024-10-22,2,6,679,587,57,26
2024-10-23,2,6,679,547,57,34
2024-10-24,2,6,679,357,57,22
2024-10-25,2,6,679,396,57,27
2024-10-26,2,6,679,452,57,38
2024-10-27,2,6,679,357,57,38
2024-10-28,2,6,679,536,57,45
2024-10-29,2,6,679,447,57,41
2024-10-30,2,6,679,423,57,24
2024-10-31,2,6,679,347,57,54
2024-11-01,2,6,679,372,57,33
2024-11-02,2,6,679,560,57,54
2024-11-03,2,6,679,465,57,36
2024-11-04,2,6,679,444,57,54
2024-11-05,2,6,679,607,57,44
2024-11-06,2,6,679,396,57,45
2024-11-07,2,6,679,487,57,33
2024-11-08,2,6,679,344,57,51
2024-11-09,2,6,679,555,57,38
2024-11-10,2,6,679,458,57,53
2024-11-11,2,6,679,563,57,33
2024-11-12,2,6,679,462,57,24
2024-11-13,2,6,679,354,57,27
2024-11-14,2,6,679,636,57,27
2024-11-15,2,6,679,631,57,39
2024-11-16,2,6,679,429,57,44
2024-11-17,2,6,679,390,57,43
2024-11-18,2,6,679,581,57,52
2024-11-19,2,6,679,499,57,35
2024-11-20,2,6,679,617,57,32
2024-11-21,2,6,679,508,57,50
2024-11-22,2,6,679,632,57,41
2024-11-23,2,6,679,570,57,37
2024-11-24,2,6,679,498,57,44
2024-11-25,2,6,679,624,57,24
2024-11-26,2,6,679,621,57,22
2024-11-27,2,6,679,577,57,41
2024-11-28,2,6,679,346,57,34
2024-11-29,2,6,679,343,57,23
2024-11-30,2,6,679,620,57,44
2024-12-01,2,6,679,575,57,35
2024-12-02,2,6,679,490,57,30
2024-12-03,2,6,679,477,57,51
2024-12-04,2,6,679,375,57,36
2024-12-05,2,6,679,401,57,35
2024-12-06,2,6,679,601,57,35
2024-12-07,2,6,679,462,57,22
2024-12-08,2,6,679,517,57,43
2024-12-09,2,6,679,529,57,41
2024-12-10,2,6,679,367,57,34
2024-12-11,2,6,679,553,57,30
2024-12-12,2,6,679,570,57,53
2024-12-13,2,6,679,365,57,40
2024-12-14,2,6,679,373,57,53
2024-12-15,2,6,679,469,57,35
2024-12-16,2,6,679,541,57,27
2024-12-17,2,6,679,497,57,22
2024-12-18,2,6,679,451,57,33
2024-12-19,2,6,679,593,57,49
2024-12-20,2,6,679,528,57,45
2024-12-21,2,6,679,614,57,53
2024-12-22,2,6,679,555,57,44
2024-12-23,2,6,679,430,57,43
2024-12-24,2,6,679,544,57,40
2024-12-25,2,6,679,461,57,53
2024-12-26,2,6,679,370,57,47
2024-12-27,2,6,679,541,57,35
2024-12-28,2,6,679,527,57,24
2024-12-29,2,6,679,396,57,46
2024-12-30,2,6,679,534,57,28
2024-12-31,2,6,679,347,57,43
2023-01-01,3,1,414,312,48,42
2023-01-02,3,1,414,264,48,19
2023-01-03,3,1,414,250,48,22
2023-01-04,3,1,414,243,48,20
2023-01-05,3,1,414,365,48,44
2023-01-06,3,1,414,313,48,38
2023-01-07,3,1,414,252,48,24
2023-01-08,3,1,414,351,48,39
2023-01-09,3,1,414,341,48,30
2023-01-10,3,1,414,345,48,21
2023-01-11,3,1,414,373,48,30
2023-01-12,3,1,414,244,48,35
2023-01-13,3,1,414,356,48,34
2023-01-14,3,1,414,354,48,37
2023-01-15,3,1,414,393,48,31
2023-01-16,3,1,414,344,48,25
2023-01-17,3,1,414,318,48,22
2023-01-18,3,1,414,225,48,41
2023-01-19,3,1,414,341,48,30
2023-01-20,3,1,414,392,48,37
2023-01-21,3,1,414,315,48,21
2023-01-22,3,1,414,322,48,24
2023-01-23,3,1,414,251,48,45
2023-01-24,3,1,414,291,48,34
2023-01-25,3,1,414,315,48,27
2023-01-26,3,1,414,230,48,26
2023-01-27,3,1,414,209,48,32
2023-01-28,3,1,414,330,48,40
2023-01-29,3,1,414,358,48,43
2023-01-30,3,1,414,347,48,45
2023-01-31,3,1,414,366,48,34
2023-02-01,3,1,414,342,48,28
2023-02-02,3,1,414,387,48,26
2023-02-03,3,1,414,253,48,20
2023-02-04,3,1,414,375,48,21
2023-02-05,3,1,414,310,48,39
2023-02-06,3,1,414,242,48,35
2023-02-07,3,1,414,242,48,21
2023-02-08,3,1,414,297,48,26
2023-02-09,3,1,414,326,48,28
2023-02-10,3,1,414,242,48,25
2023-02-11,3,1,414,279,48,30
2023-02-12,3,1,414,238,48,36
2023-02-13,3,1,414,350,48,29
2023-02-14,3,1,414,331,48,38
2023-02-15,3,1,414,268,48,34
2023-02-16,3,1,414,290,48,31
2023-02-17,3,1,414,369,48,37
2023-02-18,3,1,414,378,48,39
2023-02-19,3,1,414,376,48,25
2023-02-20,3,1,414,258,48,20
2023-02-21,3,1,414,320,48,44
2023-02-22,3,1,414,321,48,20
2023-02-23,3,1,414,255,48,21
2023-02-24,3,1,414,323,48,45
2023-02-25,3,1,414,284,48,21
2023-02-26,3,1,414,238,48,31
2023-02-27,3,1,414,340,48,45
2023-02-28,3,1,414,258,48,38
2023-03-01,3,1,414,232,48,39
2023-03-02,3,1,414,306,48,43
2023-03-03,3,1,414,335,48,32
2023-03-04,3,1,414,387,48,40
2023-03-05,3,1,414,244,48,35
2023-03-06,3,1,414,231,48,30
2023-03-07,3,1,414,238,48,25
2023-03-08,3,1,414,276,48,29
2023-03-09,3,1,414,242,48,40
2023-03-10,3,1,414,245,48,39
2023-03-11,3,1,414,302,48,19
2023-03-12,3,1,414,369,48,21
2023-03-13,3,1,414,266,48,30
2023-03-14,3,1,414,270,48,28
2023-03-15,3,1,414,211,48,35
2023-03-16,3,1,414,334,48,29
2023-03-17,3,1,414,212,48,28
2023-03-18,3,1,414,358,48,44
2023-03-19,3,1,414,231,48,21
2023-03-20,3,1,414,362,48,43
2023-03-21,3,1,414,289,48,37
2023-03-22,3,1,414,251,48,32
2023-03-23,3,1,414,239,48,25
2023-03-24,3,1,414,238,48,24
2023-03-25,3,1,414,232,48,40
2023-03-26,3,1,414,305,48,44
2023-03-27,3,1,414,250,48,40
2023-03-28,3,1,414,228,48,45
2023-03-29,3,1,414,391,48,26
2023-03-30,3,1,414,351,48,34
2023-03-31,3,1,414,367,48,19
2023-04-01,3,1,414,277,48,28
2023-04-02,3,1,414,242,48,22
2023-04-03,3,1,414,291,48,27
2023-04-04,3,1,414,272,48,40
2023-04-05,3,1,414,269,48,42
2023-04-06,3,1,414,386,48,24
2023-04-07,3,1,414,274,48,31
2023-04-08,3,1,414,240,48,37
2023-04-09,3,1,414,384,48,38
2023-04-10,3,1,414,379,48,33
2023-04-11,3,1,414,359,48,23
2023-04-12,3,1,414,379,48,32
2023-04-13,3,1,414,303,48,44
2023-04-14,3,1,414,363,48,35
2023-04-15,3,1,414,307,48,44
2023-04-16,3,1,414,384,48,42
2023-04-17,3,1,414,379,48,32
2023-04-18,3,1,414,393,48,25
2023-04-19,3,1,414,240,48,36
2023-04-20,3,1,414,292,48,32
2023-04-21,3,1,414,238,48,39
2023-04-22,3,1,414,296,48,35
2023-04-23,3,1,414,291,48,41
2023-04-24,3,1,414,338,48,32
2023-04-25,3,1,414,294,48,36
2023-04-26,3,1,414,237,48,22
2023-04-27,3,1,414,368,48,43
2023-04-28,3,1,414,344,48,33
2023-04-29,3,1,414,286,48,20
2023-04-30,3,1,414,331,48,20
2023-05-01,3,1,414,217,48,19
2023-05-02,3,1,414,328,48,24
2023-05-03,3,1,414,349,48,43
2023-05-04,3,1,414,227,48,21
2023-05-05,3,1,414,298,48,39
2023-05-06,3,1,414,340,48,26
2023-05-07,3,1,414,345,48,41
2023-05-08,3,1,414,222,48,24
2023-05-09,3,1,414,344,48,40
2023-05-10,3,1,414,255,48,30
2023-05-11,3,1,414,365,48,41
2023-05-12,3,1,414,268,48,23
2023-05-13,3,1,414,305,48,25
2023-05-14,3,1,414,347,48,30
2023-05-15,3,1,414,319,48,26
2023-05-16,3,1,414,208,48,39
2023-05-17,3,1,414,231,48,41
2023-05-18,3,1,414,299,48,20
2023-05-19,3,1,414,235,48,23
2023-05-20,3,1,414,272,48,45
2023-05-21,3,1,414,378,48,23
2023-05-22,3,1,414,214,48,23
2023-05-23,3,1,414,240,48,20
2023-05-24,3,1,414,296,48,29
2023-05-25,3,1,414,209,48,28
2023-05-26,3,1,414,306,48,33
2023-05-27,3,1,414,297,48,21
2023-05-28,3,1,414,379,48,19
2023-05-29,3,1,414,313,48,32
2023-05-30,3,1,414,341,48,31
2023-05-31,3,1,414,350,48,28
2023-06-01,3,1,414,222,48,19
2023-06-02,3,1,414,380,48,19
2023-06-03,3,1,414,311,48,28
2023-06-04,3,1,414,278,48,20
2023-06-05,3,1,414,354,48,27
2023-06-06,3,1,414,259,48,25
2023-06-07,3,1,414,281,48,41
2023-06-08,3,1,414,292,48,30
2023-06-09,3,1,414,267,48,40
2023-06-10,3,1,414,382,48,42
2023-06-11,3,1,414,375,48,33
2023-06-12,3,1,414,240,48,41
2023-06-13,3,1,414,380,48,22
2023-06-14,3,1,414,297,48,32
2023-06-15,3,1,414,261,48,28
2023-06-16,3,1,414,375,48,26
2023-06-17,3,1,414,211,48,38
2023-06-18,3,1,414,228,48,36
2023-06-19,3,1,414,268,48,45
2023-06-20,3,1,414,338,48,45
2023-06-21,3,1,414,277,48,19
2023-06-22,3,1,414,307,48,33
2023-06-23,3,1,414,367,48,27
2023-06-24,3,1,414,229,48,31
2023-06-25,3,1,414,307,48,35
2023-06-26,3,1,414,390,48,24
2023-06-27,3,1,414,359,48,28
2023-06-28,3,1,414,245,48,30
2023-06-29,3,1,414,268,48,29
2023-06-30,3,1,414,210,48,25
2023-07-01,3,1,414,225,48,26
2023-07-02,3,1,414,349,48,21
2023-07-03,3,1,414,237,48,38
2023-07-04,3,1,414,208,48,42
2023-07-05,3,1,414,291,48,43
2023-07-06,3,1,414,310,48,44
2023-07-07,3,1,414,281,48,34
2023-07-08,3,1,414,230,48,29
2023-07-09,3,1,414,234,48,20
2023-07-10,3,1,414,388,48,26
2023-07-11,3,1,414,285,48,39
2023-07-12,3,1,414,239,48,19
2023-07-13,3,1,414,288,48,41
2023-07-14,3,1,414,219,48,24
2023-07-15,3,1,414,283,48,41
2023-07-16,3,1,414,364,48,21
2023-07-17,3,1,414,287,48,45
2023-07-18,3,1,414,360,48,45
2023-07-19,3,1,414,354,48,31
2023-07-20,3,1,414,323,48,36
2023-07-21,3,1,414,384,48,22
2023-07-22,3,1,414,362,48,29
2023-07-23,3,1,414,302,48,32
2023-07-24,3,1,414,222,48,34
2023-07-25,3,1,414,293,48,45
2023-07-26,3,1,414,321,48,21
2023-07-27,3,1,414,375,48,36
2023-07-28,3,1,414,222,48,29
2023-07-29,3,1,414,321,48,44
2023-07-30,3,1,414,236,48,43
2023-07-31,3,1,414,281,48,35
2023-08-01,3,1,414,294,48,26
2023-08-02,3,1,414,207,48,40
2023-08-03,3,1,414,252,48,29
2023-08-04,3,1,414,287,48,26
2023-08-05,3,1,414,253,48,24
2023-08-06,3,1,414,302,48,39
2023-08-07,3,1,414,333,48,24
2023-08-08,3,1,414,270,48,36
2023-08-09,3,1,414,366,48,25
2023-08-10,3,1,414,289,48,29
2023-08-11,3,1,414,365,48,33
2023-08-12,3,1,414,351,48,39
2023-08-13,3,1,414,229,48,20
2023-08-14,3,1,414,346,48,37
2023-08-15,3,1,414,314,48,25
2023-08-16,3,1,414,381,48,42
2023-08-17,3,1,414,365,48,37
2023-08-18,3,1,414,293,48,33
2023-08-19,3,1,414,312,48,22
2023-08-20,3,1,414,264,48,24
2023-08-21,3,1,414,389,48,45
2023-08-22,3,1,414,271,48,43
2023-08-23,3,1,414,272,48,21
2023-08-24,3,1,414,378,48,27
2023-08-25,3,1,414,263,48,34
2023-08-26,3,1,414,299,48,41
2023-08-27,3,1,414,260,48,35
2023-08-28,3,1,414,218,48,45
2023-08-29,3,1,414,390,48,35
2023-08-30,3,1,414,237,48,20
2023-08-31,3,1,414,282,48,42
2023-09-01,3,1,414,303,48,32
2023-09-02,3,1,414,312,48,26
2023-09-03,3,1,414,336,48,26
2023-09-04,3,1,414,287,48,24
2023-09-05,3,1,414,333,48,24
2023-09-06,3,1,414,310,48,32
2023-09-07,3,1,414,391,48,23
2023-09-08,3,1,414,268,48,23
2023-09-09,3,1,414,240,48,26
2023-09-10,3,1,414,324,48,24
2023-09-11,3,1,414,231,48,20
2023-09-12,3,1,414,304,48,19
2023-09-13,3,1,414,233,48,27
2023-09-14,3,1,414,359,48,40
2023-09-15,3,1,414,390,48,30
2023-09-16,3,1,414,232,48,23
2023-09-17,3,1,414,284,48,22
2023-09-18,3,1,414,266,48,41
2023-09-19,3,1,414,235,48,22
2023-09-20,3,1,414,306,48,44
2023-09-21,3,1,414,247,48,40
2023-09-22,3,1,414,289,48,29
2023-09-23,3,1,414,227,48,44
2023-09-24,3,1,414,344,48,44
2023-09-25,3,1,414,340,48,28
2023-09-26,3,1,414,323,48,32
2023-09-27,3,1,414,347,48,44
2023-09-28,3,1,414,240,48,25
2023-09-29,3,1,414,255,48,27
2023-09-30,3,1,414,343,48,27
2023-10-01,3,1,414,268,48,19
2023-10-02,3,1,414,365,48,37
2023-10-03,3,1,414,234,48,21
2023-10-04,3,1,414,316,48,34
2023-10-05,3,1,414,374,48,26
2023-10-06,3,1,414,325,48,32
2023-10-07,3,1,414,338,48,26
2023-10-08,3,1,414,297,48,21
2023-10-09,3,1,414,213,48,30
2023-10-10,3,1,414,344,48,41
2023-10-11,3,1,414,317,48,28
2023-10-12,3,1,414,316,48,39
2023-10-13,3,1,414,353,48,21
2023-10-14,3,1,414,306,48,24
2023-10-15,3,1,414,254,48,23
2023-10-16,3,1,414,285,48,29
2023-10-17,3,1,414,298,48,21
2023-10-18,3,1,414,336,48,34
2023-10-19,3,1,414,383,48,22
2023-10-20,3,1,414,280,48,30
2023-10-21,3,1,414,230,48,20
2023-10-22,3,1,414,223,48,40
2023-10-23,3,1,414,381,48,32
2023-10-24,3,1,414,232,48,44
2023-10-25,3,1,414,251,48,33
2023-10-26,3,1,414,288,48,27
2023-10-27,3,1,414,348,48,21
2023-10-28,3,1,414,375,48,34
2023-10-29,3,1,414,276,48,44
2023-10-30,3,1,414,316,48,28
2023-10-31,3,1,414,369,48,41
2023-11-01,3,1,414,370,48,22
2023-11-02,3,1,414,212,48,29
2023-11-03,3,1,414,388,48,41
2023-11-04,3,1,414,337,48,40
2023-11-05,3,1,414,368,48,38
2023-11-06,3,1,414,356,48,34
2023-11-07,3,1,414,207,48,34
2023-11-08,3,1,414,264,48,20
2023-11-09,3,1,414,249,48,20
2023-11-10,3,1,414,358,48,26
2023-11-11,3,1,414,249,48,33
2023-11-12,3,1,414,346,48,40
2023-11-13,3,1,414,375,48,24
2023-11-14,3,1,414,291,48,21
2023-11-15,3,1,414,267,48,42
2023-11-16,3,1,414,257,48,26
2023-11-17,3,1,414,386,48,21
2023-11-18,3,1,414,335,48,31
2023-11-19,3,1,414,208,48,29
2023-11-20,3,1,414,238,48,33
2023-11-21,3,1,414,229,48,20
2023-11-22,3,1,414,273,48,45
2023-11-23,3,1,414,295,48,21
2023-11-24,3,1,414,293,48,25
2023-11-25,3,1,414,232,48,19
2023-11-26,3,1,414,361,48,29
2023-11-27,3,1,414,377,48,21
2023-11-28,3,1,414,245,48,23
2023-11-29,3,1,414,270,48,22
2023-11-30,3,1,414,271,48,29
2023-12-01,3,1,414,259,48,35
2023-12-02,3,1,414,238,48,26
2023-12-03,3,1,414,359,48,37
2023-12-04,3,1,414,377,48,36
2023-12-05,3,1,414,325,48,44
2023-12-06,3,1,414,262,48,44
2023-12-07,3,1,414,308,48,34
2023-12-08,3,1,414,298,48,22
2023-12-09,3,1,414,386,48,39
2023-12-10,3,1,414,226,48,31
2023-12-11,3,1,414,332,48,45
2023-12-12,3,1,414,344,48,45
2023-12-13,3,1,414,322,48,28
2023-12-14,3,1,414,367,48,23
2023-12-15,3,1,414,224,48,19
2023-12-16,3,1,414,300,48,37
2023-12-17,3,1,414,214,48,34
2023-12-18,3,1,414,236,48,19
2023-12-19,3,1,414,327,48,22
2023-12-20,3,1,414,271,48,27
2023-12-21,3,1,414,376,48,24
2023-12-22,3,1,414,239,48,35
2023-12-23,3,1,414,303,48,21
2023-12-24,3,1,414,296,48,25
2023-12-25,3,1,414,349,48,27
2023-12-26,3,1,414,247,48,32
2023-12-27,3,1,414,308,48,37
2023-12-28,3,1,414,310,48,36
2023-12-29,3,1,414,371,48,24
2023-12-30,3,1,414,334,48,35
2023-12-31,3,1,414,381,48,40
2024-01-01,3,1,414,221,48,35
2024-01-02,3,1,414,338,48,41
2024-01-03,3,1,414,357,48,38
2024-01-04,3,1,414,278,48,43
2024-01-05,3,1,414,354,48,36
2024-01-06,3,1,414,212,48,42
2024-01-07,3,1,414,302,48,45
2024-01-08,3,1,414,295,48,29
2024-01-09,3,1,414,322,48,25
2024-01-10,3,1,414,216,48,37
2024-01-11,3,1,414,349,48,31
2024-01-12,3,1,414,229,48,26
2024-01-13,3,1,414,237,48,38
2024-01-14,3,1,414,356,48,25
2024-01-15,3,1,414,278,48,40
2024-01-16,3,1,414,298,48,41
2024-01-17,3,1,414,309,48,19
2024-01-18,3,1,414,269,48,30
2024-01-19,3,1,414,355,48,19
2024-01-20,3,1,414,238,48,20
2024-01-21,3,1,414,312,48,42
2024-01-22,3,1,414,368,48,32
2024-01-23,3,1,414,322,48,41
2024-01-24,3,1,414,269,48,37
2024-01-25,3,1,414,315,48,28
2024-01-26,3,1,414,261,48,32
2024-01-27,3,1,414,374,48,26
2024-01-28,3,1,414,337,48,22
2024-01-29,3,1,414,379,48,23
2024-01-30,3,1,414,256,48,31
2024-01-31,3,1,414,297,48,35
2024-02-01,3,1,414,320,48,43
2024-02-02,3,1,414,327,48,22
2024-02-03,3,1,414,339,48,38
2024-02-04,3,1,414,304,48,21
2024-02-05,3,1,414,249,48,35
2024-02-06,3,1,414,392,48,29
2024-02-07,3,1,414,294,48,28
2024-02-08,3,1,414,369,48,36
2024-02-09,3,1,414,210,48,20
2024-02-10,3,1,414,335,48,31
2024-02-11,3,1,414,386,48,30
2024-02-12,3,1,414,355,48,42
2024-02-13,3,1,414,357,48,35
2024-02-14,3,1,414,326,48,44
2024-02-15,3,1,414,316,48,24
2024-02-16,3,1,414,303,48,26
2024-02-17,3,1,414,367,48,31
2024-02-18,3,1,414,265,48,39
2024-02-19,3,1,414,282,48,26
2024-02-20,3,1,414,294,48,27
2024-02-21,3,1,414,343,48,20
2024-02-22,3,1,414,290,48,30
2024-02-23,3,1,414,227,48,21
2024-02-24,3,1,414,247,48,33
2024-02-25,3,1,414,270,48,45
2024-02-26,3,1,414,287,48,26
2024-02-27,3,1,414,290,48,20
2024-02-28,3,1,414,338,48,45
2024-02-29,3,1,414,300,48,41
2024-03-01,3,1,414,224,48,38
2024-03-02,3,1,414,235,48,38
2024-03-03,3,1,414,379,48,32
2024-03-04,3,1,414,320,48,25
2024-03-05,3,1,414,289,48,21
2024-03-06,3,1,414,226,48,31
2024-03-07,3,1,414,315,48,32
2024-03-08,3,1,414,216,48,25
2024-03-09,3,1,414,271,48,25
2024-03-10,3,1,414,215,48,45
2024-03-11,3,1,414,377,48,39
2024-03-12,3,1,414,277,48,33
2024-03-13,3,1,414,229,48,33
2024-03-14,3,1,414,278,48,33
2024-03-15,3,1,414,263,48,25
2024-03-16,3,1,414,246,48,26
2024-03-17,3,1,414,260,48,43
2024-03-18,3,1,414,348,48,19
2024-03-19,3,1,414,392,48,30
2024-03-20,3,1,414,271,48,33
2024-03-21,3,1,414,210,48,44
2024-03-22,3,1,414,384,48,21
2024-03-23,3,1,414,371,48,20
2024-03-24,3,1,414,268,48,35
2024-03-25,3,1,414,319,48,21
2024-03-26,3,1,414,315,48,45
2024-03-27,3,1,414,283,48,32
2024-03-28,3,1,414,364,48,43
2024-03-29,3,1,414,298,48,43
2024-03-30,3,1,414,239,48,23
2024-03-31,3,1,414,338,48,27
2024-04-01,3,1,414,305,48,39
2024-04-02,3,1,414,295,48,42
2024-04-03,3,1,414,283,48,35
2024-04-04,3,1,414,391,48,20
2024-04-05,3,1,414,231,48,26
2024-04-06,3,1,414,230,48,31
2024-04-07,3,1,414,354,48,24
2024-04-08,3,1,414,244,48,39
2024-04-09,3,1,414,251,48,32
2024-04-10,3,1,414,320,48,25
2024-04-11,3,1,414,359,48,29
2024-04-12,3,1,414,334,48,34
2024-04-13,3,1,414,282,48,30
2024-04-14,3,1,414,315,48,25
2024-04-15,3,1,414,349,48,37
2024-04-16,3,1,414,307,48,45
2024-04-17,3,1,414,342,48,21
2024-04-18,3,1,414,314,48,32
2024-04-19,3,1,414,280,48,23
2024-04-20,3,1,414,215,48,32
2024-04-21,3,1,414,239,48,25
2024-04-22,3,1,414,308,48,44
2024-04-23,3,1,414,276,48,22
2024-04-24,3,1,414,208,48,24
2024-04-25,3,1,414,385,48,29
2024-04-26,3,1,414,304,48,33
2024-04-27,3,1,414,212,48,27
2024-04-28,3,1,414,389,48,33
2024-04-29,3,1,414,280,48,22
2024-04-30,3,1,414,311,48,28
2024-05-01,3,1,414,273,48,20
2024-05-02,3,1,414,284,48,27
2024-05-03,3,1,414,391,48,45
2024-05-04,3,1,414,230,48,34
2024-05-05,3,1,414,304,48,31
2024-05-06,3,1,414,240,48,40
2024-05-07,3,1,414,321,48,35
2024-05-08,3,1,414,312,48,42
2024-05-09,3,1,414,324,48,32
2024-05-10,3,1,414,230,48,29
2024-05-11,3,1,414,391,48,34
2024-05-12,3,1,414,366,48,26
2024-05-13,3,1,414,249,48,31
2024-05-14,3,1,414,299,48,24
2024-05-15,3,1,414,393,48,45
2024-05-16,3,1,414,347,48,19
2024-05-17,3,1,414,248,48,30
2024-05-18,3,1,414,308,48,33
2024-05-19,3,1,414,323,48,31
2024-05-20,3,1,414,378,48,21
2024-05-21,3,1,414,253,48,42
2024-05-22,3,1,414,275,48,20
2024-05-23,3,1,414,221,48,43
2024-05-24,3,1,414,308,48,20
2024-05-25,3,1,414,379,48,28
2024-05-26,3,1,414,308,48,29
2024-05-27,3,1,414,256,48,34
2024-05-28,3,1,414,289,48,43
2024-05-29,3,1,414,307,48,33
2024-05-30,3,1,414,278,48,35
2024-05-31,3,1,414,324,48,29
2024-06-01,3,1,414,319,48,37
2024-06-02,3,1,414,230,48,40
2024-06-03,3,1,414,318,48,44
2024-06-04,3,1,414,218,48,38
2024-06-05,3,1,414,289,48,21
2024-06-06,3,1,414,273,48,33
2024-06-07,3,1,414,241,48,35
2024-06-08,3,1,414,259,48,29
2024-06-09,3,1,414,357,48,34
2024-06-10,3,1,414,308,48,20
2024-06-11,3,1,414,295,48,39
2024-06-12,3,1,414,358,48,26
2024-06-13,3,1,414,285,48,28
2024-06-14,3,1,414,212,48,20
2024-06-15,3,1,414,305,48,35
2024-06-16,3,1,414,325,48,33
2024-06-17,3,1,414,319,48,39
2024-06-18,3,1,414,368,48,21
2024-06-19,3,1,414,231,48,32
2024-06-20,3,1,414,329,48,37
2024-06-21,3,1,414,313,48,39
2024-06-22,3,1,414,337,48,28
2024-06-23,3,1,414,371,48,34
2024-06-24,3,1,414,349,48,29
2024-06-25,3,1,414,373,48,40
2024-06-26,3,1,414,311,48,45
2024-06-27,3,1,414,212,48,38
2024-06-28,3,1,414,318,48,30
2024-06-29,3,1,414,325,48,33
2024-06-30,3,1,414,365,48,35
2024-07-01,3,1,414,295,48,34
2024-07-02,3,1,414,371,48,39
2024-07-03,3,1,414,258,48,28
2024-07-04,3,1,414,339,48,40
2024-07-05,3,1,414,231,48,45
2024-07-06,3,1,414,306,48,42
2024-07-07,3,1,414,250,48,39
2024-07-08,3,1,414,293,48,33
2024-07-09,3,1,414,239,48,44
2024-07-10,3,1,414,328,48,38
2024-07-11,3,1,414,306,48,43
2024-07-12,3,1,414,286,48,31
2024-07-13,3,1,414,312,48,31
2024-07-14,3,1,414,363,48,28
2024-07-15,3,1,414,344,48,25
2024-07-16,3,1,414,337,48,23
2024-07-17,3,1,414,276,48,35
2024-07-18,3,1,414,371,48,39
2024-07-19,3,1,414,357,48,37
2024-07-20,3,1,414,316,48,41
2024-07-21,3,1,414,292,48,45
2024-07-22,3,1,414,381,48,35
2024-07-23,3,1,414,382,48,42
2024-07-24,3,1,414,378,48,19
2024-07-25,3,1,414,310,48,30
2024-07-26,3,1,414,218,48,35
2024-07-27,3,1,414,365,48,27
2024-07-28,3,1,414,293,48,40
2024-07-29,3,1,414,390,48,35
2024-07-30,3,1,414,254,48,26
2024-07-31,3,1,414,292,48,41
2024-08-01,3,1,414,237,48,40
2024-08-02,3,1,414,261,48,21
2024-08-03,3,1,414,343,48,27
2024-08-04,3,1,414,316,48,43
2024-08-05,3,1,414,316,48,20
2024-08-06,3,1,414,338,48,41
2024-08-07,3,1,414,388,48,19
2024-08-08,3,1,414,231,48,44
2024-08-09,3,1,414,361,48,28
2024-08-10,3,1,414,317,48,35
2024-08-11,3,1,414,323,48,22
2024-08-12,3,1,414,359,48,29
2024-08-13,3,1,414,310,48,23
2024-08-14,3,1,414,282,48,34
2024-08-15,3,1,414,217,48,39
2024-08-16,3,1,414,304,48,20
2024-08-17,3,1,414,234,48,20
2024-08-18,3,1,414,260,48,31
2024-08-19,3,1,414,372,48,26
2024-08-20,3,1,414,363,48,39
2024-08-21,3,1,414,322,48,44
2024-08-22,3,1,414,389,48,39
2024-08-23,3,1,414,353,48,45
2024-08-24,3,1,414,207,48,37
2024-08-25,3,1,414,272,48,20
2024-08-26,3,1,414,286,48,34
2024-08-27,3,1,414,382,48,39
2024-08-28,3,1,414,285,48,39
2024-08-29,3,1,414,216,48,25
2024-08-30,3,1,414,336,48,28
2024-08-31,3,1,414,383,48,22
2024-09-01,3,1,414,269,48,29
2024-09-02,3,1,414,309,48,37
2024-09-03,3,1,414,350,48,39
2024-09-04,3,1,414,392,48,34
2024-09-05,3,1,414,235,48,21
2024-09-06,3,1,414,269,48,45
2024-09-07,3,1,414,215,48,20
2024-09-08,3,1,414,299,48,37
2024-09-09,3,1,414,380,48,45
2024-09-10,3,1,414,371,48,36
2024-09-11,3,1,414,327,48,34
2024-09-12,3,1,414,250,48,42
2024-09-13,3,1,414,215,48,44
2024-09-14,3,1,414,361,48,45
2024-09-15,3,1,414,337,48,24
2024-09-16,3,1,414,305,48,38
2024-09-17,3,1,414,242,48,32
2024-09-18,3,1,414,272,48,40
2024-09-19,3,1,414,240,48,25
2024-09-20,3,1,414,241,48,26
2024-09-21,3,1,414,306,48,40
2024-09-22,3,1,414,224,48,37
2024-09-23,3,1,414,391,48,19
2024-09-24,3,1,414,354,48,21
2024-09-25,3,1,414,335,48,43
2024-09-26,3,1,414,300,48,39
2024-09-27,3,1,414,335,48,44
2024-09-28,3,1,414,334,48,29
2024-09-29,3,1,414,250,48,27
2024-09-30,3,1,414,263,48,23
2024-10-01,3,1,414,319,48,35
2024-10-02,3,1,414,266,48,21
2024-10-03,3,1,414,247,48,33
2024-10-04,3,1,414,383,48,31
2024-10-05,3,1,414,276,48,22
2024-10-06,3,1,414,308,48,31
2024-10-07,3,1,414,245,48,20
2024-10-08,3,1,414,238,48,35
2024-10-09,3,1,414,235,48,40
2024-10-10,3,1,414,360,48,27
2024-10-11,3,1,414,227,48,26
2024-10-12,3,1,414,226,48,41
2024-10-13,3,1,414,358,48,38
2024-10-14,3,1,414,337,48,24
2024-10-15,3,1,414,342,48,27
2024-10-16,3,1,414,353,48,27
2024-10-17,3,1,414,224,48,32
2024-10-18,3,1,414,297,48,36
2024-10-19,3,1,414,307,48,31
2024-10-20,3,1,414,289,48,38
2024-10-21,3,1,414,378,48,39
2024-10-22,3,1,414,365,48,42
2024-10-23,3,1,414,332,48,27
2024-10-24,3,1,414,209,48,23
2024-10-25,3,1,414,349,48,27
2024-10-26,3,1,414,292,48,42
2024-10-27,3,1,414,355,48,34
2024-10-28,3,1,414,376,48,30
2024-10-29,3,1,414,215,48,42
2024-10-30,3,1,414,309,48,41
2024-10-31,3,1,414,261,48,25
2024-11-01,3,1,414,323,48,28
2024-11-02,3,1,414,276,48,37
2024-11-03,3,1,414,239,48,34
2024-11-04,3,1,414,228,48,42
2024-11-05,3,1,414,257,48,40
2024-11-06,3,1,414,275,48,39
2024-11-07,3,1,414,270,48,39
2024-11-08,3,1,414,393,48,28
2024-11-09,3,1,414,212,48,34
2024-11-10,3,1,414,280,48,43
2024-11-11,3,1,414,263,48,45
2024-11-12,3,1,414,218,48,35
2024-11-13,3,1,414,342,48,32
2024-11-14,3,1,414,252,48,32
2024-11-15,3,1,414,349,48,33
2024-11-16,3,1,414,292,48,44
2024-11-17,3,1,414,244,48,44
2024-11-18,3,1,414,345,48,44
2024-11-19,3,1,414,390,48,29
2024-11-20,3,1,414,207,48,38
2024-11-21,3,1,414,331,48,19
2024-11-22,3,1,414,281,48,21
2024-11-23,3,1,414,246,48,39
2024-11-24,3,1,414,315,48,31
2024-11-25,3,1,414,300,48,43
2024-11-26,3,1,414,260,48,20
2024-11-27,3,1,414,269,48,33
2024-11-28,3,1,414,353,48,38
2024-11-29,3,1,414,241,48,29
2024-11-30,3,1,414,294,48,39
2024-12-01,3,1,414,313,48,32
2024-12-02,3,1,414,270,48,22
2024-12-03,3,1,414,249,48,44
2024-12-04,3,1,414,230,48,33
2024-12-05,3,1,414,352,48,32
2024-12-06,3,1,414,219,48,28
2024-12-07,3,1,414,377,48,35
2024-12-08,3,1,414,264,48,29
2024-12-09,3,1,414,256,48,21
2024-12-10,3,1,414,258,48,29
2024-12-11,3,1,414,222,48,23
2024-12-12,3,1,414,352,48,19
2024-12-13,3,1,414,340,48,45
2024-12-14,3,1,414,276,48,45
2024-12-15,3,1,414,337,48,23
2024-12-16,3,1,414,292,48,22
2024-12-17,3,1,414,351,48,38
2024-12-18,3,1,414,373,48,45
2024-12-19,3,1,414,347,48,40
2024-12-20,3,1,414,371,48,24
2024-12-21,3,1,414,385,48,35
2024-12-22,3,1,414,236,48,22
2024-12-23,3,1,414,348,48,43
2024-12-24,3,1,414,384,48,41
2024-12-25,3,1,414,342,48,40
2024-12-26,3,1,414,326,48,24
2024-12-27,3,1,414,342,48,33
2024-12-28,3,1,414,214,48,24
2024-12-29,3,1,414,298,48,37
2024-12-30,3,1,414,230,48,45
2024-12-31,3,1,414,336,48,29
2023-01-01,3,2,414,265,48,38
2023-01-02,3,2,414,251,48,43
2023-01-03,3,2,414,299,48,20
2023-01-04,3,2,414,243,48,21
2023-01-05,3,2,414,245,48,41
2023-01-06,3,2,414,225,48,36
2023-01-07,3,2,414,292,48,20
2023-01-08,3,2,414,251,48,25
2023-01-09,3,2,414,255,48,32
2023-01-10,3,2,414,337,48,34
2023-01-11,3,2,414,339,48,45
2023-01-12,3,2,414,353,48,43
2023-01-13,3,2,414,336,48,28
2023-01-14,3,2,414,268,48,30
2023-01-15,3,2,414,334,48,44
2023-01-16,3,2,414,313,48,27
2023-01-17,3,2,414,209,48,32
2023-01-18,3,2,414,379,48,37
2023-01-19,3,2,414,255,48,39
2023-01-20,3,2,414,242,48,20
2023-01-21,3,2,414,385,48,20
2023-01-22,3,2,414,378,48,35
2023-01-23,3,2,414,390,48,37
2023-01-24,3,2,414,366,48,35
2023-01-25,3,2,414,244,48,28
2023-01-26,3,2,414,257,48,28
2023-01-27,3,2,414,369,48,39
2023-01-28,3,2,414,331,48,43
2023-01-29,3,2,414,283,48,43
2023-01-30,3,2,414,225,48,32
2023-01-31,3,2,414,219,48,41
2023-02-01,3,2,414,224,48,39
2023-02-02,3,2,414,264,48,27
2023-02-03,3,2,414,301,48,35
2023-02-04,3,2,414,303,48,25
2023-02-05,3,2,414,337,48,42
2023-02-06,3,2,414,344,48,19
2023-02-07,3,2,414,291,48,24
2023-02-08,3,2,414,276,48,35
2023-02-09,3,2,414,340,48,30
2023-02-10,3,2,414,210,48,38
2023-02-11,3,2,414,378,48,41
2023-02-12,3,2,414,251,48,24
2023-02-13,3,2,414,338,48,40
2023-02-14,3,2,414,232,48,37
2023-02-15,3,2,414,228,48,43
2023-02-16,3,2,414,207,48,44
2023-02-17,3,2,414,367,48,41
2023-02-18,3,2,414,380,48,39
2023-02-19,3,2,414,275,48,44
2023-02-20,3,2,414,304,48,28
2023-02-21,3,2,414,385,48,38
2023-02-22,3,2,414,220,48,35
2023-02-23,3,2,414,301,48,23
2023-02-24,3,2,414,336,48,36
2023-02-25,3,2,414,338,48,31
2023-02-26,3,2,414,357,48,31
2023-02-27,3,2,414,366,48,23
2023-02-28,3,2,414,323,48,44
2023-03-01,3,2,414,216,48,43
2023-03-02,3,2,414,355,48,24
2023-03-03,3,2,414,357,48,38
2023-03-04,3,2,414,349,48,44
2023-03-05,3,2,414,245,48,42
2023-03-06,3,2,414,276,48,20
2023-03-07,3,2,414,344,48,37
2023-03-08,3,2,414,266,48,29
2023-03-09,3,2,414,368,48,28
2023-03-10,3,2,414,218,48,24
2023-03-11,3,2,414,355,48,43
2023-03-12,3,2,414,301,48,20
2023-03-13,3,2,414,241,48,38
2023-03-14,3,2,414,327,48,23
2023-03-15,3,2,414,220,48,38
2023-03-16,3,2,414,298,48,25
2023-03-17,3,2,414,388,48,29
2023-03-18,3,2,414,266,48,31
2023-03-19,3,2,414,231,48,44
2023-03-20,3,2,414,229,48,34
2023-03-21,3,2,414,334,48,21
2023-03-22,3,2,414,229,48,19
2023-03-23,3,2,414,347,48,37
2023-03-24,3,2,414,379,48,23
2023-03-25,3,2,414,278,48,44
2023-03-26,3,2,414,244,48,27
2023-03-27,3,2,414,280,48,40
2023-03-28,3,2,414,254,48,21
2023-03-29,3,2,414,307,48,38
2023-03-30,3,2,414,248,48,20
2023-03-31,3,2,414,311,48,40
2023-04-01,3,2,414,295,48,37
2023-04-02,3,2,414,270,48,35
2023-04-03,3,2,414,392,48,22
2023-04-04,3,2,414,331,48,31
2023-04-05,3,2,414,299,48,34
2023-04-06,3,2,414,265,48,20
2023-04-07,3,2,414,382,48,29
2023-04-08,3,2,414,356,48,43
2023-04-09,3,2,414,383,48,39
2023-04-10,3,2,414,313,48,44
2023-04-11,3,2,414,280,48,24
2023-04-12,3,2,414,240,48,22
2023-04-13,3,2,414,233,48,45
2023-04-14,3,2,414,220,48,30
2023-04-15,3,2,414,221,48,43
2023-04-16,3,2,414,281,48,43
2023-04-17,3,2,414,318,48,31
2023-04-18,3,2,414,216,48,38
2023-04-19,3,2,414,339,48,44
2023-04-20,3,2,414,292,48,43
2023-04-21,3,2,414,310,48,28
2023-04-22,3,2,414,304,48,26
2023-04-23,3,2,414,373,48,38
2023-04-24,3,2,414,344,48,23
2023-04-25,3,2,414,393,48,25
2023-04-26,3,2,414,243,48,19
2023-04-27,3,2,414,224,48,42
2023-04-28,3,2,414,372,48,31
2023-04-29,3,2,414,374,48,36
2023-04-30,3,2,414,317,48,38
2023-05-01,3,2,414,210,48,40
2023-05-02,3,2,414,329,48,38
2023-05-03,3,2,414,336,48,32
2023-05-04,3,2,414,262,48,30
2023-05-05,3,2,414,219,48,23
2023-05-06,3,2,414,302,48,24
2023-05-07,3,2,414,378,48,40
2023-05-08,3,2,414,298,48,20
2023-05-09,3,2,414,241,48,22
2023-05-10,3,2,414,211,48,26
2023-05-11,3,2,414,289,48,45
2023-05-12,3,2,414,249,48,20
2023-05-13,3,2,414,257,48,35
2023-05-14,3,2,414,275,48,23
2023-05-15,3,2,414,312,48,32
2023-05-16,3,2,414,315,48,44
2023-05-17,3,2,414,301,48,31
2023-05-18,3,2,414,342,48,38
2023-05-19,3,2,414,318,48,23
2023-05-20,3,2,414,379,48,28
2023-05-21,3,2,414,352,48,25
2023-05-22,3,2,414,210,48,45
2023-05-23,3,2,414,267,48,22
2023-05-24,3,2,414,372,48,29
2023-05-25,3,2,414,313,48,34
2023-05-26,3,2,414,333,48,34
2023-05-27,3,2,414,354,48,19
2023-05-28,3,2,414,319,48,37
2023-05-29,3,2,414,323,48,38
2023-05-30,3,2,414,381,48,25
2023-05-31,3,2,414,328,48,26
2023-06-01,3,2,414,209,48,24
2023-06-02,3,2,414,299,48,33
2023-06-03,3,2,414,344,48,36
2023-06-04,3,2,414,235,48,30
2023-06-05,3,2,414,354,48,38
2023-06-06,3,2,414,380,48,24
2023-06-07,3,2,414,244,48,35
2023-06-08,3,2,414,262,48,29
2023-06-09,3,2,414,279,48,22
2023-06-10,3,2,414,331,48,31
2023-06-11,3,2,414,367,48,23
2023-06-12,3,2,414,294,48,22
2023-06-13,3,2,414,381,48,42
2023-06-14,3,2,414,267,48,36
2023-06-15,3,2,414,378,48,28
2023-06-16,3,2,414,332,48,22
2023-06-17,3,2,414,208,48,34
2023-06-18,3,2,414,295,48,42
2023-06-19,3,2,414,390,48,20
2023-06-20,3,2,414,388,48,29
2023-06-21,3,2,414,283,48,25
2023-06-22,3,2,414,320,48,30
2023-06-23,3,2,414,329,48,31
2023-06-24,3,2,414,341,48,35
2023-06-25,3,2,414,289,48,39
2023-06-26,3,2,414,248,48,30
2023-06-27,3,2,414,377,48,35
2023-06-28,3,2,414,305,48,27
2023-06-29,3,2,414,350,48,29
2023-06-30,3,2,414,267,48,28
2023-07-01,3,2,414,298,48,30
2023-07-02,3,2,414,281,48,40
2023-07-03,3,2,414,289,48,34
2023-07-04,3,2,414,381,48,45
2023-07-05,3,2,414,355,48,36
2023-07-06,3,2,414,318,48,27
2023-07-07,3,2,414,208,48,44
2023-07-08,3,2,414,367,48,45
2023-07-09,3,2,414,239,48,41
2023-07-10,3,2,414,288,48,34
2023-07-11,3,2,414,282,48,33
2023-07-12,3,2,414,346,48,43
2023-07-13,3,2,414,252,48,22
2023-07-14,3,2,414,235,48,32
2023-07-15,3,2,414,312,48,31
2023-07-16,3,2,414,372,48,45
2023-07-17,3,2,414,393,48,20
2023-07-18,3,2,414,386,48,29
2023-07-19,3,2,414,377,48,45
2023-07-20,3,2,414,314,48,30
2023-07-21,3,2,414,297,48,24
2023-07-22,3,2,414,229,48,26
2023-07-23,3,2,414,249,48,37
2023-07-24,3,2,414,389,48,44
2023-07-25,3,2,414,362,48,28
2023-07-26,3,2,414,246,48,21
2023-07-27,3,2,414,224,48,39
2023-07-28,3,2,414,335,48,41
2023-07-29,3,2,414,258,48,25
2023-07-30,3,2,414,272,48,21
2023-07-31,3,2,414,310,48,44
2023-08-01,3,2,414,339,48,29
2023-08-02,3,2,414,234,48,29
2023-08-03,3,2,414,299,48,30
2023-08-04,3,2,414,351,48,29
2023-08-05,3,2,414,356,48,43
2023-08-06,3,2,414,219,48,43
2023-08-07,3,2,414,286,48,34
2023-08-08,3,2,414,332,48,24
2023-08-09,3,2,414,344,48,20
2023-08-10,3,2,414,276,48,25
2023-08-11,3,2,414,371,48,19
2023-08-12,3,2,414,334,48,41
2023-08-13,3,2,414,216,48,43
2023-08-14,3,2,414,379,48,36
2023-08-15,3,2,414,211,48,27
2023-08-16,3,2,414,305,48,22
2023-08-17,3,2,414,331,48,37
2023-08-18,3,2,414,216,48,24
2023-08-19,3,2,414,303,48,45
2023-08-20,3,2,414,269,48,36
2023-08-21,3,2,414,310,48,43
2023-08-22,3,2,414,365,48,22
2023-08-23,3,2,414,236,48,41
2023-08-24,3,2,414,254,48,38
2023-08-25,3,2,414,338,48,36
2023-08-26,3,2,414,253,48,30
2023-08-27,3,2,414,351,48,35
2023-08-28,3,2,414,235,48,36
2023-08-29,3,2,414,370,48,33
2023-08-30,3,2,414,329,48,39
2023-08-31,3,2,414,350,48,26
2023-09-01,3,2,414,345,48,44
2023-09-02,3,2,414,221,48,38
2023-09-03,3,2,414,241,48,28
2023-09-04,3,2,414,286,48,32
2023-09-05,3,2,414,370,48,20
2023-09-06,3,2,414,374,48,25
2023-09-07,3,2,414,231,48,24
2023-09-08,3,2,414,210,48,31
2023-09-09,3,2,414,375,48,31
2023-09-10,3,2,414,220,48,34
2023-09-11,3,2,414,232,48,34
2023-09-12,3,2,414,270,48,39
2023-09-13,3,2,414,297,48,40
2023-09-14,3,2,414,356,48,29
2023-09-15,3,2,414,375,48,25
2023-09-16,3,2,414,228,48,31
2023-09-17,3,2,414,294,48,27
2023-09-18,3,2,414,310,48,45
2023-09-19,3,2,414,218,48,22
2023-09-20,3,2,414,280,48,26
2023-09-21,3,2,414,356,48,42
2023-09-22,3,2,414,344,48,30
2023-09-23,3,2,414,232,48,28
2023-09-24,3,2,414,317,48,33
2023-09-25,3,2,414,222,48,34
2023-09-26,3,2,414,272,48,30
2023-09-27,3,2,414,361,48,24
2023-09-28,3,2,414,323,48,33
2023-09-29,3,2,414,268,48,29
2023-09-30,3,2,414,209,48,40
2023-10-01,3,2,414,280,48,40
2023-10-02,3,2,414,278,48,37
2023-10-03,3,2,414,209,48,23
2023-10-04,3,2,414,291,48,41
2023-10-05,3,2,414,316,48,31
2023-10-06,3,2,414,385,48,39
2023-10-07,3,2,414,207,48,32
2023-10-08,3,2,414,352,48,41
2023-10-09,3,2,414,266,48,32
2023-10-10,3,2,414,326,48,19
2023-10-11,3,2,414,363,48,40
2023-10-12,3,2,414,290,48,20
2023-10-13,3,2,414,264,48,22
2023-10-14,3,2,414,243,48,32
2023-10-15,3,2,414,367,48,26
2023-10-16,3,2,414,230,48,30
2023-10-17,3,2,414,362,48,20
2023-10-18,3,2,414,240,48,23
2023-10-19,3,2,414,387,48,21
2023-10-20,3,2,414,373,48,31
2023-10-21,3,2,414,222,48,21
2023-10-22,3,2,414,306,48,22
2023-10-23,3,2,414,377,48,30
2023-10-24,3,2,414,211,48,37
2023-10-25,3,2,414,231,48,26
2023-10-26,3,2,414,296,48,22
2023-10-27,3,2,414,328,48,30
2023-10-28,3,2,414,379,48,37
2023-10-29,3,2,414,294,48,21
2023-10-30,3,2,414,216,48,39
2023-10-31,3,2,414,328,48,45
2023-11-01,3,2,414,328,48,22
2023-11-02,3,2,414,354,48,29
2023-11-03,3,2,414,301,48,42
2023-11-04,3,2,414,322,48,25
2023-11-05,3,2,414,377,48,39
2023-11-06,3,2,414,208,48,28
2023-11-07,3,2,414,301,48,25
2023-11-08,3,2,414,219,48,32
2023-11-09,3,2,414,295,48,36
2023-11-10,3,2,414,333,48,45
2023-11-11,3,2,414,212,48,24
2023-11-12,3,2,414,287,48,31
2023-11-13,3,2,414,319,48,42
2023-11-14,3,2,414,236,48,21
2023-11-15,3,2,414,233,48,40
2023-11-16,3,2,414,350,48,29
2023-11-17,3,2,414,356,48,22
2023-11-18,3,2,414,266,48,31
2023-11-19,3,2,414,225,48,36
2023-11-20,3,2,414,335,48,32
2023-11-21,3,2,414,347,48,31
2023-11-22,3,2,414,246,48,20
2023-11-23,3,2,414,321,48,41
2023-11-24,3,2,414,212,48,39
2023-11-25,3,2,414,393,48,41
2023-11-26,3,2,414,367,48,42
2023-11-27,3,2,414,362,48,43
2023-11-28,3,2,414,389,48,39
2023-11-29,3,2,414,303,48,19
2023-11-30,3,2,414,358,48,41
2023-12-01,3,2,414,286,48,39
2023-12-02,3,2,414,254,48,23
2023-12-03,3,2,414,352,48,40
2023-12-04,3,2,414,266,48,24
2023-12-05,3,2,414,314,48,27
2023-12-06,3,2,414,239,48,24
2023-12-07,3,2,414,241,48,44
2023-12-08,3,2,414,213,48,35
2023-12-09,3,2,414,269,48,27
2023-12-10,3,2,414,254,48,25
2023-12-11,3,2,414,309,48,21
2023-12-12,3,2,414,238,48,40
2023-12-13,3,2,414,362,48,28
2023-12-14,3,2,414,377,48,24
2023-12-15,3,2,414,306,48,19
2023-12-16,3,2,414,223,48,29
2023-12-17,3,2,414,209,48,36
2023-12-18,3,2,414,327,48,30
2023-12-19,3,2,414,247,48,41
2023-12-20,3,2,414,369,48,24
2023-12-21,3,2,414,386,48,27
2023-12-22,3,2,414,286,48,19
2023-12-23,3,2,414,285,48,35
2023-12-24,3,2,414,326,48,33
2023-12-25,3,2,414,288,48,21
2023-12-26,3,2,414,333,48,22
2023-12-27,3,2,414,231,48,25
2023-12-28,3,2,414,233,48,21
2023-12-29,3,2,414,319,48,23
2023-12-30,3,2,414,269,48,41
2023-12-31,3,2,414,324,48,30
2024-01-01,3,2,414,297,48,19
2024-01-02,3,2,414,320,48,30
2024-01-03,3,2,414,356,48,34
2024-01-04,3,2,414,348,48,31
2024-01-05,3,2,414,225,48,31
2024-01-06,3,2,414,327,48,44
2024-01-07,3,2,414,350,48,23
2024-01-08,3,2,414,324,48,32
2024-01-09,3,2,414,391,48,35
2024-01-10,3,2,414,258,48,41
2024-01-11,3,2,414,366,48,29
2024-01-12,3,2,414,342,48,33
2024-01-13,3,2,414,334,48,23
2024-01-14,3,2,414,359,48,28
2024-01-15,3,2,414,221,48,43
2024-01-16,3,2,414,344,48,44
2024-01-17,3,2,414,242,48,27
2024-01-18,3,2,414,255,48,29
2024-01-19,3,2,414,262,48,32
2024-01-20,3,2,414,392,48,41
2024-01-21,3,2,414,363,48,39
2024-01-22,3,2,414,343,48,37
2024-01-23,3,2,414,293,48,23
2024-01-24,3,2,414,365,48,23
2024-01-25,3,2,414,323,48,32
2024-01-26,3,2,414,373,48,41
2024-01-27,3,2,414,228,48,33
2024-01-28,3,2,414,309,48,37
2024-01-29,3,2,414,314,48,28
2024-01-30,3,2,414,368,48,19
2024-01-31,3,2,414,377,48,36
2024-02-01,3,2,414,372,48,22
2024-02-02,3,2,414,255,48,39
2024-02-03,3,2,414,387,48,28
2024-02-04,3,2,414,346,48,31
2024-02-05,3,2,414,220,48,27
2024-02-06,3,2,414,370,48,41
2024-02-07,3,2,414,322,48,27
2024-02-08,3,2,414,213,48,26
2024-02-09,3,2,414,221,48,26
2024-02-10,3,2,414,228,48,19
2024-02-11,3,2,414,227,48,26
2024-02-12,3,2,414,278,48,19
2024-02-13,3,2,414,352,48,45
2024-02-14,3,2,414,241,48,27
2024-02-15,3,2,414,263,48,37
2024-02-16,3,2,414,232,48,20
2024-02-17,3,2,414,337,48,21
2024-02-18,3,2,414,332,48,21
2024-02-19,3,2,414,330,48,31
2024-02-20,3,2,414,243,48,28
2024-02-21,3,2,414,229,48,32
2024-02-22,3,2,414,303,48,36
2024-02-23,3,2,414,219,48,39
2024-02-24,3,2,414,278,48,41
2024-02-25,3,2,414,382,48,29
2024-02-26,3,2,414,253,48,34
2024-02-27,3,2,414,372,48,24
2024-02-28,3,2,414,243,48,24
2024-02-29,3,2,414,267,48,26
2024-03-01,3,2,414,254,48,44
2024-03-02,3,2,414,310,48,45
2024-03-03,3,2,414,272,48,32
2024-03-04,3,2,414,353,48,22
2024-03-05,3,2,414,360,48,25
2024-03-06,3,2,414,306,48,40
2024-03-07,3,2,414,213,48,31
2024-03-08,3,2,414,223,48,37
2024-03-09,3,2,414,311,48,28
2024-03-10,3,2,414,349,48,20
2024-03-11,3,2,414,329,48,30
2024-03-12,3,2,414,370,48,42
2024-03-13,3,2,414,265,48,27
2024-03-14,3,2,414,286,48,45
2024-03-15,3,2,414,328,48,24
2024-03-16,3,2,414,283,48,44
2024-03-17,3,2,414,370,48,26
2024-03-18,3,2,414,390,48,36
2024-03-19,3,2,414,382,48,42
2024-03-20,3,2,414,326,48,34
2024-03-21,3,2,414,237,48,31
2024-03-22,3,2,414,293,48,43
2024-03-23,3,2,414,308,48,27
2024-03-24,3,2,414,327,48,32
2024-03-25,3,2,414,317,48,24
2024-03-26,3,2,414,320,48,35
2024-03-27,3,2,414,260,48,43
2024-03-28,3,2,414,268,48,22
2024-03-29,3,2,414,229,48,42
2024-03-30,3,2,414,209,48,25
2024-03-31,3,2,414,284,48,37
2024-04-01,3,2,414,210,48,42
2024-04-02,3,2,414,378,48,38
2024-04-03,3,2,414,370,48,29
2024-04-04,3,2,414,357,48,42
2024-04-05,3,2,414,282,48,44
2024-04-06,3,2,414,391,48,39
2024-04-07,3,2,414,248,48,28
2024-04-08,3,2,414,303,48,34
2024-04-09,3,2,414,312,48,43
2024-04-10,3,2,414,291,48,39
2024-04-11,3,2,414,336,48,44
2024-04-12,3,2,414,363,48,43
2024-04-13,3,2,414,302,48,23
2024-04-14,3,2,414,376,48,27
2024-04-15,3,2,414,258,48,29
2024-04-16,3,2,414,235,48,27
2024-04-17,3,2,414,364,48,22
2024-04-18,3,2,414,332,48,42
2024-04-19,3,2,414,227,48,42
2024-04-20,3,2,414,277,48,24
2024-04-21,3,2,414,324,48,40
2024-04-22,3,2,414,273,48,32
2024-04-23,3,2,414,336,48,19
2024-04-24,3,2,414,378,48,38
2024-04-25,3,2,414,280,48,25
2024-04-26,3,2,414,387,48,23
2024-04-27,3,2,414,310,48,37
2024-04-28,3,2,414,327,48,33
2024-04-29,3,2,414,366,48,31
2024-04-30,3,2,414,376,48,31
2024-05-01,3,2,414,349,48,22
2024-05-02,3,2,414,324,48,20
2024-05-03,3,2,414,367,48,43
2024-05-04,3,2,414,216,48,19
2024-05-05,3,2,414,210,48,19
2024-05-06,3,2,414,352,48,33
2024-05-07,3,2,414,264,48,21
2024-05-08,3,2,414,249,48,24
2024-05-09,3,2,414,224,48,36
2024-05-10,3,2,414,261,48,32
2024-05-11,3,2,414,305,48,29
2024-05-12,3,2,414,239,48,23
2024-05-13,3,2,414,375,48,35
2024-05-14,3,2,414,279,48,28
2024-05-15,3,2,414,258,48,42
2024-05-16,3,2,414,340,48,40
2024-05-17,3,2,414,272,48,19
2024-05-18,3,2,414,384,48,25
2024-05-19,3,2,414,379,48,37
2024-05-20,3,2,414,287,48,33
2024-05-21,3,2,414,255,48,44
2024-05-22,3,2,414,314,48,28
2024-05-23,3,2,414,293,48,43
2024-05-24,3,2,414,246,48,21
2024-05-25,3,2,414,366,48,45
2024-05-26,3,2,414,320,48,39
2024-05-27,3,2,414,313,48,41
2024-05-28,3,2,414,262,48,29
2024-05-29,3,2,414,280,48,35
2024-05-30,3,2,414,386,48,23
2024-05-31,3,2,414,289,48,29
2024-06-01,3,2,414,322,48,31
2024-06-02,3,2,414,253,48,42
2024-06-03,3,2,414,329,48,26
2024-06-04,3,2,414,270,48,38
2024-06-05,3,2,414,355,48,31
2024-06-06,3,2,414,288,48,42
2024-06-07,3,2,414,283,48,27
2024-06-08,3,2,414,365,48,41
2024-06-09,3,2,414,345,48,24
2024-06-10,3,2,414,217,48,41
2024-06-11,3,2,414,327,48,33
2024-06-12,3,2,414,370,48,42
2024-06-13,3,2,414,257,48,25
2024-06-14,3,2,414,344,48,44
2024-06-15,3,2,414,386,48,35
2024-06-16,3,2,414,355,48,30
2024-06-17,3,2,414,286,48,37
2024-06-18,3,2,414,319,48,34
2024-06-19,3,2,414,278,48,21
2024-06-20,3,2,414,217,48,38
2024-06-21,3,2,414,328,48,38
2024-06-22,3,2,414,286,48,21
2024-06-23,3,2,414,289,48,22
2024-06-24,3,2,414,350,48,40
2024-06-25,3,2,414,240,48,43
2024-06-26,3,2,414,308,48,32
2024-06-27,3,2,414,347,48,31
2024-06-28,3,2,414,272,48,41
2024-06-29,3,2,414,312,48,28
2024-06-30,3,2,414,216,48,33
2024-07-01,3,2,414,276,48,44
2024-07-02,3,2,414,334,48,40
2024-07-03,3,2,414,313,48,39
2024-07-04,3,2,414,270,48,39
2024-07-05,3,2,414,296,48,45
2024-07-06,3,2,414,324,48,44
2024-07-07,3,2,414,242,48,37
2024-07-08,3,2,414,250,48,38
2024-07-09,3,2,414,237,48,40
2024-07-10,3,2,414,243,48,23
2024-07-11,3,2,414,284,48,20
2024-07-12,3,2,414,268,48,42
2024-07-13,3,2,414,208,48,41
2024-07-14,3,2,414,377,48,42
2024-07-15,3,2,414,328,48,29
2024-07-16,3,2,414,257,48,31
2024-07-17,3,2,414,222,48,43
2024-07-18,3,2,414,218,48,23
2024-07-19,3,2,414,301,48,33
2024-07-20,3,2,414,249,48,37
2024-07-21,3,2,414,267,48,40
2024-07-22,3,2,414,333,48,42
2024-07-23,3,2,414,364,48,25
2024-07-24,3,2,414,362,48,23
2024-07-25,3,2,414,241,48,22
2024-07-26,3,2,414,328,48,44
2024-07-27,3,2,414,386,48,28
2024-07-28,3,2,414,352,48,26
2024-07-29,3,2,414,263,48,23
2024-07-30,3,2,414,350,48,24
2024-07-31,3,2,414,222,48,35
2024-08-01,3,2,414,369,48,28
2024-08-02,3,2,414,217,48,33
2024-08-03,3,2,414,344,48,31
2024-08-04,3,2,414,306,48,35
2024-08-05,3,2,414,355,48,33
2024-08-06,3,2,414,257,48,34
2024-08-07,3,2,414,357,48,32
2024-08-08,3,2,414,263,48,32
2024-08-09,3,2,414,239,48,24
2024-08-10,3,2,414,220,48,38
2024-08-11,3,2,414,276,48,43
2024-08-12,3,2,414,347,48,20
2024-08-13,3,2,414,224,48,27
2024-08-14,3,2,414,385,48,31
2024-08-15,3,2,414,348,48,19
2024-08-16,3,2,414,225,48,41
2024-08-17,3,2,414,382,48,25
2024-08-18,3,2,414,362,48,25
2024-08-19,3,2,414,335,48,45
2024-08-20,3,2,414,355,48,20
2024-08-21,3,2,414,375,48,37
2024-08-22,3,2,414,252,48,41
2024-08-23,3,2,414,267,48,32
2024-08-24,3,2,414,318,48,25
2024-08-25,3,2,414,228,48,26
2024-08-26,3,2,414,249,48,43
2024-08-27,3,2,414,235,48,28
2024-08-28,3,2,414,305,48,26
2024-08-29,3,2,414,258,48,26
2024-08-30,3,2,414,359,48,30
2024-08-31,3,2,414,225,48,42
2024-09-01,3,2,414,245,48,23
2024-09-02,3,2,414,266,48,42
2024-09-03,3,2,414,380,48,23
2024-09-04,3,2,414,276,48,34
2024-09-05,3,2,414,230,48,38
2024-09-06,3,2,414,289,48,32
2024-09-07,3,2,414,256,48,20
2024-09-08,3,2,414,275,48,28
2024-09-09,3,2,414,311,48,22
2024-09-10,3,2,414,260,48,39
2024-09-11,3,2,414,356,48,22
2024-09-12,3,2,414,358,48,31
2024-09-13,3,2,414,270,48,29
2024-09-14,3,2,414,347,48,30
2024-09-15,3,2,414,337,48,42
2024-09-16,3,2,414,326,48,34
2024-09-17,3,2,414,219,48,26
2024-09-18,3,2,414,387,48,26
2024-09-19,3,2,414,240,48,22
2024-09-20,3,2,414,221,48,34
2024-09-21,3,2,414,300,48,28
2024-09-22,3,2,414,339,48,23
2024-09-23,3,2,414,219,48,22
2024-09-24,3,2,414,255,48,20
2024-09-25,3,2,414,225,48,41
2024-09-26,3,2,414,366,48,43
2024-09-27,3,2,414,356,48,43
2024-09-28,3,2,414,242,48,40
2024-09-29,3,2,414,227,48,42
2024-09-30,3,2,414,232,48,31
2024-10-01,3,2,414,359,48,38
2024-10-02,3,2,414,328,48,41
2024-10-03,3,2,414,213,48,26
2024-10-04,3,2,414,379,48,20
2024-10-05,3,2,414,246,48,25
2024-10-06,3,2,414,249,48,35
2024-10-07,3,2,414,292,48,28
2024-10-08,3,2,414,372,48,28
2024-10-09,3,2,414,258,48,27
2024-10-10,3,2,414,324,48,27
2024-10-11,3,2,414,240,48,23
2024-10-12,3,2,414,365,48,24
2024-10-13,3,2,414,272,48,43
2024-10-14,3,2,414,304,48,19
2024-10-15,3,2,414,290,48,21
2024-10-16,3,2,414,225,48,33
2024-10-17,3,2,414,363,48,31
2024-10-18,3,2,414,303,48,42
2024-10-19,3,2,414,299,48,20
2024-10-20,3,2,414,369,48,42
2024-10-21,3,2,414,357,48,41
2024-10-22,3,2,414,288,48,24
2024-10-23,3,2,414,317,48,22
2024-10-24,3,2,414,348,48,20
2024-10-25,3,2,414,286,48,43
2024-10-26,3,2,414,231,48,31
2024-10-27,3,2,414,242,48,33
2024-10-28,3,2,414,229,48,43
2024-10-29,3,2,414,365,48,22
2024-10-30,3,2,414,296,48,23
2024-10-31,3,2,414,361,48,33
2024-11-01,3,2,414,207,48,45
2024-11-02,3,2,414,354,48,45
2024-11-03,3,2,414,364,48,28
2024-11-04,3,2,414,212,48,28
2024-11-05,3,2,414,281,48,24
2024-11-06,3,2,414,255,48,38
2024-11-07,3,2,414,307,48,39
2024-11-08,3,2,414,263,48,45
2024-11-09,3,2,414,208,48,37
2024-11-10,3,2,414,253,48,44
2024-11-11,3,2,414,369,48,44
2024-11-12,3,2,414,327,48,25
2024-11-13,3,2,414,368,48,43
2024-11-14,3,2,414,370,48,36
2024-11-15,3,2,414,286,48,19
2024-11-16,3,2,414,272,48,22
2024-11-17,3,2,414,346,48,26
2024-11-18,3,2,414,320,48,39
2024-11-19,3,2,414,246,48,28
2024-11-20,3,2,414,246,48,27
2024-11-21,3,2,414,360,48,23
2024-11-22,3,2,414,340,48,42
2024-11-23,3,2,414,297,48,42
2024-11-24,3,2,414,309,48,30
2024-11-25,3,2,414,210,48,42
2024-11-26,3,2,414,317,48,37
2024-11-27,3,2,414,351,48,29
2024-11-28,3,2,414,228,48,35
2024-11-29,3,2,414,259,48,34
2024-11-30,3,2,414,236,48,35
2024-12-01,3,2,414,295,48,35
2024-12-02,3,2,414,233,48,39
2024-12-03,3,2,414,213,48,33
2024-12-04,3,2,414,298,48,28
2024-12-05,3,2,414,381,48,35
2024-12-06,3,2,414,226,48,36
2024-12-07,3,2,414,229,48,28
2024-12-08,3,2,414,360,48,34
2024-12-09,3,2,414,250,48,36
2024-12-10,3,2,414,225,48,37
2024-12-11,3,2,414,218,48,38
2024-12-12,3,2,414,349,48,26
2024-12-13,3,2,414,243,48,26
2024-12-14,3,2,414,348,48,27
2024-12-15,3,2,414,224,48,28
2024-12-16,3,2,414,281,48,43
2024-12-17,3,2,414,218,48,30
2024-12-18,3,2,414,251,48,38
2024-12-19,3,2,414,215,48,38
2024-12-20,3,2,414,213,48,41
2024-12-21,3,2,414,352,48,37
2024-12-22,3,2,414,272,48,44
2024-12-23,3,2,414,314,48,24
2024-12-24,3,2,414,239,48,42
2024-12-25,3,2,414,325,48,38
2024-12-26,3,2,414,244,48,31
2024-12-27,3,2,414,272,48,32
2024-12-28,3,2,414,225,48,22
2024-12-29,3,2,414,256,48,22
2024-12-30,3,2,414,216,48,42
2024-12-31,3,2,414,254,48,24
2023-01-01,3,3,414,390,48,19
2023-01-02,3,3,414,358,48,30
2023-01-03,3,3,414,258,48,22
2023-01-04,3,3,414,249,48,40
2023-01-05,3,3,414,354,48,35
2023-01-06,3,3,414,378,48,37
2023-01-07,3,3,414,350,48,44
2023-01-08,3,3,414,349,48,41
2023-01-09,3,3,414,389,48,27
2023-01-10,3,3,414,241,48,27
2023-01-11,3,3,414,297,48,27
2023-01-12,3,3,414,325,48,21
2023-01-13,3,3,414,361,48,28
2023-01-14,3,3,414,318,48,44
2023-01-15,3,3,414,384,48,43
2023-01-16,3,3,414,213,48,22
2023-01-17,3,3,414,288,48,25
2023-01-18,3,3,414,271,48,25
2023-01-19,3,3,414,270,48,43
2023-01-20,3,3,414,380,48,34
2023-01-21,3,3,414,265,48,30
2023-01-22,3,3,414,347,48,38
2023-01-23,3,3,414,292,48,25
2023-01-24,3,3,414,237,48,26
2023-01-25,3,3,414,229,48,43
2023-01-26,3,3,414,272,48,43
2023-01-27,3,3,414,347,48,29
2023-01-28,3,3,414,377,48,29
2023-01-29,3,3,414,253,48,35
2023-01-30,3,3,414,300,48,40
2023-01-31,3,3,414,376,48,25
2023-02-01,3,3,414,220,48,21
2023-02-02,3,3,414,277,48,34
2023-02-03,3,3,414,301,48,25
2023-02-04,3,3,414,299,48,36
2023-02-05,3,3,414,385,48,42
2023-02-06,3,3,414,265,48,42
2023-02-07,3,3,414,238,48,33
2023-02-08,3,3,414,293,48,41
2023-02-09,3,3,414,391,48,41
2023-02-10,3,3,414,207,48,30
2023-02-11,3,3,414,296,48,38
2023-02-12,3,3,414,250,48,43
2023-02-13,3,3,414,306,48,41
2023-02-14,3,3,414,282,48,42
2023-02-15,3,3,414,326,48,20
2023-02-16,3,3,414,281,48,38
2023-02-17,3,3,414,209,48,42
2023-02-18,3,3,414,247,48,30
2023-02-19,3,3,414,241,48,33
2023-02-20,3,3,414,364,48,28
2023-02-21,3,3,414,238,48,30
2023-02-22,3,3,414,325,48,22
2023-02-23,3,3,414,320,48,29
2023-02-24,3,3,414,317,48,26
2023-02-25,3,3,414,376,48,27
2023-02-26,3,3,414,219,48,36
2023-02-27,3,3,414,379,48,29
2023-02-28,3,3,414,226,48,33
2023-03-01,3,3,414,331,48,25
2023-03-02,3,3,414,383,48,20
2023-03-03,3,3,414,319,48,42
2023-03-04,3,3,414,384,48,37
2023-03-05,3,3,414,355,48,41
2023-03-06,3,3,414,224,48,38
2023-03-07,3,3,414,332,48,43
2023-03-08,3,3,414,284,48,39
2023-03-09,3,3,414,334,48,21
2023-03-10,3,3,414,238,48,44
2023-03-11,3,3,414,296,48,25
2023-03-12,3,3,414,393,48,41
2023-03-13,3,3,414,305,48,32
2023-03-14,3,3,414,334,48,33
2023-03-15,3,3,414,313,48,22
2023-03-16,3,3,414,390,48,41
2023-03-17,3,3,414,232,48,40
2023-03-18,3,3,414,322,48,29
2023-03-19,3,3,414,329,48,34
2023-03-20,3,3,414,385,48,21
2023-03-21,3,3,414,298,48,45
2023-03-22,3,3,414,210,48,21
2023-03-23,3,3,414,306,48,31
2023-03-24,3,3,414,384,48,26
2023-03-25,3,3,414,274,48,34
2023-03-26,3,3,414,358,48,42
2023-03-27,3,3,414,321,48,21
2023-03-28,3,3,414,244,48,21
2023-03-29,3,3,414,302,48,35
2023-03-30,3,3,414,306,48,43
2023-03-31,3,3,414,372,48,29
2023-04-01,3,3,414,259,48,41
2023-04-02,3,3,414,331,48,33
2023-04-03,3,3,414,214,48,33
2023-04-04,3,3,414,363,48,34
2023-04-05,3,3,414,287,48,23
2023-04-06,3,3,414,216,48,42
2023-04-07,3,3,414,347,48,36
2023-04-08,3,3,414,390,48,35
2023-04-09,3,3,414,212,48,20
2023-04-10,3,3,414,293,48,31
2023-04-11,3,3,414,212,48,24
2023-04-12,3,3,414,235,48,24
2023-04-13,3,3,414,332,48,38
2023-04-14,3,3,414,391,48,24
2023-04-15,3,3,414,333,48,31
2023-04-16,3,3,414,392,48,19
2023-04-17,3,3,414,241,48,35
2023-04-18,3,3,414,220,48,37
2023-04-19,3,3,414,363,48,38
2023-04-20,3,3,414,239,48,34
2023-04-21,3,3,414,350,48,26
2023-04-22,3,3,414,341,48,19
2023-04-23,3,3,414,242,48,36
2023-04-24,3,3,414,314,48,25
2023-04-25,3,3,414,264,48,25
2023-04-26,3,3,414,349,48,33
2023-04-27,3,3,414,297,48,24
2023-04-28,3,3,414,324,48,20
2023-04-29,3,3,414,337,48,26
2023-04-30,3,3,414,256,48,22
2023-05-01,3,3,414,379,48,27
2023-05-02,3,3,414,228,48,26
2023-05-03,3,3,414,256,48,32
2023-05-04,3,3,414,271,48,43
2023-05-05,3,3,414,323,48,34
2023-05-06,3,3,414,375,48,21
2023-05-07,3,3,414,218,48,40
2023-05-08,3,3,414,229,48,36
2023-05-09,3,3,414,252,48,24
2023-05-10,3,3,414,259,48,39
2023-05-11,3,3,414,357,48,27
2023-05-12,3,3,414,289,48,28
2023-05-13,3,3,414,251,48,22
2023-05-14,3,3,414,244,48,20
2023-05-15,3,3,414,347,48,28
2023-05-16,3,3,414,327,48,22
2023-05-17,3,3,414,281,48,25
2023-05-18,3,3,414,331,48,45
2023-05-19,3,3,414,320,48,37
2023-05-20,3,3,414,355,48,39
2023-05-21,3,3,414,307,48,34
2023-05-22,3,3,414,375,48,36
2023-05-23,3,3,414,267,48,40
2023-05-24,3,3,414,299,48,33
2023-05-25,3,3,414,292,48,41
2023-05-26,3,3,414,239,48,33
2023-05-27,3,3,414,296,48,43
2023-05-28,3,3,414,332,48,45
2023-05-29,3,3,414,261,48,43
2023-05-30,3,3,414,301,48,30
2023-05-31,3,3,414,258,48,32
2023-06-01,3,3,414,363,48,20
2023-06-02,3,3,414,269,48,42
2023-06-03,3,3,414,389,48,31
2023-06-04,3,3,414,268,48,21
2023-06-05,3,3,414,254,48,26
2023-06-06,3,3,414,257,48,33
2023-06-07,3,3,414,263,48,41
2023-06-08,3,3,414,259,48,39
2023-06-09,3,3,414,356,48,42
2023-06-10,3,3,414,279,48,24
2023-06-11,3,3,414,217,48,25
2023-06-12,3,3,414,272,48,39
2023-06-13,3,3,414,386,48,36
2023-06-14,3,3,414,294,48,38
2023-06-15,3,3,414,267,48,37
2023-06-16,3,3,414,332,48,39
2023-06-17,3,3,414,374,48,37
2023-06-18,3,3,414,384,48,44
2023-06-19,3,3,414,332,48,37
2023-06-20,3,3,414,318,48,28
2023-06-21,3,3,414,287,48,32
2023-06-22,3,3,414,368,48,20
2023-06-23,3,3,414,222,48,24
2023-06-24,3,3,414,249,48,21
2023-06-25,3,3,414,234,48,37
2023-06-26,3,3,414,271,48,39
2023-06-27,3,3,414,374,48,21
2023-06-28,3,3,414,255,48,35
2023-06-29,3,3,414,307,48,40
2023-06-30,3,3,414,292,48,30
2023-07-01,3,3,414,345,48,24
2023-07-02,3,3,414,327,48,38
2023-07-03,3,3,414,327,48,34
2023-07-04,3,3,414,393,48,38
2023-07-05,3,3,414,237,48,22
2023-07-06,3,3,414,308,48,45
2023-07-07,3,3,414,260,48,35
2023-07-08,3,3,414,280,48,22
2023-07-09,3,3,414,322,48,29
2023-07-10,3,3,414,277,48,38
2023-07-11,3,3,414,340,48,42
2023-07-12,3,3,414,278,48,44
2023-07-13,3,3,414,311,48,40
2023-07-14,3,3,414,266,48,42
2023-07-15,3,3,414,274,48,27
2023-07-16,3,3,414,348,48,29
2023-07-17,3,3,414,371,48,33
2023-07-18,3,3,414,229,48,29
2023-07-19,3,3,414,350,48,35
2023-07-20,3,3,414,285,48,26
2023-07-21,3,3,414,296,48,36
2023-07-22,3,3,414,232,48,33
2023-07-23,3,3,414,252,48,39
2023-07-24,3,3,414,390,48,31
2023-07-25,3,3,414,292,48,39
2023-07-26,3,3,414,239,48,33
2023-07-27,3,3,414,289,48,34
2023-07-28,3,3,414,294,48,27
2023-07-29,3,3,414,262,48,27
2023-07-30,3,3,414,293,48,43
2023-07-31,3,3,414,365,48,19
2023-08-01,3,3,414,321,48,21
2023-08-02,3,3,414,385,48,22
2023-08-03,3,3,414,275,48,28
2023-08-04,3,3,414,216,48,31
2023-08-05,3,3,414,336,48,21
2023-08-06,3,3,414,276,48,20
2023-08-07,3,3,414,384,48,24
2023-08-08,3,3,414,392,48,21
2023-08-09,3,3,414,208,48,35
2023-08-10,3,3,414,248,48,29
2023-08-11,3,3,414,229,48,22
2023-08-12,3,3,414,296,48,29
2023-08-13,3,3,414,348,48,26
2023-08-14,3,3,414,360,48,30
2023-08-15,3,3,414,240,48,21
2023-08-16,3,3,414,244,48,19
2023-08-17,3,3,414,363,48,29
2023-08-18,3,3,414,226,48,20
2023-08-19,3,3,414,256,48,38
2023-08-20,3,3,414,304,48,35
2023-08-21,3,3,414,209,48,19
2023-08-22,3,3,414,348,48,37
2023-08-23,3,3,414,281,48,24
2023-08-24,3,3,414,291,48,34
2023-08-25,3,3,414,367,48,38
2023-08-26,3,3,414,371,48,45
2023-08-27,3,3,414,216,48,26
2023-08-28,3,3,414,283,48,35
2023-08-29,3,3,414,277,48,21
2023-08-30,3,3,414,210,48,24
2023-08-31,3,3,414,381,48,39
2023-09-01,3,3,414,380,48,29
2023-09-02,3,3,414,331,48,39
2023-09-03,3,3,414,347,48,27
2023-09-04,3,3,414,370,48,37
2023-09-05,3,3,414,288,48,24
2023-09-06,3,3,414,358,48,25
2023-09-07,3,3,414,273,48,19
2023-09-08,3,3,414,296,48,38
2023-09-09,3,3,414,321,48,34
2023-09-10,3,3,414,237,48,35
2023-09-11,3,3,414,295,48,34
2023-09-12,3,3,414,269,48,38
2023-09-13,3,3,414,292,48,27
2023-09-14,3,3,414,386,48,37
2023-09-15,3,3,414,246,48,40
2023-09-16,3,3,414,384,48,42
2023-09-17,3,3,414,345,48,45
2023-09-18,3,3,414,346,48,28
2023-09-19,3,3,414,281,48,28
2023-09-20,3,3,414,374,48,21
2023-09-21,3,3,414,325,48,43
2023-09-22,3,3,414,376,48,41
2023-09-23,3,3,414,276,48,37
2023-09-24,3,3,414,272,48,35
2023-09-25,3,3,414,224,48,24
2023-09-26,3,3,414,281,48,36
2023-09-27,3,3,414,381,48,22
2023-09-28,3,3,414,272,48,22
2023-09-29,3,3,414,217,48,24
2023-09-30,3,3,414,308,48,34
2023-10-01,3,3,414,235,48,40
2023-10-02,3,3,414,340,48,41
2023-10-03,3,3,414,251,48,36
2023-10-04,3,3,414,324,48,26
2023-10-05,3,3,414,251,48,26
2023-10-06,3,3,414,285,48,37
2023-10-07,3,3,414,251,48,19
2023-10-08,3,3,414,219,48,23
2023-10-09,3,3,414,367,48,28
2023-10-10,3,3,414,235,48,40
2023-10-11,3,3,414,369,48,39
2023-10-12,3,3,414,336,48,26
2023-10-13,3,3,414,316,48,38
2023-10-14,3,3,414,323,48,31
2023-10-15,3,3,414,304,48,21
2023-10-16,3,3,414,272,48,29
2023-10-17,3,3,414,256,48,19
2023-10-18,3,3,414,288,48,39
2023-10-19,3,3,414,362,48,44
2023-10-20,3,3,414,351,48,19
2023-10-21,3,3,414,374,48,20
2023-10-22,3,3,414,346,48,23
2023-10-23,3,3,414,280,48,36
2023-10-24,3,3,414,298,48,30
2023-10-25,3,3,414,220,48,29
2023-10-26,3,3,414,264,48,29
2023-10-27,3,3,414,348,48,36
2023-10-28,3,3,414,365,48,20
2023-10-29,3,3,414,227,48,40
2023-10-30,3,3,414,306,48,20
2023-10-31,3,3,414,226,48,19
2023-11-01,3,3,414,363,48,28
2023-11-02,3,3,414,358,48,29
2023-11-03,3,3,414,349,48,23
2023-11-04,3,3,414,251,48,28
2023-11-05,3,3,414,300,48,45
2023-11-06,3,3,414,382,48,26
2023-11-07,3,3,414,281,48,24
2023-11-08,3,3,414,339,48,22
2023-11-09,3,3,414,260,48,39
2023-11-10,3,3,414,275,48,44
2023-11-11,3,3,414,371,48,21
2023-11-12,3,3,414,287,48,42
2023-11-13,3,3,414,276,48,37
2023-11-14,3,3,414,289,48,33
2023-11-15,3,3,414,324,48,28
2023-11-16,3,3,414,321,48,41
2023-11-17,3,3,414,381,48,20
2023-11-18,3,3,414,234,48,23
2023-11-19,3,3,414,321,48,28
2023-11-20,3,3,414,279,48,41
2023-11-21,3,3,414,234,48,25
2023-11-22,3,3,414,242,48,42
2023-11-23,3,3,414,292,48,27
2023-11-24,3,3,414,253,48,39
2023-11-25,3,3,414,244,48,28
2023-11-26,3,3,414,218,48,41
2023-11-27,3,3,414,297,48,34
2023-11-28,3,3,414,247,48,19
2023-11-29,3,3,414,232,48,35
2023-11-30,3,3,414,364,48,44
2023-12-01,3,3,414,245,48,38
2023-12-02,3,3,414,244,48,35
2023-12-03,3,3,414,365,48,30
2023-12-04,3,3,414,215,48,42
2023-12-05,3,3,414,348,48,37
2023-12-06,3,3,414,358,48,23
2023-12-07,3,3,414,261,48,43
2023-12-08,3,3,414,255,48,31
2023-12-09,3,3,414,256,48,22
2023-12-10,3,3,414,259,48,36
2023-12-11,3,3,414,277,48,38
2023-12-12,3,3,414,222,48,25
2023-12-13,3,3,414,222,48,26
2023-12-14,3,3,414,384,48,36
2023-12-15,3,3,414,343,48,43
2023-12-16,3,3,414,240,48,20
2023-12-17,3,3,414,347,48,37
2023-12-18,3,3,414,260,48,28
2023-12-19,3,3,414,392,48,37
2023-12-20,3,3,414,263,48,19
2023-12-21,3,3,414,265,48,20
2023-12-22,3,3,414,354,48,22
2023-12-23,3,3,414,392,48,23
2023-12-24,3,3,414,316,48,20
2023-12-25,3,3,414,244,48,33
2023-12-26,3,3,414,226,48,28
2023-12-27,3,3,414,274,48,33
2023-12-28,3,3,414,219,48,35
2023-12-29,3,3,414,265,48,31
2023-12-30,3,3,414,275,48,37
2023-12-31,3,3,414,346,48,33
2024-01-01,3,3,414,292,48,44
2024-01-02,3,3,414,296,48,23
2024-01-03,3,3,414,272,48,24
2024-01-04,3,3,414,239,48,29
2024-01-05,3,3,414,350,48,34
2024-01-06,3,3,414,216,48,31
2024-01-07,3,3,414,310,48,26
2024-01-08,3,3,414,222,48,33
2024-01-09,3,3,414,273,48,26
2024-01-10,3,3,414,233,48,45
2024-01-11,3,3,414,302,48,24
2024-01-12,3,3,414,262,48,32
2024-01-13,3,3,414,370,48,27
2024-01-14,3,3,414,304,48,36
2024-01-15,3,3,414,329,48,40
2024-01-16,3,3,414,330,48,23
2024-01-17,3,3,414,210,48,25
2024-01-18,3,3,414,342,48,40
2024-01-19,3,3,414,269,48,27
2024-01-20,3,3,414,310,48,40
2024-01-21,3,3,414,234,48,44
2024-01-22,3,3,414,294,48,24
2024-01-23,3,3,414,313,48,28
2024-01-24,3,3,414,361,48,35
2024-01-25,3,3,414,339,48,44
2024-01-26,3,3,414,385,48,26
2024-01-27,3,3,414,340,48,26
2024-01-28,3,3,414,355,48,35
2024-01-29,3,3,414,311,48,28
2024-01-30,3,3,414,221,48,38
2024-01-31,3,3,414,349,48,29
2024-02-01,3,3,414,304,48,40
2024-02-02,3,3,414,308,48,41
2024-02-03,3,3,414,228,48,22
2024-02-04,3,3,414,282,48,27
2024-02-05,3,3,414,211,48,35
2024-02-06,3,3,414,289,48,25
2024-02-07,3,3,414,223,48,45
2024-02-08,3,3,414,390,48,22
2024-02-09,3,3,414,326,48,28
2024-02-10,3,3,414,236,48,44
2024-02-11,3,3,414,238,48,32
2024-02-12,3,3,414,292,48,40
2024-02-13,3,3,414,287,48,19
2024-02-14,3,3,414,365,48,44
2024-02-15,3,3,414,210,48,27
2024-02-16,3,3,414,252,48,44
2024-02-17,3,3,414,367,48,39
2024-02-18,3,3,414,364,48,42
2024-02-19,3,3,414,290,48,37
2024-02-20,3,3,414,279,48,45
2024-02-21,3,3,414,274,48,45
2024-02-22,3,3,414,339,48,40
2024-02-23,3,3,414,383,48,24
2024-02-24,3,3,414,264,48,37
2024-02-25,3,3,414,393,48,42
2024-02-26,3,3,414,322,48,37
2024-02-27,3,3,414,297,48,32
2024-02-28,3,3,414,298,48,34
2024-02-29,3,3,414,384,48,37
2024-03-01,3,3,414,370,48,26
2024-03-02,3,3,414,238,48,29
2024-03-03,3,3,414,213,48,23
2024-03-04,3,3,414,388,48,39
2024-03-05,3,3,414,291,48,29
2024-03-06,3,3,414,265,48,25
2024-03-07,3,3,414,332,48,31
2024-03-08,3,3,414,314,48,19
2024-03-09,3,3,414,361,48,35
2024-03-10,3,3,414,301,48,31
2024-03-11,3,3,414,311,48,35
2024-03-12,3,3,414,237,48,21
2024-03-13,3,3,414,334,48,24
2024-03-14,3,3,414,349,48,25
2024-03-15,3,3,414,253,48,44
2024-03-16,3,3,414,320,48,21
2024-03-17,3,3,414,237,48,38
2024-03-18,3,3,414,338,48,35
2024-03-19,3,3,414,358,48,40
2024-03-20,3,3,414,377,48,37
2024-03-21,3,3,414,305,48,35
2024-03-22,3,3,414,263,48,33
2024-03-23,3,3,414,374,48,35
2024-03-24,3,3,414,266,48,24
2024-03-25,3,3,414,384,48,43
2024-03-26,3,3,414,321,48,41
2024-03-27,3,3,414,304,48,29
2024-03-28,3,3,414,296,48,26
2024-03-29,3,3,414,251,48,28
2024-03-30,3,3,414,222,48,35
2024-03-31,3,3,414,329,48,40
2024-04-01,3,3,414,358,48,32
2024-04-02,3,3,414,215,48,24
2024-04-03,3,3,414,242,48,29
2024-04-04,3,3,414,235,48,21
2024-04-05,3,3,414,329,48,19
2024-04-06,3,3,414,253,48,39
2024-04-07,3,3,414,299,48,31
2024-04-08,3,3,414,381,48,33
2024-04-09,3,3,414,337,48,31
2024-04-10,3,3,414,326,48,32
2024-04-11,3,3,414,239,48,34
2024-04-12,3,3,414,248,48,35
2024-04-13,3,3,414,296,48,21
2024-04-14,3,3,414,387,48,37
2024-04-15,3,3,414,314,48,44
2024-04-16,3,3,414,303,48,40
2024-04-17,3,3,414,330,48,31
2024-04-18,3,3,414,248,48,28
2024-04-19,3,3,414,350,48,22
2024-04-20,3,3,414,310,48,28
2024-04-21,3,3,414,371,48,27
2024-04-22,3,3,414,282,48,44
2024-04-23,3,3,414,274,48,33
2024-04-24,3,3,414,336,48,29
2024-04-25,3,3,414,219,48,41
2024-04-26,3,3,414,328,48,22
2024-04-27,3,3,414,263,48,25
2024-04-28,3,3,414,284,48,43
2024-04-29,3,3,414,254,48,29
2024-04-30,3,3,414,223,48,35
2024-05-01,3,3,414,295,48,28
2024-05-02,3,3,414,385,48,36
2024-05-03,3,3,414,339,48,21
2024-05-04,3,3,414,301,48,34
2024-05-05,3,3,414,312,48,33
2024-05-06,3,3,414,380,48,21
2024-05-07,3,3,414,370,48,42
2024-05-08,3,3,414,373,48,34
2024-05-09,3,3,414,390,48,31
2024-05-10,3,3,414,250,48,32
2024-05-11,3,3,414,246,48,42
2024-05-12,3,3,414,361,48,19
2024-05-13,3,3,414,387,48,33
2024-05-14,3,3,414,234,48,27
2024-05-15,3,3,414,223,48,35
2024-05-16,3,3,414,333,48,21
2024-05-17,3,3,414,269,48,31
2024-05-18,3,3,414,342,48,38
2024-05-19,3,3,414,349,48,42
2024-05-20,3,3,414,315,48,34
2024-05-21,3,3,414,231,48,39
2024-05-22,3,3,414,358,48,34
2024-05-23,3,3,414,299,48,21
2024-05-24,3,3,414,284,48,36
2024-05-25,3,3,414,376,48,21
2024-05-26,3,3,414,245,48,45
2024-05-27,3,3,414,375,48,31
2024-05-28,3,3,414,392,48,41
2024-05-29,3,3,414,302,48,42
2024-05-30,3,3,414,247,48,29
2024-05-31,3,3,414,301,48,28
2024-06-01,3,3,414,371,48,36
2024-06-02,3,3,414,309,48,41
2024-06-03,3,3,414,242,48,44
2024-06-04,3,3,414,381,48,43
2024-06-05,3,3,414,382,48,38
2024-06-06,3,3,414,213,48,37
2024-06-07,3,3,414,291,48,20
2024-06-08,3,3,414,392,48,30
2024-06-09,3,3,414,273,48,38
2024-06-10,3,3,414,316,48,44
2024-06-11,3,3,414,328,48,31
2024-06-12,3,3,414,363,48,43
2024-06-13,3,3,414,287,48,35
2024-06-14,3,3,414,236,48,21
2024-06-15,3,3,414,321,48,27
2024-06-16,3,3,414,347,48,44
2024-06-17,3,3,414,335,48,32
2024-06-18,3,3,414,342,48,20
2024-06-19,3,3,414,328,48,40
2024-06-20,3,3,414,286,48,40
2024-06-21,3,3,414,271,48,38
2024-06-22,3,3,414,219,48,26
2024-06-23,3,3,414,219,48,28
2024-06-24,3,3,414,225,48,36
2024-06-25,3,3,414,338,48,22
2024-06-26,3,3,414,210,48,40
2024-06-27,3,3,414,301,48,20
2024-06-28,3,3,414,367,48,43
2024-06-29,3,3,414,281,48,31
2024-06-30,3,3,414,326,48,43
2024-07-01,3,3,414,294,48,43
2024-07-02,3,3,414,351,48,22
2024-07-03,3,3,414,369,48,32
2024-07-04,3,3,414,228,48,25
2024-07-05,3,3,414,307,48,37
2024-07-06,3,3,414,226,48,30
2024-07-07,3,3,414,356,48,35
2024-07-08,3,3,414,217,48,27
2024-07-09,3,3,414,336,48,37
2024-07-10,3,3,414,316,48,41
2024-07-11,3,3,414,381,48,34
2024-07-12,3,3,414,380,48,27
2024-07-13,3,3,414,238,48,33
2024-07-14,3,3,414,350,48,41
2024-07-15,3,3,414,319,48,31
2024-07-16,3,3,414,291,48,33
2024-07-17,3,3,414,256,48,32
2024-07-18,3,3,414,239,48,23
2024-07-19,3,3,414,338,48,45
2024-07-20,3,3,414,226,48,21
2024-07-21,3,3,414,298,48,44
2024-07-22,3,3,414,380,48,43
2024-07-23,3,3,414,329,48,22
2024-07-24,3,3,414,331,48,22
2024-07-25,3,3,414,291,48,36
2024-07-26,3,3,414,242,48,25
2024-07-27,3,3,414,388,48,25
2024-07-28,3,3,414,355,48,33
2024-07-29,3,3,414,209,48,31
2024-07-30,3,3,414,270,48,45
2024-07-31,3,3,414,269,48,29
2024-08-01,3,3,414,318,48,23
2024-08-02,3,3,414,262,48,32
2024-08-03,3,3,414,336,48,21
2024-08-04,3,3,414,331,48,27
2024-08-05,3,3,414,229,48,30
2024-08-06,3,3,414,239,48,34
2024-08-07,3,3,414,352,48,23
2024-08-08,3,3,414,318,48,27
2024-08-09,3,3,414,290,48,45
2024-08-10,3,3,414,226,48,21
2024-08-11,3,3,414,257,48,21
2024-08-12,3,3,414,230,48,40
2024-08-13,3,3,414,292,48,30
2024-08-14,3,3,414,328,48,30
2024-08-15,3,3,414,258,48,27
2024-08-16,3,3,414,341,48,28
2024-08-17,3,3,414,255,48,45
2024-08-18,3,3,414,361,48,37
2024-08-19,3,3,414,309,48,36
2024-08-20,3,3,414,390,48,41
2024-08-21,3,3,414,236,48,23
2024-08-22,3,3,414,342,48,40
2024-08-23,3,3,414,378,48,26
2024-08-24,3,3,414,355,48,21
2024-08-25,3,3,414,273,48,30
2024-08-26,3,3,414,244,48,33
2024-08-27,3,3,414,284,48,35
2024-08-28,3,3,414,285,48,35
2024-08-29,3,3,414,341,48,40
2024-08-30,3,3,414,331,48,24
2024-08-31,3,3,414,278,48,35
2024-09-01,3,3,414,319,48,41
2024-09-02,3,3,414,211,48,41
2024-09-03,3,3,414,255,48,36
2024-09-04,3,3,414,331,48,36
2024-09-05,3,3,414,299,48,25
2024-09-06,3,3,414,316,48,35
2024-09-07,3,3,414,375,48,37
2024-09-08,3,3,414,346,48,29
2024-09-09,3,3,414,321,48,35
2024-09-10,3,3,414,208,48,19
2024-09-11,3,3,414,235,48,29
2024-09-12,3,3,414,390,48,38
2024-09-13,3,3,414,246,48,44
2024-09-14,3,3,414,345,48,28
2024-09-15,3,3,414,344,48,21
2024-09-16,3,3,414,372,48,27
2024-09-17,3,3,414,264,48,31
2024-09-18,3,3,414,250,48,44
2024-09-19,3,3,414,370,48,19
2024-09-20,3,3,414,235,48,45
2024-09-21,3,3,414,392,48,34
2024-09-22,3,3,414,323,48,44
2024-09-23,3,3,414,226,48,21
2024-09-24,3,3,414,209,48,38
2024-09-25,3,3,414,328,48,22
2024-09-26,3,3,414,209,48,34
2024-09-27,3,3,414,229,48,27
2024-09-28,3,3,414,231,48,30
2024-09-29,3,3,414,314,48,38
2024-09-30,3,3,414,273,48,28
2024-10-01,3,3,414,321,48,31
2024-10-02,3,3,414,288,48,29
2024-10-03,3,3,414,262,48,38
2024-10-04,3,3,414,312,48,43
2024-10-05,3,3,414,329,48,27
2024-10-06,3,3,414,387,48,37
2024-10-07,3,3,414,358,48,30
2024-10-08,3,3,414,383,48,41
2024-10-09,3,3,414,352,48,41
2024-10-10,3,3,414,348,48,45
2024-10-11,3,3,414,384,48,37
2024-10-12,3,3,414,310,48,33
2024-10-13,3,3,414,341,48,25
2024-10-14,3,3,414,345,48,24
2024-10-15,3,3,414,229,48,26
2024-10-16,3,3,414,272,48,27
2024-10-17,3,3,414,350,48,28
2024-10-18,3,3,414,354,48,37
2024-10-19,3,3,414,303,48,34
2024-10-20,3,3,414,385,48,42
2024-10-21,3,3,414,362,48,30
2024-10-22,3,3,414,263,48,39
2024-10-23,3,3,414,293,48,26
2024-10-24,3,3,414,319,48,39
2024-10-25,3,3,414,310,48,21
2024-10-26,3,3,414,214,48,19
2024-10-27,3,3,414,311,48,38
2024-10-28,3,3,414,303,48,38
2024-10-29,3,3,414,364,48,38
2024-10-30,3,3,414,344,48,34
2024-10-31,3,3,414,267,48,28
2024-11-01,3,3,414,313,48,29
2024-11-02,3,3,414,227,48,26
2024-11-03,3,3,414,288,48,40
2024-11-04,3,3,414,289,48,36
2024-11-05,3,3,414,355,48,44
2024-11-06,3,3,414,374,48,37
2024-11-07,3,3,414,234,48,41
2024-11-08,3,3,414,335,48,23
2024-11-09,3,3,414,231,48,24
2024-11-10,3,3,414,266,48,33
2024-11-11,3,3,414,351,48,20
2024-11-12,3,3,414,336,48,44
2024-11-13,3,3,414,281,48,22
2024-11-14,3,3,414,247,48,37
2024-11-15,3,3,414,277,48,19
2024-11-16,3,3,414,340,48,23
2024-11-17,3,3,414,268,48,21
2024-11-18,3,3,414,239,48,22
2024-11-19,3,3,414,280,48,33
2024-11-20,3,3,414,281,48,41
2024-11-21,3,3,414,330,48,25
2024-11-22,3,3,414,243,48,38
2024-11-23,3,3,414,232,48,32
2024-11-24,3,3,414,346,48,44
2024-11-25,3,3,414,275,48,35
2024-11-26,3,3,414,304,48,22
2024-11-27,3,3,414,257,48,44
2024-11-28,3,3,414,365,48,39
2024-11-29,3,3,414,262,48,38
2024-11-30,3,3,414,315,48,27
2024-12-01,3,3,414,380,48,37
2024-12-02,3,3,414,246,48,20
2024-12-03,3,3,414,236,48,40
2024-12-04,3,3,414,216,48,33
2024-12-05,3,3,414,210,48,26
2024-12-06,3,3,414,240,48,34
2024-12-07,3,3,414,228,48,28
2024-12-08,3,3,414,228,48,24
2024-12-09,3,3,414,218,48,25
2024-12-10,3,3,414,353,48,36
2024-12-11,3,3,414,355,48,26
2024-12-12,3,3,414,289,48,38
2024-12-13,3,3,414,324,48,43
2024-12-14,3,3,414,286,48,31
2024-12-15,3,3,414,279,48,24
2024-12-16,3,3,414,230,48,35
2024-12-17,3,3,414,261,48,41
2024-12-18,3,3,414,371,48,34
2024-12-19,3,3,414,260,48,37
2024-12-20,3,3,414,288,48,26
2024-12-21,3,3,414,267,48,39
2024-12-22,3,3,414,315,48,20
2024-12-23,3,3,414,242,48,42
2024-12-24,3,3,414,233,48,37
2024-12-25,3,3,414,373,48,32
2024-12-26,3,3,414,297,48,38
2024-12-27,3,3,414,233,48,31
2024-12-28,3,3,414,287,48,44
2024-12-29,3,3,414,265,48,26
2024-12-30,3,3,414,342,48,26
2024-12-31,3,3,414,243,48,38
2023-01-01,3,4,414,364,48,27
2023-01-02,3,4,414,278,48,28
2023-01-03,3,4,414,298,48,43
2023-01-04,3,4,414,366,48,25
2023-01-05,3,4,414,266,48,39
2023-01-06,3,4,414,305,48,29
2023-01-07,3,4,414,335,48,24
2023-01-08,3,4,414,263,48,36
2023-01-09,3,4,414,237,48,32
2023-01-10,3,4,414,210,48,24
2023-01-11,3,4,414,375,48,31
2023-01-12,3,4,414,361,48,43
2023-01-13,3,4,414,357,48,35
2023-01-14,3,4,414,231,48,31
2023-01-15,3,4,414,352,48,29
2023-01-16,3,4,414,309,48,33
2023-01-17,3,4,414,252,48,23
2023-01-18,3,4,414,237,48,26
2023-01-19,3,4,414,292,48,34
2023-01-20,3,4,414,207,48,21
2023-01-21,3,4,414,346,48,23
2023-01-22,3,4,414,351,48,25
2023-01-23,3,4,414,272,48,38
2023-01-24,3,4,414,237,48,33
2023-01-25,3,4,414,336,48,40
2023-01-26,3,4,414,377,48,32
2023-01-27,3,4,414,250,48,29
2023-01-28,3,4,414,355,48,42
2023-01-29,3,4,414,214,48,19
2023-01-30,3,4,414,387,48,30
2023-01-31,3,4,414,219,48,33
2023-02-01,3,4,414,280,48,43
2023-02-02,3,4,414,301,48,41
2023-02-03,3,4,414,301,48,25
2023-02-04,3,4,414,281,48,25
2023-02-05,3,4,414,306,48,38
2023-02-06,3,4,414,387,48,31
2023-02-07,3,4,414,292,48,33
2023-02-08,3,4,414,255,48,20
2023-02-09,3,4,414,376,48,21
2023-02-10,3,4,414,352,48,43
2023-02-11,3,4,414,362,48,43
2023-02-12,3,4,414,393,48,43
2023-02-13,3,4,414,238,48,30
2023-02-14,3,4,414,322,48,39
2023-02-15,3,4,414,380,48,43
2023-02-16,3,4,414,209,48,41
2023-02-17,3,4,414,343,48,35
2023-02-18,3,4,414,299,48,43
2023-02-19,3,4,414,249,48,36
2023-02-20,3,4,414,242,48,26
2023-02-21,3,4,414,309,48,21
2023-02-22,3,4,414,245,48,43
2023-02-23,3,4,414,271,48,30
2023-02-24,3,4,414,371,48,42
2023-02-25,3,4,414,314,48,34
2023-02-26,3,4,414,256,48,37
2023-02-27,3,4,414,243,48,45
2023-02-28,3,4,414,325,48,41
2023-03-01,3,4,414,231,48,38
2023-03-02,3,4,414,290,48,31
2023-03-03,3,4,414,316,48,41
2023-03-04,3,4,414,240,48,31
2023-03-05,3,4,414,262,48,30
2023-03-06,3,4,414,227,48,43
2023-03-07,3,4,414,255,48,39
2023-03-08,3,4,414,266,48,43
2023-03-09,3,4,414,259,48,22
2023-03-10,3,4,414,207,48,29
2023-03-11,3,4,414,374,48,26
2023-03-12,3,4,414,257,48,43
2023-03-13,3,4,414,281,48,28
2023-03-14,3,4,414,318,48,44
2023-03-15,3,4,414,346,48,33
2023-03-16,3,4,414,226,48,45
2023-03-17,3,4,414,225,48,28
2023-03-18,3,4,414,268,48,45
2023-03-19,3,4,414,274,48,30
2023-03-20,3,4,414,290,48,33
2023-03-21,3,4,414,310,48,21
2023-03-22,3,4,414,379,48,20
2023-03-23,3,4,414,385,48,41
2023-03-24,3,4,414,340,48,33
2023-03-25,3,4,414,338,48,32
2023-03-26,3,4,414,353,48,28
2023-03-27,3,4,414,300,48,41
2023-03-28,3,4,414,376,48,27
2023-03-29,3,4,414,341,48,22
2023-03-30,3,4,414,250,48,42
2023-03-31,3,4,414,286,48,45
2023-04-01,3,4,414,273,48,43
2023-04-02,3,4,414,230,48,34
2023-04-03,3,4,414,289,48,21
2023-04-04,3,4,414,289,48,31
2023-04-05,3,4,414,371,48,29
2023-04-06,3,4,414,235,48,20
2023-04-07,3,4,414,367,48,24
2023-04-08,3,4,414,352,48,31
2023-04-09,3,4,414,381,48,37
2023-04-10,3,4,414,271,48,34
2023-04-11,3,4,414,272,48,45
2023-04-12,3,4,414,225,48,39
2023-04-13,3,4,414,322,48,31
2023-04-14,3,4,414,331,48,21
2023-04-15,3,4,414,392,48,23
2023-04-16,3,4,414,249,48,39
2023-04-17,3,4,414,209,48,26
2023-04-18,3,4,414,368,48,35
2023-04-19,3,4,414,289,48,29
2023-04-20,3,4,414,339,48,42
2023-04-21,3,4,414,218,48,27
2023-04-22,3,4,414,246,48,25
2023-04-23,3,4,414,330,48,41
2023-04-24,3,4,414,293,48,25
2023-04-25,3,4,414,222,48,20
2023-04-26,3,4,414,305,48,45
2023-04-27,3,4,414,352,48,41
2023-04-28,3,4,414,248,48,34
2023-04-29,3,4,414,314,48,29
2023-04-30,3,4,414,329,48,28
2023-05-01,3,4,414,376,48,22
2023-05-02,3,4,414,233,48,40
2023-05-03,3,4,414,326,48,37
2023-05-04,3,4,414,273,48,22
2023-05-05,3,4,414,215,48,33
2023-05-06,3,4,414,384,48,42
2023-05-07,3,4,414,350,48,26
2023-05-08,3,4,414,216,48,38
2023-05-09,3,4,414,254,48,30
2023-05-10,3,4,414,304,48,41
2023-05-11,3,4,414,311,48,41
2023-05-12,3,4,414,344,48,25
2023-05-13,3,4,414,391,48,22
2023-05-14,3,4,414,248,48,19
2023-05-15,3,4,414,361,48,34
2023-05-16,3,4,414,226,48,21
2023-05-17,3,4,414,314,48,29
2023-05-18,3,4,414,374,48,39
2023-05-19,3,4,414,214,48,32
2023-05-20,3,4,414,246,48,24
2023-05-21,3,4,414,372,48,43
2023-05-22,3,4,414,350,48,23
2023-05-23,3,4,414,233,48,29
2023-05-24,3,4,414,229,48,36
2023-05-25,3,4,414,262,48,25
2023-05-26,3,4,414,273,48,24
2023-05-27,3,4,414,334,48,30
2023-05-28,3,4,414,292,48,27
2023-05-29,3,4,414,296,48,37
2023-05-30,3,4,414,288,48,39
2023-05-31,3,4,414,208,48,40
2023-06-01,3,4,414,283,48,20
2023-06-02,3,4,414,356,48,21
2023-06-03,3,4,414,324,48,20
2023-06-04,3,4,414,389,48,30
2023-06-05,3,4,414,271,48,19
2023-06-06,3,4,414,236,48,31
2023-06-07,3,4,414,223,48,23
2023-06-08,3,4,414,269,48,45
2023-06-09,3,4,414,248,48,33
2023-06-10,3,4,414,243,48,26
2023-06-11,3,4,414,259,48,41
2023-06-12,3,4,414,338,48,28
2023-06-13,3,4,414,365,48,26
2023-06-14,3,4,414,234,48,45
2023-06-15,3,4,414,328,48,28
2023-06-16,3,4,414,383,48,27
2023-06-17,3,4,414,376,48,27
2023-06-18,3,4,414,374,48,27
2023-06-19,3,4,414,351,48,31
2023-06-20,3,4,414,317,48,32
2023-06-21,3,4,414,227,48,40
2023-06-22,3,4,414,380,48,40
2023-06-23,3,4,414,245,48,43
2023-06-24,3,4,414,285,48,20
2023-06-25,3,4,414,208,48,45
2023-06-26,3,4,414,359,48,32
2023-06-27,3,4,414,386,48,41
2023-06-28,3,4,414,306,48,42
2023-06-29,3,4,414,310,48,30
2023-06-30,3,4,414,358,48,22
2023-07-01,3,4,414,270,48,27
2023-07-02,3,4,414,375,48,33
2023-07-03,3,4,414,266,48,29
2023-07-04,3,4,414,392,48,43
2023-07-05,3,4,414,256,48,40
2023-07-06,3,4,414,240,48,34
2023-07-07,3,4,414,366,48,43
2023-07-08,3,4,414,229,48,37
2023-07-09,3,4,414,355,48,40
2023-07-10,3,4,414,370,48,37
2023-07-11,3,4,414,300,48,39
2023-07-12,3,4,414,228,48,31
2023-07-13,3,4,414,383,48,37
2023-07-14,3,4,414,228,48,20
2023-07-15,3,4,414,341,48,20
2023-07-16,3,4,414,386,48,31
2023-07-17,3,4,414,388,48,45
2023-07-18,3,4,414,213,48,36
2023-07-19,3,4,414,392,48,44
2023-07-20,3,4,414,256,48,42
2023-07-21,3,4,414,318,48,44
2023-07-22,3,4,414,350,48,36
2023-07-23,3,4,414,241,48,34
2023-07-24,3,4,414,321,48,24
2023-07-25,3,4,414,385,48,39
2023-07-26,3,4,414,227,48,38
2023-07-27,3,4,414,291,48,44
2023-07-28,3,4,414,226,48,27
2023-07-29,3,4,414,365,48,40
2023-07-30,3,4,414,384,48,33
2023-07-31,3,4,414,384,48,40
2023-08-01,3,4,414,392,48,41
2023-08-02,3,4,414,376,48,39
2023-08-03,3,4,414,283,48,34
2023-08-04,3,4,414,240,48,22
2023-08-05,3,4,414,250,48,23
2023-08-06,3,4,414,307,48,40
2023-08-07,3,4,414,311,48,36
2023-08-08,3,4,414,298,48,25
2023-08-09,3,4,414,298,48,41
2023-08-10,3,4,414,233,48,40
2023-08-11,3,4,414,347,48,32
2023-08-12,3,4,414,368,48,24
2023-08-13,3,4,414,361,48,20
2023-08-14,3,4,414,385,48,41
2023-08-15,3,4,414,246,48,32
2023-08-16,3,4,414,249,48,40
2023-08-17,3,4,414,278,48,31
2023-08-18,3,4,414,330,48,35
2023-08-19,3,4,414,227,48,28
2023-08-20,3,4,414,267,48,21
2023-08-21,3,4,414,362,48,27
2023-08-22,3,4,414,301,48,38
2023-08-23,3,4,414,311,48,32
2023-08-24,3,4,414,207,48,37
2023-08-25,3,4,414,247,48,26
2023-08-26,3,4,414,265,48,32
2023-08-27,3,4,414,214,48,44
2023-08-28,3,4,414,322,48,19
2023-08-29,3,4,414,364,48,21
2023-08-30,3,4,414,230,48,45
2023-08-31,3,4,414,323,48,19
2023-09-01,3,4,414,208,48,37
2023-09-02,3,4,414,232,48,28
2023-09-03,3,4,414,354,48,38
2023-09-04,3,4,414,341,48,20
2023-09-05,3,4,414,340,48,41
2023-09-06,3,4,414,304,48,40
2023-09-07,3,4,414,242,48,29
2023-09-08,3,4,414,276,48,34
2023-09-09,3,4,414,318,48,36
2023-09-10,3,4,414,321,48,40
2023-09-11,3,4,414,311,48,44
2023-09-12,3,4,414,285,48,35
2023-09-13,3,4,414,258,48,27
2023-09-14,3,4,414,225,48,41
2023-09-15,3,4,414,317,48,41
2023-09-16,3,4,414,229,48,24
2023-09-17,3,4,414,335,48,44
2023-09-18,3,4,414,338,48,35
2023-09-19,3,4,414,328,48,22
2023-09-20,3,4,414,303,48,37
2023-09-21,3,4,414,211,48,43
2023-09-22,3,4,414,239,48,21
2023-09-23,3,4,414,335,48,36
2023-09-24,3,4,414,253,48,28
2023-09-25,3,4,414,254,48,34
2023-09-26,3,4,414,353,48,31
2023-09-27,3,4,414,228,48,28
2023-09-28,3,4,414,380,48,27
2023-09-29,3,4,414,374,48,34
2023-09-30,3,4,414,341,48,39
2023-10-01,3,4,414,214,48,19
2023-10-02,3,4,414,270,48,40
2023-10-03,3,4,414,365,48,23
2023-10-04,3,4,414,308,48,34
2023-10-05,3,4,414,281,48,40
2023-10-06,3,4,414,246,48,45
2023-10-07,3,4,414,306,48,20
2023-10-08,3,4,414,373,48,23
2023-10-09,3,4,414,313,48,38
2023-10-10,3,4,414,278,48,30
2023-10-11,3,4,414,287,48,20
2023-10-12,3,4,414,329,48,38
2023-10-13,3,4,414,267,48,26
2023-10-14,3,4,414,296,48,34
2023-10-15,3,4,414,377,48,22
2023-10-16,3,4,414,367,48,44
2023-10-17,3,4,414,392,48,23
2023-10-18,3,4,414,325,48,23
2023-10-19,3,4,414,248,48,40
2023-10-20,3,4,414,359,48,45
2023-10-21,3,4,414,366,48,36
2023-10-22,3,4,414,267,48,21
2023-10-23,3,4,414,325,48,37
2023-10-24,3,4,414,325,48,35
2023-10-25,3,4,414,251,48,21
2023-10-26,3,4,414,307,48,35
2023-10-27,3,4,414,381,48,22
2023-10-28,3,4,414,220,48,24
2023-10-29,3,4,414,362,48,25
2023-10-30,3,4,414,345,48,22
2023-10-31,3,4,414,215,48,40
2023-11-01,3,4,414,357,48,34
2023-11-02,3,4,414,291,48,28
2023-11-03,3,4,414,320,48,22
2023-11-04,3,4,414,391,48,25
2023-11-05,3,4,414,296,48,36
2023-11-06,3,4,414,364,48,34
2023-11-07,3,4,414,247,48,40
2023-11-08,3,4,414,365,48,26
2023-11-09,3,4,414,356,48,27
2023-11-10,3,4,414,259,48,29
2023-11-11,3,4,414,221,48,34
2023-11-12,3,4,414,229,48,44
2023-11-13,3,4,414,353,48,42
2023-11-14,3,4,414,310,48,34
2023-11-15,3,4,414,388,48,38
2023-11-16,3,4,414,285,48,32
2023-11-17,3,4,414,375,48,41
2023-11-18,3,4,414,215,48,28
2023-11-19,3,4,414,390,48,37
2023-11-20,3,4,414,393,48,29
2023-11-21,3,4,414,341,48,23
2023-11-22,3,4,414,239,48,23
2023-11-23,3,4,414,313,48,32
2023-11-24,3,4,414,248,48,28
2023-11-25,3,4,414,264,48,21
2023-11-26,3,4,414,209,48,23
2023-11-27,3,4,414,373,48,22
2023-11-28,3,4,414,310,48,31
2023-11-29,3,4,414,260,48,37
2023-11-30,3,4,414,305,48,33
2023-12-01,3,4,414,305,48,31
2023-12-02,3,4,414,340,48,35
2023-12-03,3,4,414,255,48,26
2023-12-04,3,4,414,257,48,43
2023-12-05,3,4,414,317,48,35
2023-12-06,3,4,414,349,48,44
2023-12-07,3,4,414,366,48,36
2023-12-08,3,4,414,307,48,21
2023-12-09,3,4,414,216,48,29
2023-12-10,3,4,414,332,48,20
2023-12-11,3,4,414,348,48,37
2023-12-12,3,4,414,357,48,43
2023-12-13,3,4,414,310,48,21
2023-12-14,3,4,414,262,48,24
2023-12-15,3,4,414,333,48,30
2023-12-16,3,4,414,319,48,40
2023-12-17,3,4,414,330,48,34
2023-12-18,3,4,414,259,48,19
2023-12-19,3,4,414,366,48,39
2023-12-20,3,4,414,224,48,32
2023-12-21,3,4,414,385,48,41
2023-12-22,3,4,414,254,48,21
2023-12-23,3,4,414,385,48,42
2023-12-24,3,4,414,368,48,38
2023-12-25,3,4,414,347,48,40
2023-12-26,3,4,414,337,48,40
2023-12-27,3,4,414,234,48,37
2023-12-28,3,4,414,382,48,33
2023-12-29,3,4,414,300,48,38
2023-12-30,3,4,414,211,48,19
2023-12-31,3,4,414,274,48,38
2024-01-01,3,4,414,368,48,36
2024-01-02,3,4,414,288,48,19
2024-01-03,3,4,414,290,48,22
2024-01-04,3,4,414,280,48,43
2024-01-05,3,4,414,258,48,20
2024-01-06,3,4,414,370,48,31
2024-01-07,3,4,414,369,48,43
2024-01-08,3,4,414,219,48,32
2024-01-09,3,4,414,363,48,39
2024-01-10,3,4,414,314,48,39
2024-01-11,3,4,414,251,48,40
2024-01-12,3,4,414,295,48,32
2024-01-13,3,4,414,295,48,21
2024-01-14,3,4,414,346,48,41
2024-01-15,3,4,414,333,48,43
2024-01-16,3,4,414,245,48,26
2024-01-17,3,4,414,304,48,31
2024-01-18,3,4,414,336,48,41
2024-01-19,3,4,414,325,48,28
2024-01-20,3,4,414,259,48,30
2024-01-21,3,4,414,297,48,37
2024-01-22,3,4,414,213,48,28
2024-01-23,3,4,414,297,48,20
2024-01-24,3,4,414,380,48,42
2024-01-25,3,4,414,224,48,38
2024-01-26,3,4,414,245,48,42
2024-01-27,3,4,414,219,48,19
2024-01-28,3,4,414,294,48,21
2024-01-29,3,4,414,302,48,19
2024-01-30,3,4,414,385,48,45
2024-01-31,3,4,414,291,48,40
2024-02-01,3,4,414,333,48,39
2024-02-02,3,4,414,364,48,23
2024-02-03,3,4,414,228,48,23
2024-02-04,3,4,414,311,48,43
2024-02-05,3,4,414,302,48,33
2024-02-06,3,4,414,270,48,40
2024-02-07,3,4,414,228,48,32
2024-02-08,3,4,414,280,48,20
2024-02-09,3,4,414,209,48,20
2024-02-10,3,4,414,302,48,22
2024-02-11,3,4,414,224,48,25
2024-02-12,3,4,414,249,48,34
2024-02-13,3,4,414,310,48,40
2024-02-14,3,4,414,214,48,28
2024-02-15,3,4,414,302,48,24
2024-02-16,3,4,414,275,48,22
2024-02-17,3,4,414,242,48,39
2024-02-18,3,4,414,270,48,28
2024-02-19,3,4,414,263,48,23
2024-02-20,3,4,414,263,48,34
2024-02-21,3,4,414,296,48,35
2024-02-22,3,4,414,291,48,31
2024-02-23,3,4,414,373,48,31
2024-02-24,3,4,414,381,48,37
2024-02-25,3,4,414,369,48,37
2024-02-26,3,4,414,348,48,25
2024-02-27,3,4,414,352,48,30
2024-02-28,3,4,414,353,48,26
2024-02-29,3,4,414,282,48,30
2024-03-01,3,4,414,364,48,28
2024-03-02,3,4,414,231,48,24
2024-03-03,3,4,414,359,48,38
2024-03-04,3,4,414,347,48,38
2024-03-05,3,4,414,354,48,25
2024-03-06,3,4,414,248,48,29
2024-03-07,3,4,414,263,48,36
2024-03-08,3,4,414,286,48,41
2024-03-09,3,4,414,333,48,40
2024-03-10,3,4,414,345,48,37
2024-03-11,3,4,414,331,48,42
2024-03-12,3,4,414,376,48,22
2024-03-13,3,4,414,284,48,44
2024-03-14,3,4,414,279,48,21
2024-03-15,3,4,414,313,48,42
2024-03-16,3,4,414,288,48,24
2024-03-17,3,4,414,213,48,23
2024-03-18,3,4,414,361,48,25
2024-03-19,3,4,414,297,48,34
2024-03-20,3,4,414,321,48,40
2024-03-21,3,4,414,343,48,23
2024-03-22,3,4,414,335,48,32
2024-03-23,3,4,414,279,48,44
2024-03-24,3,4,414,364,48,19
2024-03-25,3,4,414,219,48,32
2024-03-26,3,4,414,261,48,32
2024-03-27,3,4,414,279,48,26
2024-03-28,3,4,414,359,48,38
2024-03-29,3,4,414,286,48,25
2024-03-30,3,4,414,346,48,22
2024-03-31,3,4,414,338,48,26
2024-04-01,3,4,414,271,48,32
2024-04-02,3,4,414,303,48,42
2024-04-03,3,4,414,271,48,25
2024-04-04,3,4,414,223,48,42
2024-04-05,3,4,414,229,48,36
2024-04-06,3,4,414,307,48,42
2024-04-07,3,4,414,383,48,23
2024-04-08,3,4,414,252,48,30
2024-04-09,3,4,414,312,48,27
2024-04-10,3,4,414,383,48,45
2024-04-11,3,4,414,228,48,43
2024-04-12,3,4,414,388,48,22
2024-04-13,3,4,414,268,48,29
2024-04-14,3,4,414,290,48,30
2024-04-15,3,4,414,234,48,22
2024-04-16,3,4,414,212,48,45
2024-04-17,3,4,414,301,48,42
2024-04-18,3,4,414,293,48,33
2024-04-19,3,4,414,338,48,26
2024-04-20,3,4,414,207,48,41
2024-04-21,3,4,414,247,48,27
2024-04-22,3,4,414,374,48,21
2024-04-23,3,4,414,353,48,27
2024-04-24,3,4,414,258,48,30
2024-04-25,3,4,414,296,48,44
2024-04-26,3,4,414,306,48,34
2024-04-27,3,4,414,259,48,45
2024-04-28,3,4,414,224,48,43
2024-04-29,3,4,414,301,48,27
2024-04-30,3,4,414,390,48,21
2024-05-01,3,4,414,290,48,30
2024-05-02,3,4,414,215,48,32
2024-05-03,3,4,414,387,48,21
2024-05-04,3,4,414,334,48,31
2024-05-05,3,4,414,216,48,39
2024-05-06,3,4,414,272,48,29
2024-05-07,3,4,414,273,48,41
2024-05-08,3,4,414,330,48,41
2024-05-09,3,4,414,346,48,36
2024-05-10,3,4,414,280,48,31
2024-05-11,3,4,414,225,48,22
2024-05-12,3,4,414,338,48,20
2024-05-13,3,4,414,323,48,37
2024-05-14,3,4,414,274,48,41
2024-05-15,3,4,414,364,48,24
2024-05-16,3,4,414,264,48,34
2024-05-17,3,4,414,358,48,24
2024-05-18,3,4,414,386,48,42
2024-05-19,3,4,414,246,48,37
2024-05-20,3,4,414,335,48,39
2024-05-21,3,4,414,298,48,38
2024-05-22,3,4,414,359,48,21
2024-05-23,3,4,414,356,48,33
2024-05-24,3,4,414,209,48,22
2024-05-25,3,4,414,224,48,19
2024-05-26,3,4,414,235,48,32
2024-05-27,3,4,414,393,48,25
2024-05-28,3,4,414,235,48,30
2024-05-29,3,4,414,327,48,44
2024-05-30,3,4,414,370,48,40
2024-05-31,3,4,414,271,48,43
2024-06-01,3,4,414,244,48,38
2024-06-02,3,4,414,368,48,27
2024-06-03,3,4,414,363,48,21
2024-06-04,3,4,414,307,48,40
2024-06-05,3,4,414,311,48,32
2024-06-06,3,4,414,363,48,28
2024-06-07,3,4,414,363,48,21
2024-06-08,3,4,414,289,48,19
2024-06-09,3,4,414,287,48,39
2024-06-10,3,4,414,314,48,35
2024-06-11,3,4,414,317,48,25
2024-06-12,3,4,414,337,48,42
2024-06-13,3,4,414,393,48,23
2024-06-14,3,4,414,262,48,27
2024-06-15,3,4,414,229,48,31
2024-06-16,3,4,414,274,48,21
2024-06-17,3,4,414,256,48,21
2024-06-18,3,4,414,230,48,27
2024-06-19,3,4,414,220,48,22
2024-06-20,3,4,414,391,48,33
2024-06-21,3,4,414,299,48,33
2024-06-22,3,4,414,255,48,39
2024-06-23,3,4,414,288,48,39
2024-06-24,3,4,414,369,48,24
2024-06-25,3,4,414,369,48,39
2024-06-26,3,4,414,263,48,41
2024-06-27,3,4,414,296,48,42
2024-06-28,3,4,414,383,48,35
2024-06-29,3,4,414,207,48,26
2024-06-30,3,4,414,298,48,20
2024-07-01,3,4,414,290,48,27
2024-07-02,3,4,414,371,48,21
2024-07-03,3,4,414,215,48,24
2024-07-04,3,4,414,223,48,22
2024-07-05,3,4,414,268,48,27
2024-07-06,3,4,414,235,48,29
2024-07-07,3,4,414,356,48,41
2024-07-08,3,4,414,287,48,39
2024-07-09,3,4,414,345,48,42
2024-07-10,3,4,414,348,48,32
2024-07-11,3,4,414,363,48,23
2024-07-12,3,4,414,313,48,20
2024-07-13,3,4,414,239,48,45
2024-07-14,3,4,414,379,48,24
2024-07-15,3,4,414,285,48,29
2024-07-16,3,4,414,383,48,28
2024-07-17,3,4,414,212,48,43
2024-07-18,3,4,414,245,48,31
2024-07-19,3,4,414,360,48,29
2024-07-20,3,4,414,283,48,25
2024-07-21,3,4,414,262,48,27
2024-07-22,3,4,414,251,48,25
2024-07-23,3,4,414,266,48,42
2024-07-24,3,4,414,385,48,32
2024-07-25,3,4,414,339,48,38
2024-07-26,3,4,414,232,48,45
2024-07-27,3,4,414,270,48,26
2024-07-28,3,4,414,270,48,43
2024-07-29,3,4,414,318,48,44
2024-07-30,3,4,414,369,48,41
2024-07-31,3,4,414,275,48,23
2024-08-01,3,4,414,283,48,39
2024-08-02,3,4,414,386,48,40
2024-08-03,3,4,414,267,48,27
2024-08-04,3,4,414,214,48,43
2024-08-05,3,4,414,230,48,34
2024-08-06,3,4,414,365,48,38
2024-08-07,3,4,414,285,48,33
2024-08-08,3,4,414,305,48,28
2024-08-09,3,4,414,350,48,24
2024-08-10,3,4,414,270,48,22
2024-08-11,3,4,414,359,48,43
2024-08-12,3,4,414,283,48,41
2024-08-13,3,4,414,284,48,20
2024-08-14,3,4,414,217,48,40
2024-08-15,3,4,414,390,48,25
2024-08-16,3,4,414,272,48,44
2024-08-17,3,4,414,333,48,43
2024-08-18,3,4,414,290,48,25
2024-08-19,3,4,414,283,48,25
2024-08-20,3,4,414,346,48,42
2024-08-21,3,4,414,281,48,31
2024-08-22,3,4,414,391,48,42
2024-08-23,3,4,414,343,48,24
2024-08-24,3,4,414,315,48,30
2024-08-25,3,4,414,226,48,44
2024-08-26,3,4,414,362,48,21
2024-08-27,3,4,414,352,48,19
2024-08-28,3,4,414,298,48,37
2024-08-29,3,4,414,324,48,22
2024-08-30,3,4,414,388,48,41
2024-08-31,3,4,414,354,48,32
2024-09-01,3,4,414,269,48,24
2024-09-02,3,4,414,350,48,29
2024-09-03,3,4,414,354,48,27
2024-09-04,3,4,414,213,48,31
2024-09-05,3,4,414,381,48,21
2024-09-06,3,4,414,319,48,33
2024-09-07,3,4,414,236,48,40
2024-09-08,3,4,414,365,48,43
2024-09-09,3,4,414,283,48,25
2024-09-10,3,4,414,214,48,37
2024-09-11,3,4,414,243,48,31
2024-09-12,3,4,414,232,48,32
2024-09-13,3,4,414,389,48,23
2024-09-14,3,4,414,253,48,43
2024-09-15,3,4,414,306,48,26
2024-09-16,3,4,414,348,48,45
2024-09-17,3,4,414,314,48,40
2024-09-18,3,4,414,284,48,31
2024-09-19,3,4,414,279,48,28
2024-09-20,3,4,414,313,48,19
2024-09-21,3,4,414,235,48,36
2024-09-22,3,4,414,378,48,22
2024-09-23,3,4,414,318,48,32
2024-09-24,3,4,414,355,48,29
2024-09-25,3,4,414,355,48,25
2024-09-26,3,4,414,219,48,33
2024-09-27,3,4,414,224,48,37
2024-09-28,3,4,414,381,48,44
2024-09-29,3,4,414,342,48,28
2024-09-30,3,4,414,388,48,34
2024-10-01,3,4,414,227,48,28
2024-10-02,3,4,414,225,48,43
2024-10-03,3,4,414,368,48,25
2024-10-04,3,4,414,355,48,23
2024-10-05,3,4,414,354,48,41
2024-10-06,3,4,414,387,48,23
2024-10-07,3,4,414,359,48,34
2024-10-08,3,4,414,307,48,43
2024-10-09,3,4,414,231,48,22
2024-10-10,3,4,414,360,48,35
2024-10-11,3,4,414,356,48,38
2024-10-12,3,4,414,326,48,19
2024-10-13,3,4,414,370,48,25
2024-10-14,3,4,414,265,48,25
2024-10-15,3,4,414,214,48,45
2024-10-16,3,4,414,227,48,45
2024-10-17,3,4,414,333,48,19
2024-10-18,3,4,414,382,48,36
2024-10-19,3,4,414,336,48,25
2024-10-20,3,4,414,315,48,33
2024-10-21,3,4,414,257,48,35
2024-10-22,3,4,414,217,48,35
2024-10-23,3,4,414,216,48,42
2024-10-24,3,4,414,306,48,28
2024-10-25,3,4,414,243,48,24
2024-10-26,3,4,414,281,48,21
2024-10-27,3,4,414,308,48,39
2024-10-28,3,4,414,373,48,43
2024-10-29,3,4,414,300,48,26
2024-10-30,3,4,414,315,48,26
2024-10-31,3,4,414,343,48,22
2024-11-01,3,4,414,277,48,38
2024-11-02,3,4,414,316,48,35
2024-11-03,3,4,414,308,48,43
2024-11-04,3,4,414,388,48,27
2024-11-05,3,4,414,266,48,34
2024-11-06,3,4,414,263,48,26
2024-11-07,3,4,414,320,48,41
2024-11-08,3,4,414,383,48,41
2024-11-09,3,4,414,243,48,41
2024-11-10,3,4,414,355,48,37
2024-11-11,3,4,414,293,48,36
2024-11-12,3,4,414,358,48,26
2024-11-13,3,4,414,311,48,28
2024-11-14,3,4,414,287,48,34
2024-11-15,3,4,414,245,48,27
2024-11-16,3,4,414,308,48,45
2024-11-17,3,4,414,329,48,23
2024-11-18,3,4,414,347,48,25
2024-11-19,3,4,414,237,48,42
2024-11-20,3,4,414,300,48,30
2024-11-21,3,4,414,341,48,28
2024-11-22,3,4,414,387,48,28
2024-11-23,3,4,414,322,48,25
2024-11-24,3,4,414,345,48,38
2024-11-25,3,4,414,326,48,27
2024-11-26,3,4,414,232,48,22
2024-11-27,3,4,414,251,48,44
2024-11-28,3,4,414,368,48,27
2024-11-29,3,4,414,238,48,22
2024-11-30,3,4,414,235,48,24
2024-12-01,3,4,414,387,48,40
2024-12-02,3,4,414,338,48,43
2024-12-03,3,4,414,259,48,30
2024-12-04,3,4,414,330,48,40
2024-12-05,3,4,414,322,48,25
2024-12-06,3,4,414,282,48,29
2024-12-07,3,4,414,247,48,44
2024-12-08,3,4,414,369,48,29
2024-12-09,3,4,414,263,48,37
2024-12-10,3,4,414,377,48,29
2024-12-11,3,4,414,223,48,36
2024-12-12,3,4,414,358,48,29
2024-12-13,3,4,414,224,48,39
2024-12-14,3,4,414,385,48,32
2024-12-15,3,4,414,340,48,27
2024-12-16,3,4,414,253,48,30
2024-12-17,3,4,414,209,48,35
2024-12-18,3,4,414,374,48,40
2024-12-19,3,4,414,289,48,23
2024-12-20,3,4,414,369,48,20
2024-12-21,3,4,414,351,48,25
2024-12-22,3,4,414,271,48,37
2024-12-23,3,4,414,234,48,19
2024-12-24,3,4,414,216,48,40
2024-12-25,3,4,414,242,48,34
2024-12-26,3,4,414,337,48,25
2024-12-27,3,4,414,270,48,31
2024-12-28,3,4,414,306,48,25
2024-12-29,3,4,414,348,48,36
2024-12-30,3,4,414,288,48,33
2024-12-31,3,4,414,217,48,44
2023-01-01,3,5,414,233,48,24
2023-01-02,3,5,414,294,48,45
2023-01-03,3,5,414,222,48,26
2023-01-04,3,5,414,365,48,20
2023-01-05,3,5,414,280,48,27
2023-01-06,3,5,414,248,48,31
2023-01-07,3,5,414,390,48,27
2023-01-08,3,5,414,336,48,29
2023-01-09,3,5,414,224,48,34
2023-01-10,3,5,414,380,48,19
2023-01-11,3,5,414,317,48,19
2023-01-12,3,5,414,338,48,36
2023-01-13,3,5,414,347,48,20
2023-01-14,3,5,414,352,48,37
2023-01-15,3,5,414,308,48,28
2023-01-16,3,5,414,276,48,29
2023-01-17,3,5,414,358,48,21
2023-01-18,3,5,414,249,48,29
2023-01-19,3,5,414,375,48,36
2023-01-20,3,5,414,389,48,20
2023-01-21,3,5,414,250,48,27
2023-01-22,3,5,414,301,48,42
2023-01-23,3,5,414,390,48,44
2023-01-24,3,5,414,213,48,43
2023-01-25,3,5,414,255,48,39
2023-01-26,3,5,414,361,48,37
2023-01-27,3,5,414,240,48,30
2023-01-28,3,5,414,268,48,34
2023-01-29,3,5,414,219,48,21
2023-01-30,3,5,414,219,48,43
2023-01-31,3,5,414,266,48,40
2023-02-01,3,5,414,218,48,42
2023-02-02,3,5,414,311,48,31
2023-02-03,3,5,414,313,48,44
2023-02-04,3,5,414,224,48,42
2023-02-05,3,5,414,223,48,40
2023-02-06,3,5,414,349,48,20
2023-02-07,3,5,414,288,48,41
2023-02-08,3,5,414,362,48,23
2023-02-09,3,5,414,297,48,33
2023-02-10,3,5,414,339,48,23
2023-02-11,3,5,414,348,48,20
2023-02-12,3,5,414,300,48,28
2023-02-13,3,5,414,351,48,44
2023-02-14,3,5,414,300,48,32
2023-02-15,3,5,414,333,48,36
2023-02-16,3,5,414,353,48,30
2023-02-17,3,5,414,364,48,21
2023-02-18,3,5,414,222,48,21
2023-02-19,3,5,414,368,48,45
2023-02-20,3,5,414,303,48,32
2023-02-21,3,5,414,348,48,44
2023-02-22,3,5,414,270,48,37
2023-02-23,3,5,414,307,48,33
2023-02-24,3,5,414,283,48,25
2023-02-25,3,5,414,378,48,20
2023-02-26,3,5,414,357,48,35
2023-02-27,3,5,414,307,48,26
2023-02-28,3,5,414,361,48,33
2023-03-01,3,5,414,238,48,26
2023-03-02,3,5,414,219,48,21
2023-03-03,3,5,414,208,48,44
2023-03-04,3,5,414,385,48,41
2023-03-05,3,5,414,304,48,35
2023-03-06,3,5,414,214,48,44
2023-03-07,3,5,414,342,48,19
2023-03-08,3,5,414,207,48,35
2023-03-09,3,5,414,280,48,26
2023-03-10,3,5,414,349,48,44
2023-03-11,3,5,414,281,48,32
2023-03-12,3,5,414,217,48,20
2023-03-13,3,5,414,209,48,41
2023-03-14,3,5,414,247,48,23
2023-03-15,3,5,414,289,48,45
2023-03-16,3,5,414,323,48,38
2023-03-17,3,5,414,235,48,19
2023-03-18,3,5,414,327,48,23
2023-03-19,3,5,414,271,48,43
2023-03-20,3,5,414,325,48,40
2023-03-21,3,5,414,295,48,27
2023-03-22,3,5,414,325,48,30
2023-03-23,3,5,414,375,48,40
2023-03-24,3,5,414,230,48,36
2023-03-25,3,5,414,375,48,41
2023-03-26,3,5,414,257,48,44
2023-03-27,3,5,414,345,48,21
2023-03-28,3,5,414,215,48,35
2023-03-29,3,5,414,318,48,19
2023-03-30,3,5,414,371,48,37
2023-03-31,3,5,414,229,48,27
2023-04-01,3,5,414,293,48,43
2023-04-02,3,5,414,307,48,45
2023-04-03,3,5,414,351,48,28
2023-04-04,3,5,414,358,48,19
2023-04-05,3,5,414,361,48,26
2023-04-06,3,5,414,384,48,30
2023-04-07,3,5,414,333,48,36
2023-04-08,3,5,414,304,48,43
2023-04-09,3,5,414,336,48,29
2023-04-10,3,5,414,376,48,34
2023-04-11,3,5,414,393,48,43
2023-04-12,3,5,414,265,48,31
2023-04-13,3,5,414,223,48,44
2023-04-14,3,5,414,237,48,19
2023-04-15,3,5,414,343,48,38
2023-04-16,3,5,414,236,48,34
2023-04-17,3,5,414,284,48,29
2023-04-18,3,5,414,391,48,19
2023-04-19,3,5,414,298,48,35
2023-04-20,3,5,414,368,48,36
2023-04-21,3,5,414,217,48,39
2023-04-22,3,5,414,347,48,27
2023-04-23,3,5,414,350,48,40
2023-04-24,3,5,414,286,48,29
2023-04-25,3,5,414,345,48,43
2023-04-26,3,5,414,268,48,43
2023-04-27,3,5,414,359,48,34
2023-04-28,3,5,414,282,48,26
2023-04-29,3,5,414,348,48,35
2023-04-30,3,5,414,370,48,31
2023-05-01,3,5,414,232,48,25
2023-05-02,3,5,414,297,48,44
2023-05-03,3,5,414,374,48,19
2023-05-04,3,5,414,253,48,25
2023-05-05,3,5,414,207,48,44
2023-05-06,3,5,414,327,48,43
2023-05-07,3,5,414,262,48,26
2023-05-08,3,5,414,207,48,41
2023-05-09,3,5,414,312,48,24
2023-05-10,3,5,414,234,48,41
2023-05-11,3,5,414,375,48,30
2023-05-12,3,5,414,376,48,41
2023-05-13,3,5,414,381,48,42
2023-05-14,3,5,414,351,48,22
2023-05-15,3,5,414,385,48,26
2023-05-16,3,5,414,251,48,35
2023-05-17,3,5,414,264,48,26
2023-05-18,3,5,414,372,48,27
2023-05-19,3,5,414,226,48,24
2023-05-20,3,5,414,229,48,39
2023-05-21,3,5,414,286,48,43
2023-05-22,3,5,414,271,48,25
2023-05-23,3,5,414,341,48,44
2023-05-24,3,5,414,273,48,44
2023-05-25,3,5,414,274,48,21
2023-05-26,3,5,414,353,48,31
2023-05-27,3,5,414,354,48,26
2023-05-28,3,5,414,376,48,34
2023-05-29,3,5,414,244,48,25
2023-05-30,3,5,414,365,48,43
2023-05-31,3,5,414,360,48,32
2023-06-01,3,5,414,214,48,39
2023-06-02,3,5,414,304,48,24
2023-06-03,3,5,414,355,48,39
2023-06-04,3,5,414,316,48,20
2023-06-05,3,5,414,245,48,23
2023-06-06,3,5,414,353,48,43
2023-06-07,3,5,414,300,48,20
2023-06-08,3,5,414,311,48,22
2023-06-09,3,5,414,278,48,42
2023-06-10,3,5,414,218,48,32
2023-06-11,3,5,414,287,48,29
2023-06-12,3,5,414,382,48,28
2023-06-13,3,5,414,286,48,30
2023-06-14,3,5,414,339,48,33
2023-06-15,3,5,414,288,48,20
2023-06-16,3,5,414,316,48,29
2023-06-17,3,5,414,231,48,43
2023-06-18,3,5,414,338,48,28
2023-06-19,3,5,414,319,48,42
2023-06-20,3,5,414,277,48,35
2023-06-21,3,5,414,309,48,44
2023-06-22,3,5,414,273,48,34
2023-06-23,3,5,414,272,48,38
2023-06-24,3,5,414,305,48,40
2023-06-25,3,5,414,300,48,21
2023-06-26,3,5,414,257,48,39
2023-06-27,3,5,414,346,48,37
2023-06-28,3,5,414,371,48,24
2023-06-29,3,5,414,325,48,29
2023-06-30,3,5,414,289,48,23
2023-07-01,3,5,414,225,48,27
2023-07-02,3,5,414,323,48,30
2023-07-03,3,5,414,241,48,42
2023-07-04,3,5,414,219,48,30
2023-07-05,3,5,414,326,48,22
2023-07-06,3,5,414,281,48,21
2023-07-07,3,5,414,319,48,41
2023-07-08,3,5,414,214,48,24
2023-07-09,3,5,414,238,48,35
2023-07-10,3,5,414,253,48,39
2023-07-11,3,5,414,240,48,26
2023-07-12,3,5,414,294,48,36
2023-07-13,3,5,414,375,48,22
2023-07-14,3,5,414,254,48,26
2023-07-15,3,5,414,346,48,36
2023-07-16,3,5,414,374,48,29
2023-07-17,3,5,414,210,48,35
2023-07-18,3,5,414,366,48,21
2023-07-19,3,5,414,252,48,31
2023-07-20,3,5,414,264,48,45
2023-07-21,3,5,414,301,48,27
2023-07-22,3,5,414,379,48,32
2023-07-23,3,5,414,289,48,31
2023-07-24,3,5,414,374,48,30
2023-07-25,3,5,414,215,48,37
2023-07-26,3,5,414,255,48,39
2023-07-27,3,5,414,372,48,38
2023-07-28,3,5,414,265,48,23
2023-07-29,3,5,414,312,48,21
2023-07-30,3,5,414,389,48,27
2023-07-31,3,5,414,363,48,40
2023-08-01,3,5,414,244,48,35
2023-08-02,3,5,414,319,48,27
2023-08-03,3,5,414,217,48,42
2023-08-04,3,5,414,215,48,20
2023-08-05,3,5,414,312,48,28
2023-08-06,3,5,414,282,48,28
2023-08-07,3,5,414,352,48,29
2023-08-08,3,5,414,381,48,35
2023-08-09,3,5,414,240,48,26
2023-08-10,3,5,414,288,48,38
2023-08-11,3,5,414,323,48,41
2023-08-12,3,5,414,232,48,32
2023-08-13,3,5,414,291,48,30
2023-08-14,3,5,414,211,48,19
2023-08-15,3,5,414,392,48,31
2023-08-16,3,5,414,303,48,41
2023-08-17,3,5,414,279,48,42
2023-08-18,3,5,414,264,48,35
2023-08-19,3,5,414,274,48,44
2023-08-20,3,5,414,269,48,25
2023-08-21,3,5,414,376,48,45
2023-08-22,3,5,414,216,48,45
2023-08-23,3,5,414,285,48,35
2023-08-24,3,5,414,227,48,42
2023-08-25,3,5,414,338,48,35
2023-08-26,3,5,414,210,48,31
2023-08-27,3,5,414,357,48,41
2023-08-28,3,5,414,215,48,41
2023-08-29,3,5,414,328,48,25
2023-08-30,3,5,414,379,48,25
2023-08-31,3,5,414,326,48,22
2023-09-01,3,5,414,241,48,31
2023-09-02,3,5,414,265,48,39
2023-09-03,3,5,414,265,48,40
2023-09-04,3,5,414,261,48,25
2023-09-05,3,5,414,270,48,23
2023-09-06,3,5,414,363,48,27
2023-09-07,3,5,414,271,48,23
2023-09-08,3,5,414,227,48,41
2023-09-09,3,5,414,253,48,29
2023-09-10,3,5,414,249,48,34
2023-09-11,3,5,414,246,48,42
2023-09-12,3,5,414,315,48,42
2023-09-13,3,5,414,330,48,44
2023-09-14,3,5,414,386,48,38
2023-09-15,3,5,414,385,48,42
2023-09-16,3,5,414,349,48,26
2023-09-17,3,5,414,270,48,27
2023-09-18,3,5,414,226,48,33
2023-09-19,3,5,414,354,48,20
2023-09-20,3,5,414,345,48,45
2023-09-21,3,5,414,238,48,36
2023-09-22,3,5,414,208,48,34
2023-09-23,3,5,414,276,48,37
2023-09-24,3,5,414,371,48,42
2023-09-25,3,5,414,354,48,38
2023-09-26,3,5,414,281,48,39
2023-09-27,3,5,414,269,48,31
2023-09-28,3,5,414,267,48,38
2023-09-29,3,5,414,302,48,41
2023-09-30,3,5,414,280,48,26
2023-10-01,3,5,414,362,48,45
2023-10-02,3,5,414,274,48,19
2023-10-03,3,5,414,262,48,41
2023-10-04,3,5,414,221,48,45
2023-10-05,3,5,414,378,48,38
2023-10-06,3,5,414,368,48,45
2023-10-07,3,5,414,369,48,19
2023-10-08,3,5,414,263,48,29
2023-10-09,3,5,414,240,48,26
2023-10-10,3,5,414,271,48,44
2023-10-11,3,5,414,386,48,36
2023-10-12,3,5,414,239,48,44
2023-10-13,3,5,414,238,48,27
2023-10-14,3,5,414,386,48,33
2023-10-15,3,5,414,269,48,39
2023-10-16,3,5,414,387,48,26
2023-10-17,3,5,414,337,48,33
2023-10-18,3,5,414,223,48,25
2023-10-19,3,5,414,285,48,23
2023-10-20,3,5,414,285,48,26
2023-10-21,3,5,414,227,48,39
2023-10-22,3,5,414,318,48,41
2023-10-23,3,5,414,334,48,34
2023-10-24,3,5,414,232,48,21
2023-10-25,3,5,414,293,48,33
2023-10-26,3,5,414,305,48,29
2023-10-27,3,5,414,313,48,40
2023-10-28,3,5,414,267,48,33
2023-10-29,3,5,414,262,48,39
2023-10-30,3,5,414,348,48,25
2023-10-31,3,5,414,361,48,19
2023-11-01,3,5,414,317,48,23
2023-11-02,3,5,414,351,48,20
2023-11-03,3,5,414,273,48,25
2023-11-04,3,5,414,321,48,43
2023-11-05,3,5,414,282,48,30
2023-11-06,3,5,414,219,48,32
2023-11-07,3,5,414,207,48,39
2023-11-08,3,5,414,357,48,38
2023-11-09,3,5,414,263,48,34
2023-11-10,3,5,414,358,48,38
2023-11-11,3,5,414,312,48,31
2023-11-12,3,5,414,242,48,22
2023-11-13,3,5,414,227,48,22
2023-11-14,3,5,414,241,48,41
2023-11-15,3,5,414,366,48,42
2023-11-16,3,5,414,370,48,29
2023-11-17,3,5,414,375,48,43
2023-11-18,3,5,414,326,48,26
2023-11-19,3,5,414,273,48,22
2023-11-20,3,5,414,361,48,26
2023-11-21,3,5,414,316,48,39
2023-11-22,3,5,414,305,48,40
2023-11-23,3,5,414,345,48,33
2023-11-24,3,5,414,265,48,19
2023-11-25,3,5,414,350,48,26
2023-11-26,3,5,414,381,48,21
2023-11-27,3,5,414,327,48,27
2023-11-28,3,5,414,256,48,20
2023-11-29,3,5,414,218,48,41
2023-11-30,3,5,414,240,48,44
2023-12-01,3,5,414,258,48,45
2023-12-02,3,5,414,287,48,43
2023-12-03,3,5,414,337,48,30
2023-12-04,3,5,414,258,48,44
2023-12-05,3,5,414,366,48,38
2023-12-06,3,5,414,256,48,42
2023-12-07,3,5,414,353,48,25
2023-12-08,3,5,414,341,48,27
2023-12-09,3,5,414,303,48,20
2023-12-10,3,5,414,378,48,41
2023-12-11,3,5,414,217,48,44
2023-12-12,3,5,414,330,48,19
2023-12-13,3,5,414,223,48,44
2023-12-14,3,5,414,269,48,25
2023-12-15,3,5,414,367,48,34
2023-12-16,3,5,414,237,48,29
2023-12-17,3,5,414,271,48,44
2023-12-18,3,5,414,273,48,32
2023-12-19,3,5,414,316,48,35
2023-12-20,3,5,414,391,48,39
2023-12-21,3,5,414,296,48,37
2023-12-22,3,5,414,298,48,32
2023-12-23,3,5,414,391,48,38
2023-12-24,3,5,414,306,48,23
2023-12-25,3,5,414,243,48,21
2023-12-26,3,5,414,282,48,34
2023-12-27,3,5,414,269,48,25
2023-12-28,3,5,414,332,48,30
2023-12-29,3,5,414,273,48,26
2023-12-30,3,5,414,376,48,27
2023-12-31,3,5,414,291,48,31
2024-01-01,3,5,414,232,48,36
2024-01-02,3,5,414,327,48,35
2024-01-03,3,5,414,230,48,28
2024-01-04,3,5,414,310,48,42
2024-01-05,3,5,414,246,48,29
2024-01-06,3,5,414,381,48,45
2024-01-07,3,5,414,224,48,25
2024-01-08,3,5,414,299,48,37
2024-01-09,3,5,414,272,48,41
2024-01-10,3,5,414,259,48,41
2024-01-11,3,5,414,339,48,32
2024-01-12,3,5,414,348,48,25
2024-01-13,3,5,414,390,48,32
2024-01-14,3,5,414,340,48,44
2024-01-15,3,5,414,359,48,27
2024-01-16,3,5,414,386,48,31
2024-01-17,3,5,414,274,48,43
2024-01-18,3,5,414,309,48,22
2024-01-19,3,5,414,236,48,37
2024-01-20,3,5,414,376,48,19
2024-01-21,3,5,414,289,48,40
2024-01-22,3,5,414,382,48,23
2024-01-23,3,5,414,271,48,20
2024-01-24,3,5,414,217,48,38
2024-01-25,3,5,414,384,48,41
2024-01-26,3,5,414,305,48,23
2024-01-27,3,5,414,281,48,27
2024-01-28,3,5,414,354,48,42
2024-01-29,3,5,414,298,48,33
2024-01-30,3,5,414,254,48,39
2024-01-31,3,5,414,370,48,38
2024-02-01,3,5,414,287,48,42
2024-02-02,3,5,414,314,48,20
2024-02-03,3,5,414,280,48,27
2024-02-04,3,5,414,296,48,33
2024-02-05,3,5,414,325,48,28
2024-02-06,3,5,414,251,48,35
2024-02-07,3,5,414,263,48,29
2024-02-08,3,5,414,356,48,24
2024-02-09,3,5,414,318,48,43
2024-02-10,3,5,414,247,48,43
2024-02-11,3,5,414,367,48,25
2024-02-12,3,5,414,361,48,42
2024-02-13,3,5,414,333,48,27
2024-02-14,3,5,414,383,48,23
2024-02-15,3,5,414,333,48,36
2024-02-16,3,5,414,348,48,36
2024-02-17,3,5,414,376,48,41
2024-02-18,3,5,414,293,48,40
2024-02-19,3,5,414,356,48,40
2024-02-20,3,5,414,315,48,20
2024-02-21,3,5,414,370,48,36
2024-02-22,3,5,414,260,48,29
2024-02-23,3,5,414,317,48,31
2024-02-24,3,5,414,210,48,37
2024-02-25,3,5,414,250,48,23
2024-02-26,3,5,414,306,48,35
2024-02-27,3,5,414,382,48,38
2024-02-28,3,5,414,225,48,33
2024-02-29,3,5,414,305,48,44
2024-03-01,3,5,414,254,48,35
2024-03-02,3,5,414,303,48,42
2024-03-03,3,5,414,392,48,23
2024-03-04,3,5,414,238,48,31
2024-03-05,3,5,414,364,48,27
2024-03-06,3,5,414,310,48,33
2024-03-07,3,5,414,313,48,30
2024-03-08,3,5,414,209,48,40
2024-03-09,3,5,414,393,48,28
2024-03-10,3,5,414,314,48,45
2024-03-11,3,5,414,325,48,22
2024-03-12,3,5,414,209,48,33
2024-03-13,3,5,414,336,48,38
2024-03-14,3,5,414,209,48,22
2024-03-15,3,5,414,230,48,37
2024-03-16,3,5,414,211,48,23
2024-03-17,3,5,414,392,48,23
2024-03-18,3,5,414,285,48,27
2024-03-19,3,5,414,337,48,20
2024-03-20,3,5,414,366,48,26
2024-03-21,3,5,414,329,48,37
2024-03-22,3,5,414,248,48,19
2024-03-23,3,5,414,267,48,34
2024-03-24,3,5,414,356,48,40
2024-03-25,3,5,414,227,48,32
2024-03-26,3,5,414,376,48,40
2024-03-27,3,5,414,373,48,45
2024-03-28,3,5,414,225,48,33
2024-03-29,3,5,414,319,48,27
2024-03-30,3,5,414,379,48,36
2024-03-31,3,5,414,369,48,20
2024-04-01,3,5,414,383,48,24
2024-04-02,3,5,414,348,48,24
2024-04-03,3,5,414,270,48,31
2024-04-04,3,5,414,375,48,22
2024-04-05,3,5,414,255,48,42
2024-04-06,3,5,414,226,48,44
2024-04-07,3,5,414,310,48,43
2024-04-08,3,5,414,220,48,45
2024-04-09,3,5,414,305,48,39
2024-04-10,3,5,414,318,48,39
2024-04-11,3,5,414,214,48,20
2024-04-12,3,5,414,274,48,30
2024-04-13,3,5,414,370,48,32
2024-04-14,3,5,414,325,48,30
2024-04-15,3,5,414,207,48,41
2024-04-16,3,5,414,364,48,29
2024-04-17,3,5,414,209,48,44
2024-04-18,3,5,414,260,48,20
2024-04-19,3,5,414,256,48,33
2024-04-20,3,5,414,279,48,32
2024-04-21,3,5,414,378,48,22
2024-04-22,3,5,414,355,48,42
2024-04-23,3,5,414,220,48,35
2024-04-24,3,5,414,303,48,25
2024-04-25,3,5,414,260,48,23
2024-04-26,3,5,414,238,48,27
2024-04-27,3,5,414,302,48,29
2024-04-28,3,5,414,372,48,32
2024-04-29,3,5,414,333,48,28
2024-04-30,3,5,414,386,48,35
2024-05-01,3,5,414,326,48,39
2024-05-02,3,5,414,208,48,38
2024-05-03,3,5,414,313,48,32
2024-05-04,3,5,414,249,48,26
2024-05-05,3,5,414,293,48,29
2024-05-06,3,5,414,287,48,41
2024-05-07,3,5,414,262,48,34
2024-05-08,3,5,414,391,48,27
2024-05-09,3,5,414,327,48,43
2024-05-10,3,5,414,243,48,31
2024-05-11,3,5,414,366,48,21
2024-05-12,3,5,414,314,48,29
2024-05-13,3,5,414,263,48,38
2024-05-14,3,5,414,298,48,21
2024-05-15,3,5,414,286,48,19
2024-05-16,3,5,414,359,48,43
2024-05-17,3,5,414,246,48,30
2024-05-18,3,5,414,332,48,35
2024-05-19,3,5,414,324,48,42
2024-05-20,3,5,414,295,48,44
2024-05-21,3,5,414,344,48,28
2024-05-22,3,5,414,322,48,43
2024-05-23,3,5,414,378,48,23
2024-05-24,3,5,414,229,48,25
2024-05-25,3,5,414,336,48,25
2024-05-26,3,5,414,320,48,40
2024-05-27,3,5,414,378,48,19
2024-05-28,3,5,414,367,48,22
2024-05-29,3,5,414,319,48,40
2024-05-30,3,5,414,364,48,19
2024-05-31,3,5,414,229,48,25
2024-06-01,3,5,414,312,48,25
2024-06-02,3,5,414,387,48,27
2024-06-03,3,5,414,224,48,19
2024-06-04,3,5,414,269,48,21
2024-06-05,3,5,414,317,48,43
2024-06-06,3,5,414,304,48,37
2024-06-07,3,5,414,350,48,45
2024-06-08,3,5,414,291,48,23
2024-06-09,3,5,414,372,48,28
2024-06-10,3,5,414,239,48,29
2024-06-11,3,5,414,324,48,28
2024-06-12,3,5,414,373,48,31
2024-06-13,3,5,414,227,48,27
2024-06-14,3,5,414,386,48,38
2024-06-15,3,5,414,284,48,32
2024-06-16,3,5,414,249,48,23
2024-06-17,3,5,414,382,48,35
2024-06-18,3,5,414,315,48,37
2024-06-19,3,5,414,224,48,41
2024-06-20,3,5,414,247,48,19
2024-06-21,3,5,414,349,48,40
2024-06-22,3,5,414,367,48,27
2024-06-23,3,5,414,361,48,36
2024-06-24,3,5,414,251,48,20
2024-06-25,3,5,414,365,48,34
2024-06-26,3,5,414,227,48,38
2024-06-27,3,5,414,277,48,42
2024-06-28,3,5,414,260,48,41
2024-06-29,3,5,414,389,48,20
2024-06-30,3,5,414,295,48,39
2024-07-01,3,5,414,364,48,26
2024-07-02,3,5,414,264,48,26
2024-07-03,3,5,414,277,48,23
2024-07-04,3,5,414,214,48,26
2024-07-05,3,5,414,239,48,31
2024-07-06,3,5,414,274,48,42
2024-07-07,3,5,414,274,48,29
2024-07-08,3,5,414,290,48,44
2024-07-09,3,5,414,256,48,44
2024-07-10,3,5,414,352,48,29
2024-07-11,3,5,414,372,48,27
2024-07-12,3,5,414,310,48,41
2024-07-13,3,5,414,209,48,44
2024-07-14,3,5,414,261,48,38
2024-07-15,3,5,414,238,48,23
2024-07-16,3,5,414,310,48,43
2024-07-17,3,5,414,234,48,32
2024-07-18,3,5,414,373,48,36
2024-07-19,3,5,414,338,48,24
2024-07-20,3,5,414,289,48,30
2024-07-21,3,5,414,381,48,23
2024-07-22,3,5,414,315,48,40
2024-07-23,3,5,414,229,48,37
2024-07-24,3,5,414,344,48,23
2024-07-25,3,5,414,223,48,28
2024-07-26,3,5,414,300,48,45
2024-07-27,3,5,414,320,48,19
2024-07-28,3,5,414,316,48,38
2024-07-29,3,5,414,215,48,29
2024-07-30,3,5,414,385,48,34
2024-07-31,3,5,414,302,48,21
2024-08-01,3,5,414,358,48,25
2024-08-02,3,5,414,331,48,36
2024-08-03,3,5,414,352,48,42
2024-08-04,3,5,414,253,48,40
2024-08-05,3,5,414,331,48,34
2024-08-06,3,5,414,303,48,35
2024-08-07,3,5,414,385,48,21
2024-08-08,3,5,414,291,48,42
2024-08-09,3,5,414,372,48,24
2024-08-10,3,5,414,247,48,30
2024-08-11,3,5,414,263,48,35
2024-08-12,3,5,414,382,48,25
2024-08-13,3,5,414,355,48,41
2024-08-14,3,5,414,374,48,26
2024-08-15,3,5,414,250,48,20
2024-08-16,3,5,414,378,48,43
2024-08-17,3,5,414,377,48,35
2024-08-18,3,5,414,385,48,35
2024-08-19,3,5,414,323,48,45
2024-08-20,3,5,414,297,48,28
2024-08-21,3,5,414,218,48,39
2024-08-22,3,5,414,244,48,44
2024-08-23,3,5,414,208,48,41
2024-08-24,3,5,414,239,48,45
2024-08-25,3,5,414,326,48,27
2024-08-26,3,5,414,391,48,41
2024-08-27,3,5,414,217,48,20
2024-08-28,3,5,414,322,48,26
2024-08-29,3,5,414,235,48,41
2024-08-30,3,5,414,259,48,45
2024-08-31,3,5,414,358,48,45
2024-09-01,3,5,414,322,48,29
2024-09-02,3,5,414,208,48,23
2024-09-03,3,5,414,305,48,35
2024-09-04,3,5,414,329,48,26
2024-09-05,3,5,414,216,48,41
2024-09-06,3,5,414,252,48,29
2024-09-07,3,5,414,315,48,24
2024-09-08,3,5,414,352,48,30
2024-09-09,3,5,414,254,48,41
2024-09-10,3,5,414,226,48,38
2024-09-11,3,5,414,378,48,21
2024-09-12,3,5,414,272,48,34
2024-09-13,3,5,414,232,48,26
2024-09-14,3,5,414,284,48,35
2024-09-15,3,5,414,371,48,28
2024-09-16,3,5,414,314,48,36
2024-09-17,3,5,414,282,48,35
2024-09-18,3,5,414,290,48,43
2024-09-19,3,5,414,315,48,27
2024-09-20,3,5,414,346,48,26
2024-09-21,3,5,414,338,48,41
2024-09-22,3,5,414,311,48,24
2024-09-23,3,5,414,288,48,21
2024-09-24,3,5,414,296,48,20
2024-09-25,3,5,414,348,48,25
2024-09-26,3,5,414,348,48,43
2024-09-27,3,5,414,230,48,26
2024-09-28,3,5,414,228,48,40
2024-09-29,3,5,414,337,48,26
2024-09-30,3,5,414,332,48,42
2024-10-01,3,5,414,375,48,38
2024-10-02,3,5,414,296,48,42
2024-10-03,3,5,414,273,48,40
2024-10-04,3,5,414,230,48,20
2024-10-05,3,5,414,333,48,20
2024-10-06,3,5,414,380,48,31
2024-10-07,3,5,414,369,48,29
2024-10-08,3,5,414,277,48,37
2024-10-09,3,5,414,254,48,32
2024-10-10,3,5,414,297,48,36
2024-10-11,3,5,414,374,48,38
2024-10-12,3,5,414,279,48,41
2024-10-13,3,5,414,318,48,34
2024-10-14,3,5,414,326,48,20
2024-10-15,3,5,414,317,48,32
2024-10-16,3,5,414,365,48,30
2024-10-17,3,5,414,372,48,23
2024-10-18,3,5,414,282,48,21
2024-10-19,3,5,414,250,48,38
2024-10-20,3,5,414,329,48,36
2024-10-21,3,5,414,285,48,38
2024-10-22,3,5,414,231,48,25
2024-10-23,3,5,414,221,48,29
2024-10-24,3,5,414,274,48,25
2024-10-25,3,5,414,311,48,31
2024-10-26,3,5,414,353,48,40
2024-10-27,3,5,414,312,48,25
2024-10-28,3,5,414,227,48,25
2024-10-29,3,5,414,279,48,25
2024-10-30,3,5,414,290,48,30
2024-10-31,3,5,414,208,48,19
2024-11-01,3,5,414,279,48,28
2024-11-02,3,5,414,361,48,19
2024-11-03,3,5,414,229,48,43
2024-11-04,3,5,414,278,48,33
2024-11-05,3,5,414,234,48,38
2024-11-06,3,5,414,238,48,35
2024-11-07,3,5,414,232,48,28
2024-11-08,3,5,414,217,48,25
2024-11-09,3,5,414,289,48,44
2024-11-10,3,5,414,270,48,29
2024-11-11,3,5,414,275,48,45
2024-11-12,3,5,414,222,48,30
2024-11-13,3,5,414,376,48,19
2024-11-14,3,5,414,238,48,43
2024-11-15,3,5,414,320,48,28
2024-11-16,3,5,414,290,48,44
2024-11-17,3,5,414,231,48,33
2024-11-18,3,5,414,267,48,40
2024-11-19,3,5,414,346,48,29
2024-11-20,3,5,414,223,48,36
2024-11-21,3,5,414,279,48,20
2024-11-22,3,5,414,370,48,33
2024-11-23,3,5,414,326,48,29
2024-11-24,3,5,414,327,48,27
2024-11-25,3,5,414,219,48,32
2024-11-26,3,5,414,375,48,45
2024-11-27,3,5,414,299,48,25
2024-11-28,3,5,414,318,48,38
2024-11-29,3,5,414,260,48,21
2024-11-30,3,5,414,229,48,33
2024-12-01,3,5,414,359,48,23
2024-12-02,3,5,414,390,48,39
2024-12-03,3,5,414,291,48,22
2024-12-04,3,5,414,355,48,31
2024-12-05,3,5,414,357,48,31
2024-12-06,3,5,414,316,48,22
2024-12-07,3,5,414,336,48,27
2024-12-08,3,5,414,290,48,35
2024-12-09,3,5,414,382,48,39
2024-12-10,3,5,414,291,48,25
2024-12-11,3,5,414,335,48,27
2024-12-12,3,5,414,235,48,34
2024-12-13,3,5,414,302,48,27
2024-12-14,3,5,414,244,48,32
2024-12-15,3,5,414,348,48,43
2024-12-16,3,5,414,385,48,19
2024-12-17,3,5,414,356,48,30
2024-12-18,3,5,414,267,48,25
2024-12-19,3,5,414,351,48,45
2024-12-20,3,5,414,355,48,27
2024-12-21,3,5,414,322,48,40
2024-12-22,3,5,414,364,48,19
2024-12-23,3,5,414,217,48,21
2024-12-24,3,5,414,236,48,26
2024-12-25,3,5,414,389,48,30
2024-12-26,3,5,414,308,48,41
2024-12-27,3,5,414,387,48,33
2024-12-28,3,5,414,378,48,21
2024-12-29,3,5,414,331,48,43
2024-12-30,3,5,414,250,48,42
2024-12-31,3,5,414,339,48,19
2023-01-01,3,6,414,318,48,31
2023-01-02,3,6,414,350,48,44
2023-01-03,3,6,414,255,48,41
2023-01-04,3,6,414,325,48,23
2023-01-05,3,6,414,341,48,34
2023-01-06,3,6,414,263,48,20
2023-01-07,3,6,414,224,48,41
2023-01-08,3,6,414,329,48,30
2023-01-09,3,6,414,238,48,44
2023-01-10,3,6,414,236,48,28
2023-01-11,3,6,414,262,48,43
2023-01-12,3,6,414,374,48,29
2023-01-13,3,6,414,363,48,41
2023-01-14,3,6,414,288,48,34
2023-01-15,3,6,414,282,48,36
2023-01-16,3,6,414,331,48,39
2023-01-17,3,6,414,341,48,40
2023-01-18,3,6,414,384,48,19
2023-01-19,3,6,414,351,48,20
2023-01-20,3,6,414,290,48,41
2023-01-21,3,6,414,219,48,43
2023-01-22,3,6,414,290,48,21
2023-01-23,3,6,414,258,48,33
2023-01-24,3,6,414,211,48,19
2023-01-25,3,6,414,328,48,45
2023-01-26,3,6,414,392,48,34
2023-01-27,3,6,414,270,48,38
2023-01-28,3,6,414,347,48,35
2023-01-29,3,6,414,295,48,35
2023-01-30,3,6,414,327,48,33
2023-01-31,3,6,414,243,48,29
2023-02-01,3,6,414,219,48,44
2023-02-02,3,6,414,375,48,20
2023-02-03,3,6,414,274,48,19
2023-02-04,3,6,414,391,48,40
2023-02-05,3,6,414,335,48,38
2023-02-06,3,6,414,286,48,38
2023-02-07,3,6,414,251,48,22
2023-02-08,3,6,414,355,48,43
2023-02-09,3,6,414,256,48,22
2023-02-10,3,6,414,392,48,31
2023-02-11,3,6,414,329,48,44
2023-02-12,3,6,414,282,48,29
2023-02-13,3,6,414,299,48,23
2023-02-14,3,6,414,359,48,37
2023-02-15,3,6,414,261,48,35
2023-02-16,3,6,414,252,48,20
2023-02-17,3,6,414,325,48,36
2023-02-18,3,6,414,288,48,37
2023-02-19,3,6,414,291,48,32
2023-02-20,3,6,414,353,48,39
2023-02-21,3,6,414,354,48,34
2023-02-22,3,6,414,214,48,38
2023-02-23,3,6,414,344,48,29
2023-02-24,3,6,414,260,48,40
2023-02-25,3,6,414,265,48,41
2023-02-26,3,6,414,243,48,37
2023-02-27,3,6,414,278,48,44
2023-02-28,3,6,414,357,48,28
2023-03-01,3,6,414,367,48,33
2023-03-02,3,6,414,317,48,40
2023-03-03,3,6,414,359,48,38
2023-03-04,3,6,414,372,48,42
2023-03-05,3,6,414,357,48,41
2023-03-06,3,6,414,302,48,28
2023-03-07,3,6,414,215,48,37
2023-03-08,3,6,414,350,48,36
2023-03-09,3,6,414,297,48,29
2023-03-10,3,6,414,380,48,32
2023-03-11,3,6,414,362,48,42
2023-03-12,3,6,414,303,48,37
2023-03-13,3,6,414,349,48,32
2023-03-14,3,6,414,331,48,36
2023-03-15,3,6,414,289,48,32
2023-03-16,3,6,414,385,48,42
2023-03-17,3,6,414,370,48,23
2023-03-18,3,6,414,310,48,23
2023-03-19,3,6,414,318,48,42
2023-03-20,3,6,414,367,48,19
2023-03-21,3,6,414,251,48,24
2023-03-22,3,6,414,249,48,42
2023-03-23,3,6,414,380,48,32
2023-03-24,3,6,414,230,48,23
2023-03-25,3,6,414,351,48,22
2023-03-26,3,6,414,219,48,25
2023-03-27,3,6,414,289,48,29
2023-03-28,3,6,414,345,48,39
2023-03-29,3,6,414,222,48,41
2023-03-30,3,6,414,218,48,36
2023-03-31,3,6,414,219,48,19
2023-04-01,3,6,414,349,48,45
2023-04-02,3,6,414,334,48,34
2023-04-03,3,6,414,256,48,43
2023-04-04,3,6,414,386,48,43
2023-04-05,3,6,414,384,48,20
2023-04-06,3,6,414,355,48,20
2023-04-07,3,6,414,347,48,22
2023-04-08,3,6,414,384,48,28
2023-04-09,3,6,414,231,48,31
2023-04-10,3,6,414,266,48,41
2023-04-11,3,6,414,283,48,26
2023-04-12,3,6,414,374,48,43
2023-04-13,3,6,414,332,48,37
2023-04-14,3,6,414,333,48,37
2023-04-15,3,6,414,362,48,44
2023-04-16,3,6,414,301,48,43
2023-04-17,3,6,414,280,48,32
2023-04-18,3,6,414,349,48,23
2023-04-19,3,6,414,228,48,23
2023-04-20,3,6,414,263,48,41
2023-04-21,3,6,414,209,48,28
2023-04-22,3,6,414,310,48,38
2023-04-23,3,6,414,290,48,24
2023-04-24,3,6,414,304,48,27
2023-04-25,3,6,414,251,48,38
2023-04-26,3,6,414,313,48,36
2023-04-27,3,6,414,352,48,43
2023-04-28,3,6,414,311,48,31
2023-04-29,3,6,414,234,48,27
2023-04-30,3,6,414,363,48,37
2023-05-01,3,6,414,347,48,28
2023-05-02,3,6,414,295,48,22
2023-05-03,3,6,414,284,48,33
2023-05-04,3,6,414,388,48,19
2023-05-05,3,6,414,229,48,24
2023-05-06,3,6,414,339,48,24
2023-05-07,3,6,414,355,48,27
2023-05-08,3,6,414,300,48,45
2023-05-09,3,6,414,356,48,34
2023-05-10,3,6,414,223,48,22
2023-05-11,3,6,414,304,48,21
2023-05-12,3,6,414,329,48,24
2023-05-13,3,6,414,361,48,42
2023-05-14,3,6,414,235,48,24
2023-05-15,3,6,414,252,48,36
2023-05-16,3,6,414,322,48,38
2023-05-17,3,6,414,349,48,24
2023-05-18,3,6,414,234,48,23
2023-05-19,3,6,414,367,48,24
2023-05-20,3,6,414,307,48,27
2023-05-21,3,6,414,256,48,36
2023-05-22,3,6,414,376,48,27
2023-05-23,3,6,414,273,48,40
2023-05-24,3,6,414,333,48,24
2023-05-25,3,6,414,261,48,45
2023-05-26,3,6,414,265,48,24
2023-05-27,3,6,414,336,48,20
2023-05-28,3,6,414,378,48,27
2023-05-29,3,6,414,350,48,39
2023-05-30,3,6,414,375,48,37
2023-05-31,3,6,414,271,48,41
2023-06-01,3,6,414,340,48,45
2023-06-02,3,6,414,307,48,44
2023-06-03,3,6,414,363,48,21
2023-06-04,3,6,414,315,48,24
2023-06-05,3,6,414,303,48,36
2023-06-06,3,6,414,293,48,34
2023-06-07,3,6,414,370,48,20
2023-06-08,3,6,414,384,48,45
2023-06-09,3,6,414,282,48,37
2023-06-10,3,6,414,261,48,20
2023-06-11,3,6,414,365,48,33
2023-06-12,3,6,414,246,48,38
2023-06-13,3,6,414,367,48,41
2023-06-14,3,6,414,296,48,22
2023-06-15,3,6,414,334,48,37
2023-06-16,3,6,414,387,48,39
2023-06-17,3,6,414,286,48,37
2023-06-18,3,6,414,363,48,30
2023-06-19,3,6,414,261,48,38
2023-06-20,3,6,414,296,48,44
2023-06-21,3,6,414,225,48,32
2023-06-22,3,6,414,213,48,43
2023-06-23,3,6,414,313,48,26
2023-06-24,3,6,414,365,48,34
2023-06-25,3,6,414,224,48,40
2023-06-26,3,6,414,297,48,39
2023-06-27,3,6,414,386,48,31
2023-06-28,3,6,414,304,48,38
2023-06-29,3,6,414,225,48,28
2023-06-30,3,6,414,314,48,45
2023-07-01,3,6,414,262,48,36
2023-07-02,3,6,414,331,48,41
2023-07-03,3,6,414,318,48,32
2023-07-04,3,6,414,315,48,36
2023-07-05,3,6,414,288,48,40
2023-07-06,3,6,414,321,48,37
2023-07-07,3,6,414,357,48,21
2023-07-08,3,6,414,270,48,35
2023-07-09,3,6,414,250,48,43
2023-07-10,3,6,414,236,48,31
2023-07-11,3,6,414,311,48,43
2023-07-12,3,6,414,207,48,25
2023-07-13,3,6,414,251,48,29
2023-07-14,3,6,414,283,48,25
2023-07-15,3,6,414,233,48,39
2023-07-16,3,6,414,364,48,26
2023-07-17,3,6,414,377,48,24
2023-07-18,3,6,414,277,48,24
2023-07-19,3,6,414,268,48,22
2023-07-20,3,6,414,208,48,32
2023-07-21,3,6,414,367,48,30
2023-07-22,3,6,414,345,48,44
2023-07-23,3,6,414,221,48,41
2023-07-24,3,6,414,370,48,34
2023-07-25,3,6,414,346,48,25
2023-07-26,3,6,414,333,48,35
2023-07-27,3,6,414,211,48,26
2023-07-28,3,6,414,378,48,31
2023-07-29,3,6,414,248,48,31
2023-07-30,3,6,414,311,48,42
2023-07-31,3,6,414,374,48,22
2023-08-01,3,6,414,236,48,33
2023-08-02,3,6,414,265,48,45
2023-08-03,3,6,414,342,48,40
2023-08-04,3,6,414,279,48,19
2023-08-05,3,6,414,230,48,34
2023-08-06,3,6,414,324,48,45
2023-08-07,3,6,414,356,48,30
2023-08-08,3,6,414,212,48,31
2023-08-09,3,6,414,306,48,35
2023-08-10,3,6,414,339,48,35
2023-08-11,3,6,414,272,48,19
2023-08-12,3,6,414,259,48,26
2023-08-13,3,6,414,290,48,43
2023-08-14,3,6,414,356,48,29
2023-08-15,3,6,414,360,48,34
2023-08-16,3,6,414,375,48,30
2023-08-17,3,6,414,215,48,44
2023-08-18,3,6,414,230,48,39
2023-08-19,3,6,414,223,48,23
2023-08-20,3,6,414,359,48,34
2023-08-21,3,6,414,393,48,43
2023-08-22,3,6,414,241,48,43
2023-08-23,3,6,414,331,48,19
2023-08-24,3,6,414,318,48,45
2023-08-25,3,6,414,393,48,28
2023-08-26,3,6,414,328,48,33
2023-08-27,3,6,414,383,48,35
2023-08-28,3,6,414,212,48,32
2023-08-29,3,6,414,338,48,28
2023-08-30,3,6,414,264,48,25
2023-08-31,3,6,414,282,48,23
2023-09-01,3,6,414,382,48,26
2023-09-02,3,6,414,274,48,36
2023-09-03,3,6,414,293,48,19
2023-09-04,3,6,414,251,48,40
2023-09-05,3,6,414,306,48,33
2023-09-06,3,6,414,364,48,36
2023-09-07,3,6,414,274,48,44
2023-09-08,3,6,414,273,48,19
2023-09-09,3,6,414,262,48,23
2023-09-10,3,6,414,264,48,25
2023-09-11,3,6,414,381,48,28
2023-09-12,3,6,414,286,48,25
2023-09-13,3,6,414,296,48,25
2023-09-14,3,6,414,325,48,31
2023-09-15,3,6,414,314,48,30
2023-09-16,3,6,414,226,48,42
2023-09-17,3,6,414,287,48,28
2023-09-18,3,6,414,342,48,25
2023-09-19,3,6,414,357,48,30
2023-09-20,3,6,414,265,48,25
2023-09-21,3,6,414,292,48,42
2023-09-22,3,6,414,321,48,32
2023-09-23,3,6,414,229,48,23
2023-09-24,3,6,414,240,48,45
2023-09-25,3,6,414,388,48,32
2023-09-26,3,6,414,243,48,34
2023-09-27,3,6,414,298,48,29
2023-09-28,3,6,414,276,48,41
2023-09-29,3,6,414,296,48,40
2023-09-30,3,6,414,376,48,30
2023-10-01,3,6,414,277,48,21
2023-10-02,3,6,414,333,48,32
2023-10-03,3,6,414,332,48,33
2023-10-04,3,6,414,306,48,26
2023-10-05,3,6,414,336,48,24
2023-10-06,3,6,414,265,48,35
2023-10-07,3,6,414,327,48,26
2023-10-08,3,6,414,312,48,22
2023-10-09,3,6,414,371,48,32
2023-10-10,3,6,414,246,48,19
2023-10-11,3,6,414,383,48,40
2023-10-12,3,6,414,304,48,23
2023-10-13,3,6,414,287,48,35
2023-10-14,3,6,414,251,48,23
2023-10-15,3,6,414,272,48,25
2023-10-16,3,6,414,326,48,33
2023-10-17,3,6,414,295,48,29
2023-10-18,3,6,414,264,48,34
2023-10-19,3,6,414,380,48,34
2023-10-20,3,6,414,266,48,41
2023-10-21,3,6,414,257,48,38
2023-10-22,3,6,414,316,48,27
2023-10-23,3,6,414,376,48,22
2023-10-24,3,6,414,264,48,40
2023-10-25,3,6,414,299,48,29
2023-10-26,3,6,414,227,48,28
2023-10-27,3,6,414,288,48,32
2023-10-28,3,6,414,393,48,39
2023-10-29,3,6,414,277,48,25
2023-10-30,3,6,414,286,48,29
2023-10-31,3,6,414,384,48,23
2023-11-01,3,6,414,332,48,27
2023-11-02,3,6,414,310,48,20
2023-11-03,3,6,414,208,48,26
2023-11-04,3,6,414,295,48,28
2023-11-05,3,6,414,279,48,24
2023-11-06,3,6,414,391,48,34
2023-11-07,3,6,414,258,48,21
2023-11-08,3,6,414,219,48,40
2023-11-09,3,6,414,293,48,31
2023-11-10,3,6,414,301,48,44
2023-11-11,3,6,414,294,48,27
2023-11-12,3,6,414,366,48,29
2023-11-13,3,6,414,277,48,25
2023-11-14,3,6,414,354,48,29
2023-11-15,3,6,414,302,48,25
2023-11-16,3,6,414,226,48,27
2023-11-17,3,6,414,230,48,28
2023-11-18,3,6,414,337,48,39
2023-11-19,3,6,414,294,48,21
2023-11-20,3,6,414,348,48,23
2023-11-21,3,6,414,209,48,44
2023-11-22,3,6,414,237,48,23
2023-11-23,3,6,414,351,48,45
2023-11-24,3,6,414,266,48,24
2023-11-25,3,6,414,388,48,44
2023-11-26,3,6,414,366,48,22
2023-11-27,3,6,414,372,48,36
2023-11-28,3,6,414,303,48,25
2023-11-29,3,6,414,303,48,39
2023-11-30,3,6,414,382,48,30
2023-12-01,3,6,414,240,48,34
2023-12-02,3,6,414,232,48,24
2023-12-03,3,6,414,280,48,37
2023-12-04,3,6,414,238,48,29
2023-12-05,3,6,414,220,48,40
2023-12-06,3,6,414,324,48,36
2023-12-07,3,6,414,307,48,24
2023-12-08,3,6,414,360,48,42
2023-12-09,3,6,414,227,48,37
2023-12-10,3,6,414,299,48,20
2023-12-11,3,6,414,296,48,24
2023-12-12,3,6,414,325,48,20
2023-12-13,3,6,414,268,48,25
2023-12-14,3,6,414,331,48,38
2023-12-15,3,6,414,276,48,34
2023-12-16,3,6,414,213,48,41
2023-12-17,3,6,414,301,48,38
2023-12-18,3,6,414,216,48,33
2023-12-19,3,6,414,210,48,24
2023-12-20,3,6,414,365,48,42
2023-12-21,3,6,414,300,48,26
2023-12-22,3,6,414,266,48,39
2023-12-23,3,6,414,265,48,43
2023-12-24,3,6,414,354,48,37
2023-12-25,3,6,414,278,48,41
2023-12-26,3,6,414,360,48,30
2023-12-27,3,6,414,335,48,42
2023-12-28,3,6,414,232,48,19
2023-12-29,3,6,414,232,48,43
2023-12-30,3,6,414,354,48,39
2023-12-31,3,6,414,248,48,45
2024-01-01,3,6,414,221,48,36
2024-01-02,3,6,414,277,48,36
2024-01-03,3,6,414,391,48,27
2024-01-04,3,6,414,304,48,24
2024-01-05,3,6,414,330,48,23
2024-01-06,3,6,414,380,48,25
2024-01-07,3,6,414,270,48,22
2024-01-08,3,6,414,289,48,23
2024-01-09,3,6,414,252,48,36
2024-01-10,3,6,414,289,48,37
2024-01-11,3,6,414,250,48,20
2024-01-12,3,6,414,341,48,37
2024-01-13,3,6,414,336,48,21
2024-01-14,3,6,414,386,48,34
2024-01-15,3,6,414,213,48,45
2024-01-16,3,6,414,325,48,20
2024-01-17,3,6,414,355,48,25
2024-01-18,3,6,414,272,48,33
2024-01-19,3,6,414,324,48,32
2024-01-20,3,6,414,276,48,32
2024-01-21,3,6,414,365,48,28
2024-01-22,3,6,414,234,48,39
2024-01-23,3,6,414,343,48,21
2024-01-24,3,6,414,389,48,45
2024-01-25,3,6,414,390,48,34
2024-01-26,3,6,414,349,48,19
2024-01-27,3,6,414,339,48,19
2024-01-28,3,6,414,244,48,41
2024-01-29,3,6,414,266,48,23
2024-01-30,3,6,414,283,48,27
2024-01-31,3,6,414,227,48,27
2024-02-01,3,6,414,292,48,43
2024-02-02,3,6,414,264,48,20
2024-02-03,3,6,414,343,48,30
2024-02-04,3,6,414,268,48,22
2024-02-05,3,6,414,240,48,19
2024-02-06,3,6,414,278,48,43
2024-02-07,3,6,414,327,48,20
2024-02-08,3,6,414,373,48,20
2024-02-09,3,6,414,244,48,30
2024-02-10,3,6,414,362,48,41
2024-02-11,3,6,414,319,48,33
2024-02-12,3,6,414,262,48,34
2024-02-13,3,6,414,325,48,29
2024-02-14,3,6,414,323,48,42
2024-02-15,3,6,414,349,48,37
2024-02-16,3,6,414,380,48,20
2024-02-17,3,6,414,237,48,26
2024-02-18,3,6,414,269,48,33
2024-02-19,3,6,414,318,48,32
2024-02-20,3,6,414,209,48,37
2024-02-21,3,6,414,227,48,32
2024-02-22,3,6,414,320,48,29
2024-02-23,3,6,414,257,48,36
2024-02-24,3,6,414,218,48,41
2024-02-25,3,6,414,355,48,22
2024-02-26,3,6,414,216,48,20
2024-02-27,3,6,414,224,48,42
2024-02-28,3,6,414,281,48,45
2024-02-29,3,6,414,275,48,32
2024-03-01,3,6,414,220,48,30
2024-03-02,3,6,414,238,48,21
2024-03-03,3,6,414,324,48,22
2024-03-04,3,6,414,317,48,26
2024-03-05,3,6,414,362,48,41
2024-03-06,3,6,414,215,48,28
2024-03-07,3,6,414,275,48,33
2024-03-08,3,6,414,222,48,42
2024-03-09,3,6,414,337,48,39
2024-03-10,3,6,414,290,48,35
2024-03-11,3,6,414,298,48,40
2024-03-12,3,6,414,212,48,22
2024-03-13,3,6,414,315,48,31
2024-03-14,3,6,414,318,48,38
2024-03-15,3,6,414,328,48,28
2024-03-16,3,6,414,241,48,32
2024-03-17,3,6,414,233,48,43
2024-03-18,3,6,414,360,48,24
2024-03-19,3,6,414,279,48,43
2024-03-20,3,6,414,277,48,45
2024-03-21,3,6,414,283,48,28
2024-03-22,3,6,414,244,48,28
2024-03-23,3,6,414,255,48,26
2024-03-24,3,6,414,367,48,27
2024-03-25,3,6,414,383,48,23
2024-03-26,3,6,414,209,48,28
2024-03-27,3,6,414,300,48,21
2024-03-28,3,6,414,273,48,26
2024-03-29,3,6,414,277,48,41
2024-03-30,3,6,414,242,48,35
2024-03-31,3,6,414,255,48,43
2024-04-01,3,6,414,369,48,24
2024-04-02,3,6,414,247,48,25
2024-04-03,3,6,414,376,48,29
2024-04-04,3,6,414,218,48,40
2024-04-05,3,6,414,248,48,29
2024-04-06,3,6,414,306,48,38
2024-04-07,3,6,414,215,48,36
2024-04-08,3,6,414,301,48,31
2024-04-09,3,6,414,209,48,25
2024-04-10,3,6,414,368,48,35
2024-04-11,3,6,414,347,48,23
2024-04-12,3,6,414,282,48,29
2024-04-13,3,6,414,385,48,38
2024-04-14,3,6,414,326,48,43
2024-04-15,3,6,414,244,48,19
2024-04-16,3,6,414,316,48,31
2024-04-17,3,6,414,323,48,30
2024-04-18,3,6,414,266,48,28
2024-04-19,3,6,414,230,48,41
2024-04-20,3,6,414,303,48,37
2024-04-21,3,6,414,379,48,27
2024-04-22,3,6,414,382,48,29
2024-04-23,3,6,414,295,48,33
2024-04-24,3,6,414,280,48,20
2024-04-25,3,6,414,364,48,25
2024-04-26,3,6,414,359,48,30
2024-04-27,3,6,414,345,48,32
2024-04-28,3,6,414,276,48,38
2024-04-29,3,6,414,354,48,40
2024-04-30,3,6,414,243,48,27
2024-05-01,3,6,414,248,48,34
2024-05-02,3,6,414,211,48,41
2024-05-03,3,6,414,352,48,31
2024-05-04,3,6,414,330,48,41
2024-05-05,3,6,414,235,48,43
2024-05-06,3,6,414,238,48,31
2024-05-07,3,6,414,235,48,43
2024-05-08,3,6,414,353,48,29
2024-05-09,3,6,414,277,48,21
2024-05-10,3,6,414,256,48,24
2024-05-11,3,6,414,291,48,21
2024-05-12,3,6,414,369,48,23
2024-05-13,3,6,414,331,48,22
2024-05-14,3,6,414,318,48,34
2024-05-15,3,6,414,246,48,19
2024-05-16,3,6,414,338,48,25
2024-05-17,3,6,414,285,48,44
2024-05-18,3,6,414,275,48,21
2024-05-19,3,6,414,356,48,22
2024-05-20,3,6,414,212,48,20
2024-05-21,3,6,414,321,48,29
2024-05-22,3,6,414,237,48,31
2024-05-23,3,6,414,283,48,36
2024-05-24,3,6,414,252,48,38
2024-05-25,3,6,414,329,48,27
2024-05-26,3,6,414,268,48,20
2024-05-27,3,6,414,208,48,29
2024-05-28,3,6,414,342,48,45
2024-05-29,3,6,414,233,48,22
2024-05-30,3,6,414,261,48,21
2024-05-31,3,6,414,209,48,26
2024-06-01,3,6,414,284,48,29
2024-06-02,3,6,414,240,48,19
2024-06-03,3,6,414,372,48,26
2024-06-04,3,6,414,293,48,36
2024-06-05,3,6,414,239,48,31
2024-06-06,3,6,414,217,48,31
2024-06-07,3,6,414,213,48,43
2024-06-08,3,6,414,320,48,43
2024-06-09,3,6,414,355,48,23
2024-06-10,3,6,414,315,48,38
2024-06-11,3,6,414,226,48,28
2024-06-12,3,6,414,368,48,33
2024-06-13,3,6,414,392,48,33
2024-06-14,3,6,414,247,48,19
2024-06-15,3,6,414,392,48,28
2024-06-16,3,6,414,240,48,42
2024-06-17,3,6,414,323,48,34
2024-06-18,3,6,414,270,48,39
2024-06-19,3,6,414,303,48,30
2024-06-20,3,6,414,264,48,23
2024-06-21,3,6,414,208,48,42
2024-06-22,3,6,414,264,48,40
2024-06-23,3,6,414,244,48,44
2024-06-24,3,6,414,334,48,33
2024-06-25,3,6,414,367,48,39
2024-06-26,3,6,414,300,48,26
2024-06-27,3,6,414,299,48,29
2024-06-28,3,6,414,390,48,30
2024-06-29,3,6,414,293,48,42
2024-06-30,3,6,414,209,48,41
2024-07-01,3,6,414,269,48,45
2024-07-02,3,6,414,335,48,23
2024-07-03,3,6,414,211,48,38
2024-07-04,3,6,414,384,48,20
2024-07-05,3,6,414,264,48,35
2024-07-06,3,6,414,208,48,24
2024-07-07,3,6,414,271,48,30
2024-07-08,3,6,414,344,48,38
2024-07-09,3,6,414,235,48,20
2024-07-10,3,6,414,362,48,31
2024-07-11,3,6,414,274,48,21
2024-07-12,3,6,414,335,48,32
2024-07-13,3,6,414,345,48,31
2024-07-14,3,6,414,315,48,29
2024-07-15,3,6,414,208,48,41
2024-07-16,3,6,414,282,48,23
2024-07-17,3,6,414,294,48,41
2024-07-18,3,6,414,234,48,38
2024-07-19,3,6,414,387,48,19
2024-07-20,3,6,414,331,48,30
2024-07-21,3,6,414,385,48,28
2024-07-22,3,6,414,337,48,27
2024-07-23,3,6,414,339,48,41
2024-07-24,3,6,414,278,48,25
2024-07-25,3,6,414,380,48,41
2024-07-26,3,6,414,365,48,23
2024-07-27,3,6,414,357,48,29
2024-07-28,3,6,414,372,48,44
2024-07-29,3,6,414,229,48,39
2024-07-30,3,6,414,267,48,25
2024-07-31,3,6,414,357,48,31
2024-08-01,3,6,414,297,48,33
2024-08-02,3,6,414,386,48,19
2024-08-03,3,6,414,376,48,19
2024-08-04,3,6,414,234,48,36
2024-08-05,3,6,414,324,48,41
2024-08-06,3,6,414,294,48,36
2024-08-07,3,6,414,213,48,39
2024-08-08,3,6,414,255,48,26
2024-08-09,3,6,414,221,48,35
2024-08-10,3,6,414,227,48,42
2024-08-11,3,6,414,254,48,34
2024-08-12,3,6,414,240,48,40
2024-08-13,3,6,414,284,48,41
2024-08-14,3,6,414,268,48,44
2024-08-15,3,6,414,215,48,32
2024-08-16,3,6,414,224,48,37
2024-08-17,3,6,414,353,48,31
2024-08-18,3,6,414,271,48,35
2024-08-19,3,6,414,261,48,30
2024-08-20,3,6,414,251,48,44
2024-08-21,3,6,414,251,48,40
2024-08-22,3,6,414,249,48,39
2024-08-23,3,6,414,342,48,43
2024-08-24,3,6,414,207,48,38
2024-08-25,3,6,414,335,48,19
2024-08-26,3,6,414,334,48,41
2024-08-27,3,6,414,363,48,44
2024-08-28,3,6,414,341,48,21
2024-08-29,3,6,414,254,48,24
2024-08-30,3,6,414,288,48,41
2024-08-31,3,6,414,278,48,22
2024-09-01,3,6,414,333,48,36
2024-09-02,3,6,414,247,48,42
2024-09-03,3,6,414,306,48,26
2024-09-04,3,6,414,348,48,45
2024-09-05,3,6,414,319,48,45
2024-09-06,3,6,414,329,48,28
2024-09-07,3,6,414,295,48,38
2024-09-08,3,6,414,331,48,43
2024-09-09,3,6,414,343,48,33
2024-09-10,3,6,414,379,48,42
2024-09-11,3,6,414,219,48,37
2024-09-12,3,6,414,340,48,32
2024-09-13,3,6,414,354,48,37
2024-09-14,3,6,414,335,48,42
2024-09-15,3,6,414,314,48,25
2024-09-16,3,6,414,284,48,34
2024-09-17,3,6,414,392,48,33
2024-09-18,3,6,414,359,48,25
2024-09-19,3,6,414,299,48,22
2024-09-20,3,6,414,287,48,34
2024-09-21,3,6,414,381,48,26
2024-09-22,3,6,414,311,48,44
2024-09-23,3,6,414,255,48,33
2024-09-24,3,6,414,280,48,28
2024-09-25,3,6,414,219,48,25
2024-09-26,3,6,414,218,48,33
2024-09-27,3,6,414,281,48,43
2024-09-28,3,6,414,353,48,43
2024-09-29,3,6,414,344,48,26
2024-09-30,3,6,414,213,48,37
2024-10-01,3,6,414,365,48,42
2024-10-02,3,6,414,336,48,21
2024-10-03,3,6,414,381,48,40
2024-10-04,3,6,414,262,48,40
2024-10-05,3,6,414,258,48,39
2024-10-06,3,6,414,345,48,41
2024-10-07,3,6,414,367,48,32
2024-10-08,3,6,414,348,48,30
2024-10-09,3,6,414,349,48,32
2024-10-10,3,6,414,390,48,36
2024-10-11,3,6,414,340,48,30
2024-10-12,3,6,414,210,48,31
2024-10-13,3,6,414,336,48,37
2024-10-14,3,6,414,261,48,39
2024-10-15,3,6,414,275,48,39
2024-10-16,3,6,414,379,48,25
2024-10-17,3,6,414,299,48,43
2024-10-18,3,6,414,325,48,32
2024-10-19,3,6,414,234,48,23
2024-10-20,3,6,414,285,48,43
2024-10-21,3,6,414,310,48,34
2024-10-22,3,6,414,276,48,45
2024-10-23,3,6,414,207,48,27
2024-10-24,3,6,414,222,48,26
2024-10-25,3,6,414,222,48,40
2024-10-26,3,6,414,321,48,20
2024-10-27,3,6,414,357,48,37
2024-10-28,3,6,414,301,48,32
2024-10-29,3,6,414,378,48,42
2024-10-30,3,6,414,313,48,25
2024-10-31,3,6,414,227,48,30
2024-11-01,3,6,414,229,48,40
2024-11-02,3,6,414,310,48,24
2024-11-03,3,6,414,346,48,23
2024-11-04,3,6,414,282,48,27
2024-11-05,3,6,414,302,48,40
2024-11-06,3,6,414,312,48,42
2024-11-07,3,6,414,312,48,37
2024-11-08,3,6,414,328,48,34
2024-11-09,3,6,414,293,48,31
2024-11-10,3,6,414,244,48,41
2024-11-11,3,6,414,375,48,40
2024-11-12,3,6,414,225,48,28
2024-11-13,3,6,414,349,48,21
2024-11-14,3,6,414,346,48,42
2024-11-15,3,6,414,354,48,26
2024-11-16,3,6,414,342,48,23
2024-11-17,3,6,414,242,48,37
2024-11-18,3,6,414,222,48,22
2024-11-19,3,6,414,359,48,37
2024-11-20,3,6,414,245,48,36
2024-11-21,3,6,414,260,48,31
2024-11-22,3,6,414,357,48,31
2024-11-23,3,6,414,310,48,21
2024-11-24,3,6,414,215,48,27
2024-11-25,3,6,414,260,48,39
2024-11-26,3,6,414,277,48,32
2024-11-27,3,6,414,231,48,42
2024-11-28,3,6,414,344,48,36
2024-11-29,3,6,414,239,48,41
2024-11-30,3,6,414,216,48,45
2024-12-01,3,6,414,323,48,28
2024-12-02,3,6,414,318,48,26
2024-12-03,3,6,414,386,48,22
2024-12-04,3,6,414,302,48,23
2024-12-05,3,6,414,328,48,33
2024-12-06,3,6,414,331,48,19
2024-12-07,3,6,414,365,48,40
2024-12-08,3,6,414,392,48,39
2024-12-09,3,6,414,267,48,36
2024-12-10,3,6,414,277,48,38
2024-12-11,3,6,414,280,48,29
2024-12-12,3,6,414,317,48,35
2024-12-13,3,6,414,355,48,20
2024-12-14,3,6,414,372,48,28
2024-12-15,3,6,414,229,48,20
2024-12-16,3,6,414,388,48,40
2024-12-17,3,6,414,233,48,37
2024-12-18,3,6,414,372,48,35
2024-12-19,3,6,414,365,48,41
2024-12-20,3,6,414,222,48,43
2024-12-21,3,6,414,281,48,27
2024-12-22,3,6,414,326,48,20
2024-12-23,3,6,414,214,48,36
2024-12-24,3,6,414,242,48,36
2024-12-25,3,6,414,337,48,24
2024-12-26,3,6,414,211,48,30
2024-12-27,3,6,414,309,48,35
2024-12-28,3,6,414,259,48,39
2024-12-29,3,6,414,276,48,44
2024-12-30,3,6,414,207,48,37
2024-12-31,3,6,414,300,48,28
2023-01-01,4,1,352,248,83,65
2023-01-02,4,1,352,183,83,74
2023-01-03,4,1,352,220,83,71
2023-01-04,4,1,352,308,83,45
2023-01-05,4,1,352,320,83,67
2023-01-06,4,1,352,260,83,65
2023-01-07,4,1,352,325,83,67
2023-01-08,4,1,352,246,83,56
2023-01-09,4,1,352,319,83,35
2023-01-10,4,1,352,241,83,49
2023-01-11,4,1,352,253,83,67
2023-01-12,4,1,352,251,83,36
2023-01-13,4,1,352,281,83,55
2023-01-14,4,1,352,198,83,72
2023-01-15,4,1,352,323,83,66
2023-01-16,4,1,352,258,83,33
2023-01-17,4,1,352,223,83,44
2023-01-18,4,1,352,294,83,62
2023-01-19,4,1,352,285,83,45
2023-01-20,4,1,352,290,83,67
2023-01-21,4,1,352,232,83,50
2023-01-22,4,1,352,209,83,46
2023-01-23,4,1,352,195,83,41
2023-01-24,4,1,352,261,83,48
2023-01-25,4,1,352,181,83,55
2023-01-26,4,1,352,236,83,54
2023-01-27,4,1,352,319,83,44
2023-01-28,4,1,352,318,83,54
2023-01-29,4,1,352,200,83,41
2023-01-30,4,1,352,188,83,63
2023-01-31,4,1,352,246,83,51
2023-02-01,4,1,352,201,83,68
2023-02-02,4,1,352,264,83,57
2023-02-03,4,1,352,187,83,75
2023-02-04,4,1,352,254,83,37
2023-02-05,4,1,352,255,83,57
2023-02-06,4,1,352,249,83,45
2023-02-07,4,1,352,269,83,51
2023-02-08,4,1,352,203,83,66
2023-02-09,4,1,352,181,83,38
2023-02-10,4,1,352,205,83,62
2023-02-11,4,1,352,292,83,65
2023-02-12,4,1,352,199,83,48
2023-02-13,4,1,352,328,83,53
2023-02-14,4,1,352,245,83,68
2023-02-15,4,1,352,212,83,59
2023-02-16,4,1,352,244,83,78
2023-02-17,4,1,352,207,83,75
2023-02-18,4,1,352,222,83,70
2023-02-19,4,1,352,258,83,61
2023-02-20,4,1,352,282,83,36
2023-02-21,4,1,352,231,83,74
2023-02-22,4,1,352,254,83,33
2023-02-23,4,1,352,327,83,41
2023-02-24,4,1,352,245,83,40
2023-02-25,4,1,352,291,83,34
2023-02-26,4,1,352,199,83,51
2023-02-27,4,1,352,274,83,41
2023-02-28,4,1,352,300,83,71
2023-03-01,4,1,352,318,83,33
2023-03-02,4,1,352,203,83,41
2023-03-03,4,1,352,294,83,38
2023-03-04,4,1,352,237,83,63
2023-03-05,4,1,352,295,83,65
2023-03-06,4,1,352,197,83,35
2023-03-07,4,1,352,213,83,69
2023-03-08,4,1,352,226,83,69
2023-03-09,4,1,352,291,83,68
2023-03-10,4,1,352,216,83,47
2023-03-11,4,1,352,246,83,41
2023-03-12,4,1,352,264,83,51
2023-03-13,4,1,352,287,83,59
2023-03-14,4,1,352,328,83,77
2023-03-15,4,1,352,293,83,71
2023-03-16,4,1,352,300,83,51
2023-03-17,4,1,352,205,83,37
2023-03-18,4,1,352,302,83,40
2023-03-19,4,1,352,280,83,50
2023-03-20,4,1,352,280,83,43
2023-03-21,4,1,352,290,83,52
2023-03-22,4,1,352,283,83,67
2023-03-23,4,1,352,200,83,58
2023-03-24,4,1,352,247,83,39
2023-03-25,4,1,352,286,83,35
2023-03-26,4,1,352,226,83,67
2023-03-27,4,1,352,287,83,64
2023-03-28,4,1,352,290,83,46
2023-03-29,4,1,352,258,83,65
2023-03-30,4,1,352,177,83,43
2023-03-31,4,1,352,247,83,38
2023-04-01,4,1,352,288,83,67
2023-04-02,4,1,352,282,83,38
2023-04-03,4,1,352,206,83,47
2023-04-04,4,1,352,301,83,69
2023-04-05,4,1,352,314,83,51
2023-04-06,4,1,352,251,83,71
2023-04-07,4,1,352,317,83,65
2023-04-08,4,1,352,194,83,49
2023-04-09,4,1,352,302,83,68
2023-04-10,4,1,352,240,83,70
2023-04-11,4,1,352,317,83,34
2023-04-12,4,1,352,242,83,38
2023-04-13,4,1,352,286,83,35
2023-04-14,4,1,352,254,83,76
2023-04-15,4,1,352,317,83,45
2023-04-16,4,1,352,182,83,69
2023-04-17,4,1,352,192,83,41
2023-04-18,4,1,352,306,83,50
2023-04-19,4,1,352,233,83,60
2023-04-20,4,1,352,272,83,76
2023-04-21,4,1,352,254,83,62
2023-04-22,4,1,352,188,83,47
2023-04-23,4,1,352,259,83,46
2023-04-24,4,1,352,313,83,62
2023-04-25,4,1,352,245,83,53
2023-04-26,4,1,352,323,83,44
2023-04-27,4,1,352,262,83,53
2023-04-28,4,1,352,224,83,68
2023-04-29,4,1,352,311,83,36
2023-04-30,4,1,352,224,83,62
2023-05-01,4,1,352,199,83,39
2023-05-02,4,1,352,283,83,41
2023-05-03,4,1,352,324,83,74
2023-05-04,4,1,352,285,83,69
2023-05-05,4,1,352,297,83,66
2023-05-06,4,1,352,311,83,33
2023-05-07,4,1,352,218,83,37
2023-05-08,4,1,352,196,83,50
2023-05-09,4,1,352,283,83,69
2023-05-10,4,1,352,304,83,77
2023-05-11,4,1,352,278,83,62
2023-05-12,4,1,352,320,83,54
2023-05-13,4,1,352,241,83,75
2023-05-14,4,1,352,290,83,78
2023-05-15,4,1,352,181,83,40
2023-05-16,4,1,352,201,83,58
2023-05-17,4,1,352,194,83,78
2023-05-18,4,1,352,264,83,57
2023-05-19,4,1,352,220,83,41
2023-05-20,4,1,352,222,83,36
2023-05-21,4,1,352,267,83,41
2023-05-22,4,1,352,233,83,48
2023-05-23,4,1,352,296,83,56
2023-05-24,4,1,352,291,83,42
2023-05-25,4,1,352,229,83,57
2023-05-26,4,1,352,212,83,54
2023-05-27,4,1,352,291,83,37
2023-05-28,4,1,352,218,83,62
2023-05-29,4,1,352,241,83,76
2023-05-30,4,1,352,228,83,43
2023-05-31,4,1,352,332,83,45
2023-06-01,4,1,352,330,83,55
2023-06-02,4,1,352,282,83,39
2023-06-03,4,1,352,262,83,55
2023-06-04,4,1,352,241,83,78
2023-06-05,4,1,352,304,83,59
2023-06-06,4,1,352,303,83,49
2023-06-07,4,1,352,245,83,66
2023-06-08,4,1,352,240,83,75
2023-06-09,4,1,352,216,83,52
2023-06-10,4,1,352,318,83,42
2023-06-11,4,1,352,243,83,34
2023-06-12,4,1,352,222,83,75
2023-06-13,4,1,352,239,83,55
2023-06-14,4,1,352,242,83,70
2023-06-15,4,1,352,279,83,39
2023-06-16,4,1,352,278,83,33
2023-06-17,4,1,352,316,83,66
2023-06-18,4,1,352,212,83,78
2023-06-19,4,1,352,215,83,37
2023-06-20,4,1,352,327,83,74
2023-06-21,4,1,352,323,83,63
2023-06-22,4,1,352,285,83,50
2023-06-23,4,1,352,186,83,71
2023-06-24,4,1,352,237,83,33
2023-06-25,4,1,352,296,83,77
2023-06-26,4,1,352,321,83,39
2023-06-27,4,1,352,229,83,55
2023-06-28,4,1,352,264,83,38
2023-06-29,4,1,352,251,83,63
2023-06-30,4,1,352,197,83,60
2023-07-01,4,1,352,208,83,70
2023-07-02,4,1,352,238,83,52
2023-07-03,4,1,352,329,83,78
2023-07-04,4,1,352,258,83,34
2023-07-05,4,1,352,228,83,34
2023-07-06,4,1,352,264,83,68
2023-07-07,4,1,352,289,83,47
2023-07-08,4,1,352,322,83,58
2023-07-09,4,1,352,247,83,53
2023-07-10,4,1,352,178,83,52
2023-07-11,4,1,352,239,83,71
2023-07-12,4,1,352,179,83,41
2023-07-13,4,1,352,287,83,75
2023-07-14,4,1,352,313,83,35
2023-07-15,4,1,352,272,83,46
2023-07-16,4,1,352,222,83,52
2023-07-17,4,1,352,195,83,58
2023-07-18,4,1,352,261,83,61
2023-07-19,4,1,352,177,83,51
2023-07-20,4,1,352,281,83,47
2023-07-21,4,1,352,292,83,33
2023-07-22,4,1,352,301,83,36
2023-07-23,4,1,352,260,83,74
2023-07-24,4,1,352,311,83,52
2023-07-25,4,1,352,265,83,51
2023-07-26,4,1,352,320,83,35
2023-07-27,4,1,352,298,83,46
2023-07-28,4,1,352,257,83,40
2023-07-29,4,1,352,198,83,49
2023-07-30,4,1,352,272,83,52
2023-07-31,4,1,352,190,83,50
2023-08-01,4,1,352,269,83,42
2023-08-02,4,1,352,241,83,75
2023-08-03,4,1,352,332,83,50
2023-08-04,4,1,352,260,83,60
2023-08-05,4,1,352,270,83,55
2023-08-06,4,1,352,200,83,71
2023-08-07,4,1,352,291,83,64
2023-08-08,4,1,352,252,83,43
2023-08-09,4,1,352,276,83,63
2023-08-10,4,1,352,283,83,63
2023-08-11,4,1,352,236,83,69
2023-08-12,4,1,352,265,83,55
2023-08-13,4,1,352,246,83,66
2023-08-14,4,1,352,194,83,34
2023-08-15,4,1,352,313,83,34
2023-08-16,4,1,352,242,83,60
2023-08-17,4,1,352,200,83,49
2023-08-18,4,1,352,256,83,47
2023-08-19,4,1,352,210,83,44
2023-08-20,4,1,352,194,83,38
2023-08-21,4,1,352,186,83,38
2023-08-22,4,1,352,213,83,36
2023-08-23,4,1,352,203,83,65
2023-08-24,4,1,352,322,83,60
2023-08-25,4,1,352,243,83,71
2023-08-26,4,1,352,295,83,35
2023-08-27,4,1,352,193,83,71
2023-08-28,4,1,352,243,83,55
2023-08-29,4,1,352,209,83,58
2023-08-30,4,1,352,316,83,38
2023-08-31,4,1,352,183,83,38
2023-09-01,4,1,352,309,83,58
2023-09-02,4,1,352,192,83,67
2023-09-03,4,1,352,245,83,46
2023-09-04,4,1,352,281,83,63
2023-09-05,4,1,352,322,83,56
2023-09-06,4,1,352,233,83,53
2023-09-07,4,1,352,183,83,36
2023-09-08,4,1,352,267,83,77
2023-09-09,4,1,352,311,83,44
2023-09-10,4,1,352,233,83,61
2023-09-11,4,1,352,329,83,61
2023-09-12,4,1,352,304,83,53
2023-09-13,4,1,352,280,83,49
2023-09-14,4,1,352,241,83,70
2023-09-15,4,1,352,249,83,67
2023-09-16,4,1,352,227,83,62
2023-09-17,4,1,352,182,83,52
2023-09-18,4,1,352,264,83,70
2023-09-19,4,1,352,299,83,38
2023-09-20,4,1,352,216,83,35
2023-09-21,4,1,352,267,83,62
2023-09-22,4,1,352,208,83,47
2023-09-23,4,1,352,210,83,68
2023-09-24,4,1,352,221,83,38
2023-09-25,4,1,352,281,83,75
2023-09-26,4,1,352,217,83,47
2023-09-27,4,1,352,231,83,39
2023-09-28,4,1,352,271,83,75
2023-09-29,4,1,352,214,83,39
2023-09-30,4,1,352,298,83,47
2023-10-01,4,1,352,299,83,66
2023-10-02,4,1,352,321,83,74
2023-10-03,4,1,352,324,83,43
2023-10-04,4,1,352,294,83,33
2023-10-05,4,1,352,283,83,42
2023-10-06,4,1,352,303,83,71
2023-10-07,4,1,352,273,83,39
2023-10-08,4,1,352,268,83,66
2023-10-09,4,1,352,224,83,73
2023-10-10,4,1,352,254,83,72
2023-10-11,4,1,352,226,83,67
2023-10-12,4,1,352,212,83,50
2023-10-13,4,1,352,259,83,41
2023-10-14,4,1,352,237,83,65
2023-10-15,4,1,352,260,83,44
2023-10-16,4,1,352,290,83,49
2023-10-17,4,1,352,221,83,75
2023-10-18,4,1,352,323,83,78
2023-10-19,4,1,352,239,83,34
2023-10-20,4,1,352,267,83,48
2023-10-21,4,1,352,219,83,40
2023-10-22,4,1,352,236,83,33
2023-10-23,4,1,352,200,83,52
2023-10-24,4,1,352,280,83,67
2023-10-25,4,1,352,298,83,44
2023-10-26,4,1,352,237,83,57
2023-10-27,4,1,352,228,83,77
2023-10-28,4,1,352,212,83,66
2023-10-29,4,1,352,207,83,42
2023-10-30,4,1,352,320,83,55
2023-10-31,4,1,352,225,83,49
2023-11-01,4,1,352,176,83,33
2023-11-02,4,1,352,209,83,37
2023-11-03,4,1,352,292,83,74
2023-11-04,4,1,352,305,83,36
2023-11-05,4,1,352,265,83,65
2023-11-06,4,1,352,321,83,33
2023-11-07,4,1,352,223,83,53
2023-11-08,4,1,352,330,83,74
2023-11-09,4,1,352,307,83,33
2023-11-10,4,1,352,313,83,51
2023-11-11,4,1,352,327,83,41
2023-11-12,4,1,352,296,83,55
2023-11-13,4,1,352,324,83,36
2023-11-14,4,1,352,244,83,49
2023-11-15,4,1,352,304,83,51
2023-11-16,4,1,352,277,83,44
2023-11-17,4,1,352,301,83,49
2023-11-18,4,1,352,312,83,43
2023-11-19,4,1,352,215,83,58
2023-11-20,4,1,352,234,83,61
2023-11-21,4,1,352,242,83,73
2023-11-22,4,1,352,198,83,55
2023-11-23,4,1,352,303,83,69
2023-11-24,4,1,352,194,83,33
2023-11-25,4,1,352,334,83,77
2023-11-26,4,1,352,223,83,56
2023-11-27,4,1,352,215,83,40
2023-11-28,4,1,352,191,83,56
2023-11-29,4,1,352,203,83,74
2023-11-30,4,1,352,296,83,67
2023-12-01,4,1,352,253,83,73
2023-12-02,4,1,352,182,83,40
2023-12-03,4,1,352,319,83,39
2023-12-04,4,1,352,326,83,77
2023-12-05,4,1,352,177,83,47
2023-12-06,4,1,352,225,83,40
2023-12-07,4,1,352,190,83,41
2023-12-08,4,1,352,214,83,62
2023-12-09,4,1,352,255,83,75
2023-12-10,4,1,352,231,83,63
2023-12-11,4,1,352,317,83,61
2023-12-12,4,1,352,269,83,34
2023-12-13,4,1,352,239,83,34
2023-12-14,4,1,352,256,83,77
2023-12-15,4,1,352,286,83,43
2023-12-16,4,1,352,286,83,61
2023-12-17,4,1,352,191,83,46
2023-12-18,4,1,352,177,83,40
2023-12-19,4,1,352,242,83,35
2023-12-20,4,1,352,246,83,34
2023-12-21,4,1,352,212,83,43
2023-12-22,4,1,352,301,83,59
2023-12-23,4,1,352,255,83,44
2023-12-24,4,1,352,297,83,42
2023-12-25,4,1,352,247,83,71
2023-12-26,4,1,352,310,83,39
2023-12-27,4,1,352,203,83,33
2023-12-28,4,1,352,214,83,69
2023-12-29,4,1,352,226,83,76
2023-12-30,4,1,352,233,83,68
2023-12-31,4,1,352,306,83,59
2024-01-01,4,1,352,207,83,68
2024-01-02,4,1,352,320,83,46
2024-01-03,4,1,352,301,83,76
2024-01-04,4,1,352,211,83,47
2024-01-05,4,1,352,270,83,36
2024-01-06,4,1,352,328,83,51
2024-01-07,4,1,352,308,83,34
2024-01-08,4,1,352,176,83,38
2024-01-09,4,1,352,245,83,37
2024-01-10,4,1,352,307,83,77
2024-01-11,4,1,352,281,83,42
2024-01-12,4,1,352,324,83,51
2024-01-13,4,1,352,263,83,48
2024-01-14,4,1,352,186,83,58
2024-01-15,4,1,352,295,83,56
2024-01-16,4,1,352,314,83,65
2024-01-17,4,1,352,186,83,67
2024-01-18,4,1,352,186,83,71
2024-01-19,4,1,352,257,83,39
2024-01-20,4,1,352,197,83,75
2024-01-21,4,1,352,277,83,42
2024-01-22,4,1,352,192,83,74
2024-01-23,4,1,352,208,83,71
2024-01-24,4,1,352,252,83,39
2024-01-25,4,1,352,215,83,56
2024-01-26,4,1,352,243,83,78
2024-01-27,4,1,352,205,83,45
2024-01-28,4,1,352,252,83,75
2024-01-29,4,1,352,194,83,53
2024-01-30,4,1,352,280,83,77
2024-01-31,4,1,352,182,83,75
2024-02-01,4,1,352,302,83,54
2024-02-02,4,1,352,211,83,63
2024-02-03,4,1,352,305,83,55
2024-02-04,4,1,352,249,83,42
2024-02-05,4,1,352,206,83,74
2024-02-06,4,1,352,266,83,62
2024-02-07,4,1,352,235,83,66
2024-02-08,4,1,352,290,83,61
2024-02-09,4,1,352,228,83,37
2024-02-10,4,1,352,206,83,34
2024-02-11,4,1,352,328,83,40
2024-02-12,4,1,352,215,83,74
2024-02-13,4,1,352,255,83,36
2024-02-14,4,1,352,237,83,34
2024-02-15,4,1,352,323,83,52
2024-02-16,4,1,352,184,83,54
2024-02-17,4,1,352,247,83,64
2024-02-18,4,1,352,250,83,78
2024-02-19,4,1,352,230,83,57
2024-02-20,4,1,352,333,83,64
2024-02-21,4,1,352,262,83,52
2024-02-22,4,1,352,297,83,69
2024-02-23,4,1,352,266,83,37
2024-02-24,4,1,352,319,83,73
2024-02-25,4,1,352,249,83,66
2024-02-26,4,1,352,198,83,72
2024-02-27,4,1,352,191,83,52
2024-02-28,4,1,352,208,83,70
2024-02-29,4,1,352,300,83,63
2024-03-01,4,1,352,270,83,78
2024-03-02,4,1,352,203,83,77
2024-03-03,4,1,352,260,83,42
2024-03-04,4,1,352,278,83,77
2024-03-05,4,1,352,210,83,35
2024-03-06,4,1,352,252,83,76
2024-03-07,4,1,352,182,83,64
2024-03-08,4,1,352,277,83,38
2024-03-09,4,1,352,300,83,49
2024-03-10,4,1,352,209,83,34
2024-03-11,4,1,352,255,83,68
2024-03-12,4,1,352,185,83,63
2024-03-13,4,1,352,316,83,62
2024-03-14,4,1,352,180,83,52
2024-03-15,4,1,352,186,83,60
2024-03-16,4,1,352,249,83,35
2024-03-17,4,1,352,207,83,56
2024-03-18,4,1,352,219,83,40
2024-03-19,4,1,352,269,83,62
2024-03-20,4,1,352,214,83,78
2024-03-21,4,1,352,334,83,55
2024-03-22,4,1,352,190,83,50
2024-03-23,4,1,352,316,83,76
2024-03-24,4,1,352,311,83,35
2024-03-25,4,1,352,179,83,67
2024-03-26,4,1,352,192,83,40
2024-03-27,4,1,352,301,83,46
2024-03-28,4,1,352,194,83,59
2024-03-29,4,1,352,222,83,72
2024-03-30,4,1,352,267,83,38
2024-03-31,4,1,352,254,83,53
2024-04-01,4,1,352,191,83,76
2024-04-02,4,1,352,181,83,38
2024-04-03,4,1,352,262,83,77
2024-04-04,4,1,352,250,83,41
2024-04-05,4,1,352,189,83,62
2024-04-06,4,1,352,218,83,59
2024-04-07,4,1,352,291,83,50
2024-04-08,4,1,352,299,83,75
2024-04-09,4,1,352,255,83,41
2024-04-10,4,1,352,321,83,46
2024-04-11,4,1,352,264,83,63
2024-04-12,4,1,352,195,83,78
2024-04-13,4,1,352,323,83,59
2024-04-14,4,1,352,229,83,37
2024-04-15,4,1,352,232,83,40
2024-04-16,4,1,352,272,83,36
2024-04-17,4,1,352,314,83,46
2024-04-18,4,1,352,222,83,49
2024-04-19,4,1,352,237,83,53
2024-04-20,4,1,352,190,83,73
2024-04-21,4,1,352,293,83,44
2024-04-22,4,1,352,327,83,53
2024-04-23,4,1,352,184,83,55
2024-04-24,4,1,352,334,83,69
2024-04-25,4,1,352,276,83,68
2024-04-26,4,1,352,274,83,35
2024-04-27,4,1,352,265,83,70
2024-04-28,4,1,352,218,83,68
2024-04-29,4,1,352,279,83,59
2024-04-30,4,1,352,181,83,60
2024-05-01,4,1,352,187,83,54
2024-05-02,4,1,352,291,83,49
2024-05-03,4,1,352,292,83,53
2024-05-04,4,1,352,249,83,39
2024-05-05,4,1,352,305,83,34
2024-05-06,4,1,352,195,83,51
2024-05-07,4,1,352,251,83,62
2024-05-08,4,1,352,201,83,71
2024-05-09,4,1,352,239,83,66
2024-05-10,4,1,352,333,83,78
2024-05-11,4,1,352,176,83,50
2024-05-12,4,1,352,233,83,44
2024-05-13,4,1,352,286,83,51
2024-05-14,4,1,352,246,83,34
2024-05-15,4,1,352,247,83,66
2024-05-16,4,1,352,305,83,48
2024-05-17,4,1,352,177,83,68
2024-05-18,4,1,352,293,83,60
2024-05-19,4,1,352,294,83,42
2024-05-20,4,1,352,263,83,60
2024-05-21,4,1,352,248,83,60
2024-05-22,4,1,352,280,83,48
2024-05-23,4,1,352,257,83,50
2024-05-24,4,1,352,241,83,61
2024-05-25,4,1,352,314,83,36
2024-05-26,4,1,352,332,83,64
2024-05-27,4,1,352,248,83,60
2024-05-28,4,1,352,256,83,44
2024-05-29,4,1,352,319,83,43
2024-05-30,4,1,352,273,83,77
2024-05-31,4,1,352,250,83,45
2024-06-01,4,1,352,273,83,55
2024-06-02,4,1,352,187,83,37
2024-06-03,4,1,352,187,83,34
2024-06-04,4,1,352,333,83,54
2024-06-05,4,1,352,327,83,59
2024-06-06,4,1,352,299,83,48
2024-06-07,4,1,352,257,83,44
2024-06-08,4,1,352,284,83,76
2024-06-09,4,1,352,188,83,76
2024-06-10,4,1,352,318,83,55
2024-06-11,4,1,352,256,83,78
2024-06-12,4,1,352,334,83,54
2024-06-13,4,1,352,301,83,44
2024-06-14,4,1,352,331,83,61
2024-06-15,4,1,352,189,83,34
2024-06-16,4,1,352,182,83,40
2024-06-17,4,1,352,219,83,69
2024-06-18,4,1,352,227,83,40
2024-06-19,4,1,352,198,83,58
2024-06-20,4,1,352,289,83,72
2024-06-21,4,1,352,277,83,65
2024-06-22,4,1,352,202,83,54
2024-06-23,4,1,352,258,83,61
2024-06-24,4,1,352,334,83,55
2024-06-25,4,1,352,289,83,34
2024-06-26,4,1,352,266,83,61
2024-06-27,4,1,352,284,83,69
2024-06-28,4,1,352,195,83,66
2024-06-29,4,1,352,189,83,54
2024-06-30,4,1,352,239,83,75
2024-07-01,4,1,352,231,83,51
2024-07-02,4,1,352,331,83,67
2024-07-03,4,1,352,284,83,75
2024-07-04,4,1,352,293,83,33
2024-07-05,4,1,352,215,83,37
2024-07-06,4,1,352,221,83,58
2024-07-07,4,1,352,318,83,69
2024-07-08,4,1,352,211,83,62
2024-07-09,4,1,352,302,83,67
2024-07-10,4,1,352,222,83,51
2024-07-11,4,1,352,323,83,48
2024-07-12,4,1,352,220,83,33
2024-07-13,4,1,352,184,83,74
2024-07-14,4,1,352,321,83,44
2024-07-15,4,1,352,262,83,58
2024-07-16,4,1,352,195,83,76
2024-07-17,4,1,352,202,83,68
2024-07-18,4,1,352,275,83,53
2024-07-19,4,1,352,197,83,60
2024-07-20,4,1,352,297,83,34
2024-07-21,4,1,352,273,83,33
2024-07-22,4,1,352,265,83,39
2024-07-23,4,1,352,204,83,67
2024-07-24,4,1,352,194,83,56
2024-07-25,4,1,352,180,83,68
2024-07-26,4,1,352,193,83,77
2024-07-27,4,1,352,266,83,52
2024-07-28,4,1,352,199,83,57
2024-07-29,4,1,352,289,83,77
2024-07-30,4,1,352,198,83,63
2024-07-31,4,1,352,193,83,76
2024-08-01,4,1,352,261,83,44
2024-08-02,4,1,352,301,83,75
2024-08-03,4,1,352,310,83,75
2024-08-04,4,1,352,238,83,62
2024-08-05,4,1,352,225,83,34
2024-08-06,4,1,352,215,83,53
2024-08-07,4,1,352,219,83,69
2024-08-08,4,1,352,287,83,48
2024-08-09,4,1,352,254,83,45
2024-08-10,4,1,352,218,83,74
2024-08-11,4,1,352,277,83,59
2024-08-12,4,1,352,240,83,59
2024-08-13,4,1,352,273,83,63
2024-08-14,4,1,352,327,83,75
2024-08-15,4,1,352,229,83,58
2024-08-16,4,1,352,230,83,76
2024-08-17,4,1,352,180,83,38
2024-08-18,4,1,352,229,83,51
2024-08-19,4,1,352,253,83,75
2024-08-20,4,1,352,241,83,54
2024-08-21,4,1,352,228,83,47
2024-08-22,4,1,352,278,83,57
2024-08-23,4,1,352,333,83,57
2024-08-24,4,1,352,311,83,56
2024-08-25,4,1,352,207,83,53
2024-08-26,4,1,352,240,83,77
2024-08-27,4,1,352,179,83,67
2024-08-28,4,1,352,327,83,47
2024-08-29,4,1,352,242,83,38
2024-08-30,4,1,352,258,83,34
2024-08-31,4,1,352,312,83,63
2024-09-01,4,1,352,300,83,53
2024-09-02,4,1,352,266,83,51
2024-09-03,4,1,352,186,83,34
2024-09-04,4,1,352,269,83,54
2024-09-05,4,1,352,268,83,63
2024-09-06,4,1,352,209,83,55
2024-09-07,4,1,352,334,83,38
2024-09-08,4,1,352,246,83,57
2024-09-09,4,1,352,205,83,44
2024-09-10,4,1,352,249,83,55
2024-09-11,4,1,352,321,83,45
2024-09-12,4,1,352,318,83,61
2024-09-13,4,1,352,198,83,65
2024-09-14,4,1,352,305,83,77
2024-09-15,4,1,352,324,83,38
2024-09-16,4,1,352,283,83,66
2024-09-17,4,1,352,289,83,33
2024-09-18,4,1,352,299,83,67
2024-09-19,4,1,352,261,83,61
2024-09-20,4,1,352,231,83,39
2024-09-21,4,1,352,222,83,62
2024-09-22,4,1,352,252,83,52
2024-09-23,4,1,352,188,83,73
2024-09-24,4,1,352,269,83,64
2024-09-25,4,1,352,231,83,45
2024-09-26,4,1,352,225,83,67
2024-09-27,4,1,352,325,83,43
2024-09-28,4,1,352,309,83,50
2024-09-29,4,1,352,233,83,60
2024-09-30,4,1,352,191,83,35
2024-10-01,4,1,352,192,83,53
2024-10-02,4,1,352,210,83,49
2024-10-03,4,1,352,285,83,51
2024-10-04,4,1,352,191,83,78
2024-10-05,4,1,352,318,83,77
2024-10-06,4,1,352,212,83,52
2024-10-07,4,1,352,216,83,66
2024-10-08,4,1,352,210,83,38
2024-10-09,4,1,352,334,83,62
2024-10-10,4,1,352,295,83,62
2024-10-11,4,1,352,259,83,64
2024-10-12,4,1,352,281,83,41
2024-10-13,4,1,352,249,83,46
2024-10-14,4,1,352,242,83,55
2024-10-15,4,1,352,203,83,55
2024-10-16,4,1,352,267,83,63
2024-10-17,4,1,352,274,83,49
2024-10-18,4,1,352,301,83,70
2024-10-19,4,1,352,210,83,68
2024-10-20,4,1,352,192,83,74
2024-10-21,4,1,352,197,83,42
2024-10-22,4,1,352,260,83,77
2024-10-23,4,1,352,197,83,73
2024-10-24,4,1,352,227,83,56
2024-10-25,4,1,352,251,83,49
2024-10-26,4,1,352,324,83,40
2024-10-27,4,1,352,241,83,53
2024-10-28,4,1,352,197,83,44
2024-10-29,4,1,352,318,83,57
2024-10-30,4,1,352,298,83,64
2024-10-31,4,1,352,326,83,64
2024-11-01,4,1,352,263,83,35
2024-11-02,4,1,352,243,83,42
2024-11-03,4,1,352,208,83,37
2024-11-04,4,1,352,267,83,60
2024-11-05,4,1,352,274,83,77
2024-11-06,4,1,352,254,83,61
2024-11-07,4,1,352,232,83,43
2024-11-08,4,1,352,288,83,35
2024-11-09,4,1,352,248,83,59
2024-11-10,4,1,352,188,83,69
2024-11-11,4,1,352,273,83,62
2024-11-12,4,1,352,251,83,44
2024-11-13,4,1,352,333,83,49
2024-11-14,4,1,352,317,83,62
2024-11-15,4,1,352,273,83,42
2024-11-16,4,1,352,193,83,33
2024-11-17,4,1,352,219,83,54
2024-11-18,4,1,352,255,83,48
2024-11-19,4,1,352,209,83,72
2024-11-20,4,1,352,299,83,59
2024-11-21,4,1,352,255,83,62
2024-11-22,4,1,352,211,83,38
2024-11-23,4,1,352,300,83,62
2024-11-24,4,1,352,210,83,60
2024-11-25,4,1,352,262,83,40
2024-11-26,4,1,352,176,83,68
2024-11-27,4,1,352,327,83,72
2024-11-28,4,1,352,298,83,36
2024-11-29,4,1,352,269,83,34
2024-11-30,4,1,352,326,83,62
2024-12-01,4,1,352,248,83,44
2024-12-02,4,1,352,184,83,71
2024-12-03,4,1,352,204,83,36
2024-12-04,4,1,352,298,83,35
2024-12-05,4,1,352,190,83,74
2024-12-06,4,1,352,279,83,37
2024-12-07,4,1,352,302,83,57
2024-12-08,4,1,352,249,83,36
2024-12-09,4,1,352,202,83,50
2024-12-10,4,1,352,329,83,49
2024-12-11,4,1,352,267,83,45
2024-12-12,4,1,352,319,83,69
2024-12-13,4,1,352,265,83,39
2024-12-14,4,1,352,289,83,42
2024-12-15,4,1,352,185,83,53
2024-12-16,4,1,352,185,83,51
2024-12-17,4,1,352,314,83,39
2024-12-18,4,1,352,209,83,63
2024-12-19,4,1,352,264,83,52
2024-12-20,4,1,352,298,83,65
2024-12-21,4,1,352,203,83,67
2024-12-22,4,1,352,288,83,67
2024-12-23,4,1,352,240,83,56
2024-12-24,4,1,352,334,83,69
2024-12-25,4,1,352,329,83,59
2024-12-26,4,1,352,222,83,57
2024-12-27,4,1,352,243,83,76
2024-12-28,4,1,352,294,83,53
2024-12-29,4,1,352,315,83,58
2024-12-30,4,1,352,218,83,78
2024-12-31,4,1,352,239,83,71
2023-01-01,4,2,352,315,83,64
2023-01-02,4,2,352,197,83,58
2023-01-03,4,2,352,187,83,71
2023-01-04,4,2,352,181,83,34
2023-01-05,4,2,352,222,83,35
2023-01-06,4,2,352,307,83,73
2023-01-07,4,2,352,233,83,52
2023-01-08,4,2,352,197,83,54
2023-01-09,4,2,352,237,83,74
2023-01-10,4,2,352,283,83,77
2023-01-11,4,2,352,259,83,66
2023-01-12,4,2,352,268,83,48
2023-01-13,4,2,352,273,83,53
2023-01-14,4,2,352,251,83,70
2023-01-15,4,2,352,269,83,49
2023-01-16,4,2,352,266,83,53
2023-01-17,4,2,352,261,83,35
2023-01-18,4,2,352,302,83,70
2023-01-19,4,2,352,261,83,45
2023-01-20,4,2,352,315,83,58
2023-01-21,4,2,352,288,83,50
2023-01-22,4,2,352,185,83,36
2023-01-23,4,2,352,334,83,40
2023-01-24,4,2,352,255,83,33
2023-01-25,4,2,352,188,83,56
2023-01-26,4,2,352,197,83,69
2023-01-27,4,2,352,280,83,40
2023-01-28,4,2,352,212,83,49
2023-01-29,4,2,352,285,83,33
2023-01-30,4,2,352,232,83,67
2023-01-31,4,2,352,311,83,60
2023-02-01,4,2,352,290,83,57
2023-02-02,4,2,352,247,83,35
2023-02-03,4,2,352,261,83,60
2023-02-04,4,2,352,208,83,57
2023-02-05,4,2,352,212,83,61
2023-02-06,4,2,352,205,83,53
2023-02-07,4,2,352,301,83,76
2023-02-08,4,2,352,298,83,33
2023-02-09,4,2,352,250,83,61
2023-02-10,4,2,352,238,83,35
2023-02-11,4,2,352,273,83,68
2023-02-12,4,2,352,177,83,75
2023-02-13,4,2,352,251,83,64
2023-02-14,4,2,352,237,83,46
2023-02-15,4,2,352,269,83,38
2023-02-16,4,2,352,213,83,73
2023-02-17,4,2,352,266,83,62
2023-02-18,4,2,352,249,83,68
2023-02-19,4,2,352,249,83,38
2023-02-20,4,2,352,249,83,53
2023-02-21,4,2,352,202,83,34
2023-02-22,4,2,352,298,83,39
2023-02-23,4,2,352,220,83,39
2023-02-24,4,2,352,177,83,51
2023-02-25,4,2,352,221,83,50
2023-02-26,4,2,352,223,83,70
2023-02-27,4,2,352,316,83,73
2023-02-28,4,2,352,294,83,33
2023-03-01,4,2,352,299,83,46
2023-03-02,4,2,352,295,83,75
2023-03-03,4,2,352,333,83,65
2023-03-04,4,2,352,314,83,35
2023-03-05,4,2,352,259,83,78
2023-03-06,4,2,352,256,83,71
2023-03-07,4,2,352,267,83,52
2023-03-08,4,2,352,307,83,46
2023-03-09,4,2,352,208,83,43
2023-03-10,4,2,352,252,83,68
2023-03-11,4,2,352,276,83,54
2023-03-12,4,2,352,267,83,44
2023-03-13,4,2,352,232,83,34
2023-03-14,4,2,352,257,83,44
2023-03-15,4,2,352,252,83,33
2023-03-16,4,2,352,311,83,55
2023-03-17,4,2,352,190,83,35
2023-03-18,4,2,352,322,83,66
2023-03-19,4,2,352,237,83,73
2023-03-20,4,2,352,222,83,67
2023-03-21,4,2,352,261,83,43
2023-03-22,4,2,352,223,83,74
2023-03-23,4,2,352,213,83,69
2023-03-24,4,2,352,331,83,40
2023-03-25,4,2,352,239,83,54
2023-03-26,4,2,352,264,83,70
2023-03-27,4,2,352,333,83,62
2023-03-28,4,2,352,331,83,35
2023-03-29,4,2,352,287,83,39
2023-03-30,4,2,352,226,83,62
2023-03-31,4,2,352,205,83,78
2023-04-01,4,2,352,208,83,53
2023-04-02,4,2,352,233,83,66
2023-04-03,4,2,352,239,83,52
2023-04-04,4,2,352,198,83,35
2023-04-05,4,2,352,247,83,63
2023-04-06,4,2,352,257,83,41
2023-04-07,4,2,352,267,83,46
2023-04-08,4,2,352,320,83,50
2023-04-09,4,2,352,312,83,43
2023-04-10,4,2,352,201,83,59
2023-04-11,4,2,352,280,83,35
2023-04-12,4,2,352,212,83,59
2023-04-13,4,2,352,222,83,67
2023-04-14,4,2,352,333,83,65
2023-04-15,4,2,352,176,83,56
2023-04-16,4,2,352,180,83,56
2023-04-17,4,2,352,231,83,52
2023-04-18,4,2,352,194,83,75
2023-04-19,4,2,352,276,83,57
2023-04-20,4,2,352,294,83,60
2023-04-21,4,2,352,221,83,35
2023-04-22,4,2,352,332,83,69
2023-04-23,4,2,352,283,83,58
2023-04-24,4,2,352,247,83,74
2023-04-25,4,2,352,208,83,36
2023-04-26,4,2,352,190,83,49
2023-04-27,4,2,352,294,83,71
2023-04-28,4,2,352,232,83,54
2023-04-29,4,2,352,198,83,50
2023-04-30,4,2,352,200,83,47
2023-05-01,4,2,352,232,83,68
2023-05-02,4,2,352,321,83,67
2023-05-03,4,2,352,188,83,54
2023-05-04,4,2,352,211,83,53
2023-05-05,4,2,352,186,83,35
2023-05-06,4,2,352,227,83,71
2023-05-07,4,2,352,262,83,73
2023-05-08,4,2,352,215,83,45
2023-05-09,4,2,352,332,83,78
2023-05-10,4,2,352,267,83,34
2023-05-11,4,2,352,281,83,73
2023-05-12,4,2,352,186,83,64
2023-05-13,4,2,352,180,83,67
2023-05-14,4,2,352,329,83,53
2023-05-15,4,2,352,251,83,64
2023-05-16,4,2,352,295,83,44
2023-05-17,4,2,352,250,83,44
2023-05-18,4,2,352,250,83,34
2023-05-19,4,2,352,182,83,63
2023-05-20,4,2,352,313,83,37
2023-05-21,4,2,352,182,83,38
2023-05-22,4,2,352,196,83,67
2023-05-23,4,2,352,205,83,76
2023-05-24,4,2,352,214,83,61
2023-05-25,4,2,352,176,83,59
2023-05-26,4,2,352,240,83,51
2023-05-27,4,2,352,224,83,72
2023-05-28,4,2,352,322,83,59
2023-05-29,4,2,352,318,83,36
2023-05-30,4,2,352,265,83,42
2023-05-31,4,2,352,207,83,42
2023-06-01,4,2,352,256,83,41
2023-06-02,4,2,352,226,83,71
2023-06-03,4,2,352,267,83,44
2023-06-04,4,2,352,261,83,72
2023-06-05,4,2,352,296,83,57
2023-06-06,4,2,352,301,83,75
2023-06-07,4,2,352,202,83,52
2023-06-08,4,2,352,251,83,50
2023-06-09,4,2,352,332,83,37
2023-06-10,4,2,352,207,83,65
2023-06-11,4,2,352,270,83,39
2023-06-12,4,2,352,214,83,69
2023-06-13,4,2,352,274,83,55
2023-06-14,4,2,352,274,83,53
2023-06-15,4,2,352,269,83,51
2023-06-16,4,2,352,287,83,44
2023-06-17,4,2,352,272,83,35
2023-06-18,4,2,352,304,83,48
2023-06-19,4,2,352,195,83,37
2023-06-20,4,2,352,238,83,33
2023-06-21,4,2,352,223,83,69
2023-06-22,4,2,352,251,83,64
2023-06-23,4,2,352,300,83,70
2023-06-24,4,2,352,190,83,70
2023-06-25,4,2,352,230,83,68
2023-06-26,4,2,352,303,83,76
2023-06-27,4,2,352,254,83,37
2023-06-28,4,2,352,240,83,68
2023-06-29,4,2,352,179,83,59
2023-06-30,4,2,352,180,83,78
2023-07-01,4,2,352,309,83,40
2023-07-02,4,2,352,216,83,52
2023-07-03,4,2,352,239,83,53
2023-07-04,4,2,352,223,83,71
2023-07-05,4,2,352,334,83,39
2023-07-06,4,2,352,248,83,73
2023-07-07,4,2,352,300,83,44
2023-07-08,4,2,352,285,83,39
2023-07-09,4,2,352,263,83,57
2023-07-10,4,2,352,201,83,34
2023-07-11,4,2,352,322,83,77
2023-07-12,4,2,352,189,83,75
2023-07-13,4,2,352,197,83,76
2023-07-14,4,2,352,247,83,72
2023-07-15,4,2,352,308,83,72
2023-07-16,4,2,352,243,83,68
2023-07-17,4,2,352,183,83,43
2023-07-18,4,2,352,232,83,71
2023-07-19,4,2,352,177,83,69
2023-07-20,4,2,352,309,83,65
2023-07-21,4,2,352,227,83,60
2023-07-22,4,2,352,208,83,60
2023-07-23,4,2,352,316,83,36
2023-07-24,4,2,352,212,83,59
2023-07-25,4,2,352,277,83,41
2023-07-26,4,2,352,263,83,34
2023-07-27,4,2,352,287,83,68
2023-07-28,4,2,352,223,83,76
2023-07-29,4,2,352,301,83,38
2023-07-30,4,2,352,326,83,59
2023-07-31,4,2,352,289,83,72
2023-08-01,4,2,352,208,83,57
2023-08-02,4,2,352,254,83,55
2023-08-03,4,2,352,298,83,66
2023-08-04,4,2,352,251,83,34
2023-08-05,4,2,352,202,83,76
2023-08-06,4,2,352,287,83,73
2023-08-07,4,2,352,327,83,39
2023-08-08,4,2,352,310,83,33
2023-08-09,4,2,352,274,83,75
2023-08-10,4,2,352,231,83,78
2023-08-11,4,2,352,205,83,37
2023-08-12,4,2,352,233,83,66
2023-08-13,4,2,352,306,83,70
2023-08-14,4,2,352,311,83,45
2023-08-15,4,2,352,263,83,76
2023-08-16,4,2,352,250,83,53
2023-08-17,4,2,352,202,83,35
2023-08-18,4,2,352,313,83,36
2023-08-19,4,2,352,238,83,37
2023-08-20,4,2,352,216,83,78
2023-08-21,4,2,352,258,83,73
2023-08-22,4,2,352,304,83,69
2023-08-23,4,2,352,282,83,39
2023-08-24,4,2,352,281,83,66
2023-08-25,4,2,352,254,83,39
2023-08-26,4,2,352,196,83,33
2023-08-27,4,2,352,262,83,37
2023-08-28,4,2,352,327,83,47
2023-08-29,4,2,352,215,83,33
2023-08-30,4,2,352,210,83,57
2023-08-31,4,2,352,329,83,40
2023-09-01,4,2,352,259,83,36
2023-09-02,4,2,352,309,83,40
2023-09-03,4,2,352,297,83,44
2023-09-04,4,2,352,207,83,53
2023-09-05,4,2,352,295,83,57
2023-09-06,4,2,352,197,83,75
2023-09-07,4,2,352,204,83,47
2023-09-08,4,2,352,203,83,74
2023-09-09,4,2,352,239,83,39
2023-09-10,4,2,352,240,83,69
2023-09-11,4,2,352,305,83,76
2023-09-12,4,2,352,279,83,59
2023-09-13,4,2,352,234,83,54
2023-09-14,4,2,352,214,83,67
2023-09-15,4,2,352,248,83,55
2023-09-16,4,2,352,304,83,41
2023-09-17,4,2,352,313,83,49
2023-09-18,4,2,352,219,83,61
2023-09-19,4,2,352,191,83,49
2023-09-20,4,2,352,279,83,55
2023-09-21,4,2,352,304,83,37
2023-09-22,4,2,352,233,83,72
2023-09-23,4,2,352,247,83,38
2023-09-24,4,2,352,221,83,48
2023-09-25,4,2,352,226,83,53
2023-09-26,4,2,352,311,83,34
2023-09-27,4,2,352,181,83,74
2023-09-28,4,2,352,245,83,62
2023-09-29,4,2,352,299,83,77
2023-09-30,4,2,352,303,83,38
2023-10-01,4,2,352,250,83,59
2023-10-02,4,2,352,258,83,78
2023-10-03,4,2,352,289,83,66
2023-10-04,4,2,352,320,83,78
2023-10-05,4,2,352,210,83,74
2023-10-06,4,2,352,202,83,54
2023-10-07,4,2,352,249,83,50
2023-10-08,4,2,352,204,83,78
2023-10-09,4,2,352,231,83,45
2023-10-10,4,2,352,214,83,59
2023-10-11,4,2,352,189,83,41
2023-10-12,4,2,352,199,83,43
2023-10-13,4,2,352,272,83,75
2023-10-14,4,2,352,215,83,52
2023-10-15,4,2,352,207,83,39
2023-10-16,4,2,352,216,83,53
2023-10-17,4,2,352,217,83,76
2023-10-18,4,2,352,240,83,37
2023-10-19,4,2,352,213,83,59
2023-10-20,4,2,352,264,83,53
2023-10-21,4,2,352,180,83,53
2023-10-22,4,2,352,290,83,37
2023-10-23,4,2,352,274,83,70
2023-10-24,4,2,352,333,83,38
2023-10-25,4,2,352,202,83,57
2023-10-26,4,2,352,185,83,61
2023-10-27,4,2,352,318,83,57
2023-10-28,4,2,352,324,83,34
2023-10-29,4,2,352,332,83,67
2023-10-30,4,2,352,200,83,53
2023-10-31,4,2,352,322,83,51
2023-11-01,4,2,352,303,83,54
2023-11-02,4,2,352,327,83,52
2023-11-03,4,2,352,180,83,48
2023-11-04,4,2,352,268,83,37
2023-11-05,4,2,352,206,83,43
2023-11-06,4,2,352,292,83,63
2023-11-07,4,2,352,273,83,65
2023-11-08,4,2,352,218,83,47
2023-11-09,4,2,352,266,83,69
2023-11-10,4,2,352,234,83,54
2023-11-11,4,2,352,311,83,46
2023-11-12,4,2,352,275,83,74
2023-11-13,4,2,352,286,83,64
2023-11-14,4,2,352,216,83,67
2023-11-15,4,2,352,227,83,49
2023-11-16,4,2,352,302,83,46
2023-11-17,4,2,352,260,83,67
2023-11-18,4,2,352,206,83,33
2023-11-19,4,2,352,241,83,54
2023-11-20,4,2,352,237,83,51
2023-11-21,4,2,352,247,83,64
2023-11-22,4,2,352,268,83,48
2023-11-23,4,2,352,320,83,57
2023-11-24,4,2,352,262,83,41
2023-11-25,4,2,352,258,83,39
2023-11-26,4,2,352,204,83,38
2023-11-27,4,2,352,261,83,51
2023-11-28,4,2,352,236,83,66
2023-11-29,4,2,352,224,83,33
2023-11-30,4,2,352,180,83,65
2023-12-01,4,2,352,297,83,76
2023-12-02,4,2,352,263,83,66
2023-12-03,4,2,352,255,83,48
2023-12-04,4,2,352,248,83,35
2023-12-05,4,2,352,288,83,62
2023-12-06,4,2,352,279,83,71
2023-12-07,4,2,352,203,83,46
2023-12-08,4,2,352,210,83,47
2023-12-09,4,2,352,289,83,36
2023-12-10,4,2,352,207,83,62
2023-12-11,4,2,352,230,83,47
2023-12-12,4,2,352,274,83,43
2023-12-13,4,2,352,272,83,75
2023-12-14,4,2,352,263,83,54
2023-12-15,4,2,352,275,83,52
2023-12-16,4,2,352,199,83,43
2023-12-17,4,2,352,331,83,53
2023-12-18,4,2,352,309,83,75
2023-12-19,4,2,352,321,83,58
2023-12-20,4,2,352,245,83,76
2023-12-21,4,2,352,253,83,58
2023-12-22,4,2,352,283,83,37
2023-12-23,4,2,352,223,83,51
2023-12-24,4,2,352,222,83,75
2023-12-25,4,2,352,274,83,47
2023-12-26,4,2,352,281,83,34
2023-12-27,4,2,352,192,83,47
2023-12-28,4,2,352,210,83,71
2023-12-29,4,2,352,284,83,64
2023-12-30,4,2,352,228,83,64
2023-12-31,4,2,352,213,83,36
2024-01-01,4,2,352,214,83,33
2024-01-02,4,2,352,285,83,42
2024-01-03,4,2,352,289,83,58
2024-01-04,4,2,352,210,83,42
2024-01-05,4,2,352,189,83,70
2024-01-06,4,2,352,270,83,49
2024-01-07,4,2,352,254,83,35
2024-01-08,4,2,352,235,83,54
2024-01-09,4,2,352,299,83,41
2024-01-10,4,2,352,180,83,35
2024-01-11,4,2,352,307,83,74
2024-01-12,4,2,352,177,83,64
2024-01-13,4,2,352,223,83,75
2024-01-14,4,2,352,264,83,73
2024-01-15,4,2,352,299,83,33
2024-01-16,4,2,352,311,83,54
2024-01-17,4,2,352,241,83,35
2024-01-18,4,2,352,252,83,78
2024-01-19,4,2,352,246,83,50
2024-01-20,4,2,352,214,83,43
2024-01-21,4,2,352,247,83,38
2024-01-22,4,2,352,223,83,49
2024-01-23,4,2,352,184,83,50
2024-01-24,4,2,352,223,83,77
2024-01-25,4,2,352,289,83,66
2024-01-26,4,2,352,258,83,78
2024-01-27,4,2,352,243,83,75
2024-01-28,4,2,352,298,83,63
2024-01-29,4,2,352,241,83,55
2024-01-30,4,2,352,317,83,48
2024-01-31,4,2,352,197,83,67
2024-02-01,4,2,352,185,83,50
2024-02-02,4,2,352,317,83,49
2024-02-03,4,2,352,180,83,70
2024-02-04,4,2,352,294,83,72
2024-02-05,4,2,352,181,83,74
2024-02-06,4,2,352,267,83,72
2024-02-07,4,2,352,277,83,43
2024-02-08,4,2,352,231,83,78
2024-02-09,4,2,352,280,83,38
2024-02-10,4,2,352,291,83,66
2024-02-11,4,2,352,216,83,66
2024-02-12,4,2,352,211,83,53
2024-02-13,4,2,352,295,83,66
2024-02-14,4,2,352,221,83,73
2024-02-15,4,2,352,250,83,61
2024-02-16,4,2,352,327,83,58
2024-02-17,4,2,352,264,83,59
2024-02-18,4,2,352,226,83,50
2024-02-19,4,2,352,292,83,74
2024-02-20,4,2,352,235,83,60
2024-02-21,4,2,352,230,83,44
2024-02-22,4,2,352,313,83,67
2024-02-23,4,2,352,184,83,59
2024-02-24,4,2,352,291,83,61
2024-02-25,4,2,352,237,83,44
2024-02-26,4,2,352,259,83,75
2024-02-27,4,2,352,278,83,57
2024-02-28,4,2,352,288,83,57
2024-02-29,4,2,352,327,83,70
2024-03-01,4,2,352,213,83,39
2024-03-02,4,2,352,308,83,43
2024-03-03,4,2,352,313,83,37
2024-03-04,4,2,352,267,83,77
2024-03-05,4,2,352,178,83,54
2024-03-06,4,2,352,270,83,77
2024-03-07,4,2,352,232,83,45
2024-03-08,4,2,352,177,83,68
2024-03-09,4,2,352,264,83,61
2024-03-10,4,2,352,197,83,48
2024-03-11,4,2,352,291,83,53
2024-03-12,4,2,352,207,83,62
2024-03-13,4,2,352,285,83,71
2024-03-14,4,2,352,213,83,78
2024-03-15,4,2,352,193,83,67
2024-03-16,4,2,352,289,83,68
2024-03-17,4,2,352,256,83,56
2024-03-18,4,2,352,205,83,50
2024-03-19,4,2,352,202,83,77
2024-03-20,4,2,352,205,83,54
2024-03-21,4,2,352,311,83,49
2024-03-22,4,2,352,252,83,63
2024-03-23,4,2,352,204,83,34
2024-03-24,4,2,352,195,83,36
2024-03-25,4,2,352,203,83,42
2024-03-26,4,2,352,212,83,73
2024-03-27,4,2,352,244,83,58
2024-03-28,4,2,352,317,83,40
2024-03-29,4,2,352,246,83,54
2024-03-30,4,2,352,179,83,52
2024-03-31,4,2,352,197,83,65
2024-04-01,4,2,352,180,83,70
2024-04-02,4,2,352,252,83,70
2024-04-03,4,2,352,308,83,45
2024-04-04,4,2,352,216,83,68
2024-04-05,4,2,352,210,83,35
2024-04-06,4,2,352,221,83,76
2024-04-07,4,2,352,236,83,51
2024-04-08,4,2,352,244,83,58
2024-04-09,4,2,352,254,83,64
2024-04-10,4,2,352,263,83,68
2024-04-11,4,2,352,315,83,39
2024-04-12,4,2,352,187,83,55
2024-04-13,4,2,352,294,83,57
2024-04-14,4,2,352,269,83,53
2024-04-15,4,2,352,279,83,33
2024-04-16,4,2,352,201,83,43
2024-04-17,4,2,352,306,83,77
2024-04-18,4,2,352,331,83,45
2024-04-19,4,2,352,250,83,68
2024-04-20,4,2,352,293,83,44
2024-04-21,4,2,352,227,83,37
2024-04-22,4,2,352,235,83,78
2024-04-23,4,2,352,300,83,69
2024-04-24,4,2,352,311,83,75
2024-04-25,4,2,352,288,83,45
2024-04-26,4,2,352,177,83,59
2024-04-27,4,2,352,235,83,42
2024-04-28,4,2,352,185,83,72
2024-04-29,4,2,352,197,83,50
2024-04-30,4,2,352,203,83,33
2024-05-01,4,2,352,328,83,47
2024-05-02,4,2,352,295,83,38
2024-05-03,4,2,352,229,83,77
2024-05-04,4,2,352,279,83,75
2024-05-05,4,2,352,294,83,38
2024-05-06,4,2,352,321,83,67
2024-05-07,4,2,352,183,83,55
2024-05-08,4,2,352,293,83,61
2024-05-09,4,2,352,247,83,63
2024-05-10,4,2,352,247,83,33
2024-05-11,4,2,352,310,83,65
2024-05-12,4,2,352,255,83,49
2024-05-13,4,2,352,281,83,53
2024-05-14,4,2,352,227,83,49
2024-05-15,4,2,352,183,83,48
2024-05-16,4,2,352,193,83,55
2024-05-17,4,2,352,270,83,43
2024-05-18,4,2,352,302,83,56
2024-05-19,4,2,352,187,83,41
2024-05-20,4,2,352,203,83,50
2024-05-21,4,2,352,243,83,61
2024-05-22,4,2,352,190,83,47
2024-05-23,4,2,352,259,83,73
2024-05-24,4,2,352,252,83,56
2024-05-25,4,2,352,333,83,55
2024-05-26,4,2,352,225,83,38
2024-05-27,4,2,352,238,83,46
2024-05-28,4,2,352,195,83,57
2024-05-29,4,2,352,305,83,76
2024-05-30,4,2,352,185,83,47
2024-05-31,4,2,352,284,83,75
2024-06-01,4,2,352,272,83,70
2024-06-02,4,2,352,310,83,41
2024-06-03,4,2,352,294,83,64
2024-06-04,4,2,352,183,83,47
2024-06-05,4,2,352,248,83,60
2024-06-06,4,2,352,226,83,67
2024-06-07,4,2,352,262,83,50
2024-06-08,4,2,352,180,83,70
2024-06-09,4,2,352,178,83,72
2024-06-10,4,2,352,179,83,66
2024-06-11,4,2,352,322,83,39
2024-06-12,4,2,352,317,83,33
2024-06-13,4,2,352,215,83,64
2024-06-14,4,2,352,333,83,36
2024-06-15,4,2,352,260,83,71
2024-06-16,4,2,352,204,83,75
2024-06-17,4,2,352,283,83,47
2024-06-18,4,2,352,197,83,35
2024-06-19,4,2,352,233,83,40
2024-06-20,4,2,352,260,83,73
2024-06-21,4,2,352,293,83,73
2024-06-22,4,2,352,204,83,45
2024-06-23,4,2,352,255,83,36
2024-06-24,4,2,352,195,83,54
2024-06-25,4,2,352,282,83,55
2024-06-26,4,2,352,274,83,36
2024-06-27,4,2,352,215,83,46
2024-06-28,4,2,352,220,83,72
2024-06-29,4,2,352,294,83,54
2024-06-30,4,2,352,264,83,39
2024-07-01,4,2,352,277,83,78
2024-07-02,4,2,352,209,83,72
2024-07-03,4,2,352,327,83,66
2024-07-04,4,2,352,280,83,49
2024-07-05,4,2,352,325,83,73
2024-07-06,4,2,352,277,83,63
2024-07-07,4,2,352,223,83,47
2024-07-08,4,2,352,288,83,58
2024-07-09,4,2,352,183,83,41
2024-07-10,4,2,352,302,83,48
2024-07-11,4,2,352,190,83,72
2024-07-12,4,2,352,233,83,76
2024-07-13,4,2,352,311,83,55
2024-07-14,4,2,352,283,83,70
2024-07-15,4,2,352,204,83,36
2024-07-16,4,2,352,209,83,69
2024-07-17,4,2,352,260,83,67
2024-07-18,4,2,352,220,83,42
2024-07-19,4,2,352,320,83,70
2024-07-20,4,2,352,287,83,50
2024-07-21,4,2,352,297,83,34
2024-07-22,4,2,352,279,83,43
2024-07-23,4,2,352,253,83,76
2024-07-24,4,2,352,301,83,49
2024-07-25,4,2,352,326,83,35
2024-07-26,4,2,352,317,83,77
2024-07-27,4,2,352,282,83,33
2024-07-28,4,2,352,233,83,75
2024-07-29,4,2,352,187,83,33
2024-07-30,4,2,352,328,83,68
2024-07-31,4,2,352,209,83,75
2024-08-01,4,2,352,191,83,40
2024-08-02,4,2,352,288,83,57
2024-08-03,4,2,352,293,83,48
2024-08-04,4,2,352,196,83,72
2024-08-05,4,2,352,222,83,35
2024-08-06,4,2,352,176,83,48
2024-08-07,4,2,352,194,83,60
2024-08-08,4,2,352,329,83,69
2024-08-09,4,2,352,267,83,78
2024-08-10,4,2,352,230,83,36
2024-08-11,4,2,352,275,83,44
2024-08-12,4,2,352,315,83,53
2024-08-13,4,2,352,184,83,54
2024-08-14,4,2,352,178,83,65
2024-08-15,4,2,352,264,83,41
2024-08-16,4,2,352,267,83,46
2024-08-17,4,2,352,288,83,51
2024-08-18,4,2,352,233,83,50
2024-08-19,4,2,352,228,83,56
2024-08-20,4,2,352,228,83,64
2024-08-21,4,2,352,193,83,61
2024-08-22,4,2,352,315,83,34
2024-08-23,4,2,352,240,83,64
2024-08-24,4,2,352,290,83,48
2024-08-25,4,2,352,188,83,45
2024-08-26,4,2,352,312,83,65
2024-08-27,4,2,352,264,83,50
2024-08-28,4,2,352,199,83,66
2024-08-29,4,2,352,181,83,63
2024-08-30,4,2,352,188,83,38
2024-08-31,4,2,352,285,83,47
2024-09-01,4,2,352,264,83,75
2024-09-02,4,2,352,333,83,58
2024-09-03,4,2,352,315,83,59
2024-09-04,4,2,352,209,83,58
2024-09-05,4,2,352,266,83,57
2024-09-06,4,2,352,303,83,60
2024-09-07,4,2,352,247,83,47
2024-09-08,4,2,352,242,83,50
2024-09-09,4,2,352,259,83,72
2024-09-10,4,2,352,329,83,54
2024-09-11,4,2,352,176,83,62
2024-09-12,4,2,352,287,83,51
2024-09-13,4,2,352,251,83,45
2024-09-14,4,2,352,320,83,49
2024-09-15,4,2,352,230,83,50
2024-09-16,4,2,352,192,83,49
2024-09-17,4,2,352,205,83,57
2024-09-18,4,2,352,196,83,45
2024-09-19,4,2,352,321,83,36
2024-09-20,4,2,352,231,83,63
2024-09-21,4,2,352,273,83,38
2024-09-22,4,2,352,270,83,37
2024-09-23,4,2,352,231,83,49
2024-09-24,4,2,352,267,83,76
2024-09-25,4,2,352,203,83,57
2024-09-26,4,2,352,286,83,50
2024-09-27,4,2,352,202,83,61
2024-09-28,4,2,352,241,83,77
2024-09-29,4,2,352,222,83,49
2024-09-30,4,2,352,217,83,60
2024-10-01,4,2,352,302,83,73
2024-10-02,4,2,352,326,83,47
2024-10-03,4,2,352,297,83,64
2024-10-04,4,2,352,293,83,64
2024-10-05,4,2,352,308,83,56
2024-10-06,4,2,352,317,83,55
2024-10-07,4,2,352,203,83,55
2024-10-08,4,2,352,289,83,73
2024-10-09,4,2,352,210,83,78
2024-10-10,4,2,352,266,83,33
2024-10-11,4,2,352,304,83,55
2024-10-12,4,2,352,238,83,37
2024-10-13,4,2,352,276,83,46
2024-10-14,4,2,352,318,83,35
2024-10-15,4,2,352,222,83,54
2024-10-16,4,2,352,254,83,69
2024-10-17,4,2,352,256,83,62
2024-10-18,4,2,352,198,83,48
2024-10-19,4,2,352,263,83,55
2024-10-20,4,2,352,254,83,61
2024-10-21,4,2,352,332,83,34
2024-10-22,4,2,352,331,83,55
2024-10-23,4,2,352,254,83,55
2024-10-24,4,2,352,267,83,75
2024-10-25,4,2,352,248,83,57
2024-10-26,4,2,352,197,83,49
2024-10-27,4,2,352,246,83,34
2024-10-28,4,2,352,181,83,42
2024-10-29,4,2,352,209,83,58
2024-10-30,4,2,352,249,83,54
2024-10-31,4,2,352,206,83,67
2024-11-01,4,2,352,250,83,33
2024-11-02,4,2,352,332,83,66
2024-11-03,4,2,352,317,83,68
2024-11-04,4,2,352,239,83,69
2024-11-05,4,2,352,292,83,66
2024-11-06,4,2,352,268,83,78
2024-11-07,4,2,352,207,83,47
2024-11-08,4,2,352,216,83,71
2024-11-09,4,2,352,215,83,59
2024-11-10,4,2,352,317,83,36
2024-11-11,4,2,352,328,83,63
2024-11-12,4,2,352,250,83,42
2024-11-13,4,2,352,275,83,78
2024-11-14,4,2,352,177,83,35
2024-11-15,4,2,352,253,83,36
2024-11-16,4,2,352,261,83,55
2024-11-17,4,2,352,306,83,49
2024-11-18,4,2,352,320,83,62
2024-11-19,4,2,352,309,83,67
2024-11-20,4,2,352,223,83,37
2024-11-21,4,2,352,200,83,45
2024-11-22,4,2,352,189,83,41
2024-11-23,4,2,352,280,83,50
2024-11-24,4,2,352,206,83,74
2024-11-25,4,2,352,321,83,64
2024-11-26,4,2,352,239,83,68
2024-11-27,4,2,352,309,83,46
2024-11-28,4,2,352,290,83,57
2024-11-29,4,2,352,295,83,72
2024-11-30,4,2,352,326,83,71
2024-12-01,4,2,352,208,83,74
2024-12-02,4,2,352,208,83,71
2024-12-03,4,2,352,311,83,50
2024-12-04,4,2,352,314,83,37
2024-12-05,4,2,352,334,83,67
2024-12-06,4,2,352,197,83,68
2024-12-07,4,2,352,177,83,76
2024-12-08,4,2,352,331,83,41
2024-12-09,4,2,352,280,83,63
2024-12-10,4,2,352,223,83,53
2024-12-11,4,2,352,264,83,40
2024-12-12,4,2,352,185,83,76
2024-12-13,4,2,352,206,83,62
2024-12-14,4,2,352,284,83,54
2024-12-15,4,2,352,244,83,74
2024-12-16,4,2,352,247,83,33
2024-12-17,4,2,352,182,83,70
2024-12-18,4,2,352,325,83,72
2024-12-19,4,2,352,207,83,47
2024-12-20,4,2,352,296,83,72
2024-12-21,4,2,352,327,83,67
2024-12-22,4,2,352,240,83,43
2024-12-23,4,2,352,232,83,49
2024-12-24,4,2,352,302,83,35
2024-12-25,4,2,352,182,83,53
2024-12-26,4,2,352,290,83,34
2024-12-27,4,2,352,236,83,51
2024-12-28,4,2,352,208,83,39
2024-12-29,4,2,352,295,83,49
2024-12-30,4,2,352,187,83,65
2024-12-31,4,2,352,263,83,37
2023-01-01,4,3,352,304,83,63
2023-01-02,4,3,352,255,83,71
2023-01-03,4,3,352,177,83,53
2023-01-04,4,3,352,301,83,40
2023-01-05,4,3,352,303,83,61
2023-01-06,4,3,352,222,83,54
2023-01-07,4,3,352,277,83,56
2023-01-08,4,3,352,269,83,73
2023-01-09,4,3,352,204,83,76
2023-01-10,4,3,352,228,83,65
2023-01-11,4,3,352,332,83,55
2023-01-12,4,3,352,217,83,39
2023-01-13,4,3,352,245,83,34
2023-01-14,4,3,352,205,83,75
2023-01-15,4,3,352,305,83,48
2023-01-16,4,3,352,278,83,57
2023-01-17,4,3,352,325,83,69
2023-01-18,4,3,352,288,83,71
2023-01-19,4,3,352,227,83,71
2023-01-20,4,3,352,208,83,52
2023-01-21,4,3,352,237,83,71
2023-01-22,4,3,352,233,83,62
2023-01-23,4,3,352,243,83,42
2023-01-24,4,3,352,293,83,51
2023-01-25,4,3,352,329,83,77
2023-01-26,4,3,352,200,83,67
2023-01-27,4,3,352,325,83,74
2023-01-28,4,3,352,328,83,41
2023-01-29,4,3,352,309,83,42
2023-01-30,4,3,352,308,83,41
2023-01-31,4,3,352,298,83,40
2023-02-01,4,3,352,204,83,76
2023-02-02,4,3,352,266,83,75
2023-02-03,4,3,352,229,83,56
2023-02-04,4,3,352,192,83,37
2023-02-05,4,3,352,229,83,52
2023-02-06,4,3,352,325,83,66
2023-02-07,4,3,352,244,83,70
2023-02-08,4,3,352,257,83,73
2023-02-09,4,3,352,244,83,64
2023-02-10,4,3,352,290,83,33
2023-02-11,4,3,352,184,83,55
2023-02-12,4,3,352,296,83,51
2023-02-13,4,3,352,275,83,67
2023-02-14,4,3,352,207,83,72
2023-02-15,4,3,352,316,83,33
2023-02-16,4,3,352,227,83,52
2023-02-17,4,3,352,186,83,52
2023-02-18,4,3,352,178,83,39
2023-02-19,4,3,352,292,83,69
2023-02-20,4,3,352,228,83,60
2023-02-21,4,3,352,298,83,75
2023-02-22,4,3,352,324,83,34
2023-02-23,4,3,352,262,83,50
2023-02-24,4,3,352,219,83,65
2023-02-25,4,3,352,245,83,37
2023-02-26,4,3,352,275,83,68
2023-02-27,4,3,352,302,83,66
2023-02-28,4,3,352,187,83,55
2023-03-01,4,3,352,225,83,62
2023-03-02,4,3,352,196,83,36
2023-03-03,4,3,352,206,83,68
2023-03-04,4,3,352,308,83,55
2023-03-05,4,3,352,304,83,49
2023-03-06,4,3,352,243,83,52
2023-03-07,4,3,352,275,83,72
2023-03-08,4,3,352,232,83,59
2023-03-09,4,3,352,190,83,46
2023-03-10,4,3,352,306,83,53
2023-03-11,4,3,352,197,83,70
2023-03-12,4,3,352,272,83,39
2023-03-13,4,3,352,188,83,67
2023-03-14,4,3,352,283,83,33
2023-03-15,4,3,352,327,83,61
2023-03-16,4,3,352,246,83,46
2023-03-17,4,3,352,231,83,37
2023-03-18,4,3,352,257,83,35
2023-03-19,4,3,352,330,83,39
2023-03-20,4,3,352,188,83,39
2023-03-21,4,3,352,215,83,34
2023-03-22,4,3,352,250,83,55
2023-03-23,4,3,352,293,83,50
2023-03-24,4,3,352,286,83,48
2023-03-25,4,3,352,318,83,63
2023-03-26,4,3,352,326,83,42
2023-03-27,4,3,352,263,83,39
2023-03-28,4,3,352,228,83,71
2023-03-29,4,3,352,288,83,41
2023-03-30,4,3,352,183,83,73
2023-03-31,4,3,352,222,83,66
2023-04-01,4,3,352,330,83,33
2023-04-02,4,3,352,248,83,49
2023-04-03,4,3,352,262,83,46
2023-04-04,4,3,352,334,83,43
2023-04-05,4,3,352,212,83,54
2023-04-06,4,3,352,328,83,77
2023-04-07,4,3,352,251,83,53
2023-04-08,4,3,352,214,83,52
2023-04-09,4,3,352,303,83,45
2023-04-10,4,3,352,219,83,61
2023-04-11,4,3,352,273,83,71
2023-04-12,4,3,352,322,83,50
2023-04-13,4,3,352,327,83,49
2023-04-14,4,3,352,182,83,48
2023-04-15,4,3,352,267,83,41
2023-04-16,4,3,352,201,83,54
2023-04-17,4,3,352,304,83,68
2023-04-18,4,3,352,211,83,41
2023-04-19,4,3,352,333,83,54
2023-04-20,4,3,352,259,83,40
2023-04-21,4,3,352,305,83,36
2023-04-22,4,3,352,212,83,69
2023-04-23,4,3,352,189,83,47
2023-04-24,4,3,352,220,83,72
2023-04-25,4,3,352,243,83,57
2023-04-26,4,3,352,195,83,75
2023-04-27,4,3,352,245,83,48
2023-04-28,4,3,352,235,83,39
2023-04-29,4,3,352,234,83,63
2023-04-30,4,3,352,187,83,72
2023-05-01,4,3,352,319,83,38
2023-05-02,4,3,352,238,83,55
2023-05-03,4,3,352,263,83,34
2023-05-04,4,3,352,310,83,50
2023-05-05,4,3,352,295,83,76
2023-05-06,4,3,352,275,83,36
2023-05-07,4,3,352,229,83,55
2023-05-08,4,3,352,188,83,51
2023-05-09,4,3,352,176,83,46
2023-05-10,4,3,352,333,83,72
2023-05-11,4,3,352,204,83,35
2023-05-12,4,3,352,208,83,67
2023-05-13,4,3,352,330,83,56
2023-05-14,4,3,352,221,83,54
2023-05-15,4,3,352,291,83,38
2023-05-16,4,3,352,190,83,70
2023-05-17,4,3,352,310,83,72
2023-05-18,4,3,352,330,83,45
2023-05-19,4,3,352,318,83,70
2023-05-20,4,3,352,286,83,77
2023-05-21,4,3,352,331,83,72
2023-05-22,4,3,352,188,83,54
2023-05-23,4,3,352,305,83,66
2023-05-24,4,3,352,230,83,39
2023-05-25,4,3,352,231,83,74
2023-05-26,4,3,352,329,83,76
2023-05-27,4,3,352,195,83,58
2023-05-28,4,3,352,285,83,74
2023-05-29,4,3,352,289,83,53
2023-05-30,4,3,352,227,83,55
2023-05-31,4,3,352,303,83,73
2023-06-01,4,3,352,218,83,45
2023-06-02,4,3,352,222,83,51
2023-06-03,4,3,352,221,83,76
2023-06-04,4,3,352,248,83,78
2023-06-05,4,3,352,217,83,67
2023-06-06,4,3,352,224,83,42
2023-06-07,4,3,352,290,83,41
2023-06-08,4,3,352,291,83,69
2023-06-09,4,3,352,301,83,45
2023-06-10,4,3,352,273,83,53
2023-06-11,4,3,352,215,83,51
2023-06-12,4,3,352,293,83,58
2023-06-13,4,3,352,176,83,78
2023-06-14,4,3,352,221,83,64
2023-06-15,4,3,352,270,83,77
2023-06-16,4,3,352,223,83,77
2023-06-17,4,3,352,282,83,41
2023-06-18,4,3,352,260,83,49
2023-06-19,4,3,352,304,83,66
2023-06-20,4,3,352,258,83,41
2023-06-21,4,3,352,226,83,36
2023-06-22,4,3,352,192,83,74
2023-06-23,4,3,352,317,83,37
2023-06-24,4,3,352,289,83,47
2023-06-25,4,3,352,206,83,61
2023-06-26,4,3,352,319,83,39
2023-06-27,4,3,352,314,83,43
2023-06-28,4,3,352,243,83,63
2023-06-29,4,3,352,191,83,78
2023-06-30,4,3,352,193,83,56
2023-07-01,4,3,352,212,83,58
2023-07-02,4,3,352,197,83,43
2023-07-03,4,3,352,222,83,76
2023-07-04,4,3,352,273,83,74
2023-07-05,4,3,352,200,83,54
2023-07-06,4,3,352,185,83,37
2023-07-07,4,3,352,219,83,76
2023-07-08,4,3,352,201,83,39
2023-07-09,4,3,352,209,83,41
2023-07-10,4,3,352,331,83,70
2023-07-11,4,3,352,251,83,51
2023-07-12,4,3,352,299,83,65
2023-07-13,4,3,352,245,83,44
2023-07-14,4,3,352,268,83,78
2023-07-15,4,3,352,291,83,46
2023-07-16,4,3,352,239,83,77
2023-07-17,4,3,352,285,83,57
2023-07-18,4,3,352,330,83,55
2023-07-19,4,3,352,250,83,60
2023-07-20,4,3,352,202,83,43
2023-07-21,4,3,352,297,83,55
2023-07-22,4,3,352,203,83,49
2023-07-23,4,3,352,229,83,68
2023-07-24,4,3,352,197,83,63
2023-07-25,4,3,352,287,83,59
2023-07-26,4,3,352,206,83,78
2023-07-27,4,3,352,268,83,36
2023-07-28,4,3,352,254,83,39
2023-07-29,4,3,352,223,83,44
2023-07-30,4,3,352,183,83,72
2023-07-31,4,3,352,237,83,47
2023-08-01,4,3,352,242,83,46
2023-08-02,4,3,352,202,83,43
2023-08-03,4,3,352,280,83,38
2023-08-04,4,3,352,234,83,44
2023-08-05,4,3,352,222,83,43
2023-08-06,4,3,352,280,83,75
2023-08-07,4,3,352,245,83,63
2023-08-08,4,3,352,208,83,75
2023-08-09,4,3,352,232,83,64
2023-08-10,4,3,352,285,83,39
2023-08-11,4,3,352,330,83,67
2023-08-12,4,3,352,205,83,56
2023-08-13,4,3,352,284,83,48
2023-08-14,4,3,352,299,83,43
2023-08-15,4,3,352,200,83,70
2023-08-16,4,3,352,220,83,49
2023-08-17,4,3,352,202,83,47
2023-08-18,4,3,352,333,83,77
2023-08-19,4,3,352,270,83,75
2023-08-20,4,3,352,325,83,41
2023-08-21,4,3,352,176,83,48
2023-08-22,4,3,352,234,83,73
2023-08-23,4,3,352,315,83,57
2023-08-24,4,3,352,215,83,45
2023-08-25,4,3,352,314,83,36
2023-08-26,4,3,352,283,83,63
2023-08-27,4,3,352,332,83,63
2023-08-28,4,3,352,185,83,48
2023-08-29,4,3,352,287,83,37
2023-08-30,4,3,352,222,83,46
2023-08-31,4,3,352,280,83,56
2023-09-01,4,3,352,176,83,37
2023-09-02,4,3,352,303,83,55
2023-09-03,4,3,352,253,83,70
2023-09-04,4,3,352,246,83,54
2023-09-05,4,3,352,188,83,72
2023-09-06,4,3,352,237,83,73
2023-09-07,4,3,352,203,83,45
2023-09-08,4,3,352,318,83,64
2023-09-09,4,3,352,195,83,53
2023-09-10,4,3,352,268,83,40
2023-09-11,4,3,352,271,83,53
2023-09-12,4,3,352,315,83,68
2023-09-13,4,3,352,237,83,78
2023-09-14,4,3,352,183,83,38
2023-09-15,4,3,352,253,83,52
2023-09-16,4,3,352,235,83,44
2023-09-17,4,3,352,332,83,67
2023-09-18,4,3,352,253,83,57
2023-09-19,4,3,352,184,83,38
2023-09-20,4,3,352,292,83,55
2023-09-21,4,3,352,333,83,70
2023-09-22,4,3,352,194,83,48
2023-09-23,4,3,352,192,83,74
2023-09-24,4,3,352,304,83,58
2023-09-25,4,3,352,209,83,66
2023-09-26,4,3,352,244,83,52
2023-09-27,4,3,352,184,83,54
2023-09-28,4,3,352,308,83,40
2023-09-29,4,3,352,299,83,53
2023-09-30,4,3,352,240,83,56
2023-10-01,4,3,352,326,83,57
2023-10-02,4,3,352,196,83,66
2023-10-03,4,3,352,209,83,40
2023-10-04,4,3,352,275,83,37
2023-10-05,4,3,352,317,83,71
2023-10-06,4,3,352,324,83,46
2023-10-07,4,3,352,177,83,60
2023-10-08,4,3,352,298,83,69
2023-10-09,4,3,352,303,83,45
2023-10-10,4,3,352,237,83,53
2023-10-11,4,3,352,209,83,51
2023-10-12,4,3,352,184,83,54
2023-10-13,4,3,352,179,83,70
2023-10-14,4,3,352,179,83,69
2023-10-15,4,3,352,301,83,47
2023-10-16,4,3,352,235,83,51
2023-10-17,4,3,352,214,83,69
2023-10-18,4,3,352,195,83,57
2023-10-19,4,3,352,325,83,62
2023-10-20,4,3,352,276,83,49
2023-10-21,4,3,352,272,83,52
2023-10-22,4,3,352,317,83,59
2023-10-23,4,3,352,182,83,33
2023-10-24,4,3,352,260,83,46
2023-10-25,4,3,352,275,83,44
2023-10-26,4,3,352,289,83,56
2023-10-27,4,3,352,219,83,76
2023-10-28,4,3,352,277,83,38
2023-10-29,4,3,352,285,83,76
2023-10-30,4,3,352,307,83,61
2023-10-31,4,3,352,273,83,78
2023-11-01,4,3,352,241,83,74
2023-11-02,4,3,352,191,83,35
2023-11-03,4,3,352,222,83,59
2023-11-04,4,3,352,270,83,65
2023-11-05,4,3,352,293,83,37
2023-11-06,4,3,352,275,83,44
2023-11-07,4,3,352,228,83,75
2023-11-08,4,3,352,202,83,35
2023-11-09,4,3,352,287,83,53
2023-11-10,4,3,352,219,83,74
2023-11-11,4,3,352,206,83,69
2023-11-12,4,3,352,322,83,47
2023-11-13,4,3,352,256,83,49
2023-11-14,4,3,352,276,83,54
2023-11-15,4,3,352,275,83,75
2023-11-16,4,3,352,312,83,51
2023-11-17,4,3,352,299,83,77
2023-11-18,4,3,352,176,83,59
2023-11-19,4,3,352,271,83,59
2023-11-20,4,3,352,240,83,63
2023-11-21,4,3,352,292,83,73
2023-11-22,4,3,352,249,83,65
2023-11-23,4,3,352,266,83,60
2023-11-24,4,3,352,319,83,43
2023-11-25,4,3,352,325,83,52
2023-11-26,4,3,352,243,83,46
2023-11-27,4,3,352,322,83,53
2023-11-28,4,3,352,183,83,56
2023-11-29,4,3,352,206,83,58
2023-11-30,4,3,352,230,83,48
2023-12-01,4,3,352,304,83,52
2023-12-02,4,3,352,288,83,42
2023-12-03,4,3,352,250,83,60
2023-12-04,4,3,352,261,83,63
2023-12-05,4,3,352,240,83,69
2023-12-06,4,3,352,277,83,48
2023-12-07,4,3,352,269,83,44
2023-12-08,4,3,352,259,83,66
2023-12-09,4,3,352,288,83,48
2023-12-10,4,3,352,274,83,54
2023-12-11,4,3,352,269,83,74
2023-12-12,4,3,352,240,83,34
2023-12-13,4,3,352,178,83,77
2023-12-14,4,3,352,239,83,61
2023-12-15,4,3,352,294,83,75
2023-12-16,4,3,352,215,83,33
2023-12-17,4,3,352,267,83,78
2023-12-18,4,3,352,249,83,71
2023-12-19,4,3,352,291,83,41
2023-12-20,4,3,352,199,83,66
2023-12-21,4,3,352,329,83,40
2023-12-22,4,3,352,259,83,66
2023-12-23,4,3,352,255,83,44
2023-12-24,4,3,352,245,83,53
2023-12-25,4,3,352,185,83,35
2023-12-26,4,3,352,314,83,59
2023-12-27,4,3,352,241,83,39
2023-12-28,4,3,352,303,83,33
2023-12-29,4,3,352,284,83,39
2023-12-30,4,3,352,199,83,66
2023-12-31,4,3,352,204,83,55
2024-01-01,4,3,352,292,83,76
2024-01-02,4,3,352,201,83,76
2024-01-03,4,3,352,201,83,78
2024-01-04,4,3,352,272,83,46
2024-01-05,4,3,352,214,83,65
2024-01-06,4,3,352,184,83,53
2024-01-07,4,3,352,202,83,73
2024-01-08,4,3,352,313,83,66
2024-01-09,4,3,352,329,83,63
2024-01-10,4,3,352,276,83,61
2024-01-11,4,3,352,256,83,75
2024-01-12,4,3,352,225,83,50
2024-01-13,4,3,352,268,83,63
2024-01-14,4,3,352,239,83,50
2024-01-15,4,3,352,280,83,63
2024-01-16,4,3,352,190,83,76
2024-01-17,4,3,352,253,83,65
2024-01-18,4,3,352,238,83,39
2024-01-19,4,3,352,189,83,63
2024-01-20,4,3,352,191,83,41
2024-01-21,4,3,352,187,83,33
2024-01-22,4,3,352,218,83,67
2024-01-23,4,3,352,302,83,65
2024-01-24,4,3,352,267,83,66
2024-01-25,4,3,352,195,83,46
2024-01-26,4,3,352,317,83,34
2024-01-27,4,3,352,321,83,56
2024-01-28,4,3,352,179,83,52
2024-01-29,4,3,352,220,83,35
2024-01-30,4,3,352,286,83,70
2024-01-31,4,3,352,247,83,46
2024-02-01,4,3,352,291,83,73
2024-02-02,4,3,352,334,83,73
2024-02-03,4,3,352,282,83,42
2024-02-04,4,3,352,250,83,49
2024-02-05,4,3,352,270,83,60
2024-02-06,4,3,352,207,83,44
2024-02-07,4,3,352,213,83,55
2024-02-08,4,3,352,285,83,57
2024-02-09,4,3,352,212,83,43
2024-02-10,4,3,352,235,83,56
2024-02-11,4,3,352,258,83,70
2024-02-12,4,3,352,192,83,63
2024-02-13,4,3,352,219,83,55
2024-02-14,4,3,352,180,83,36
2024-02-15,4,3,352,289,83,35
2024-02-16,4,3,352,266,83,56
2024-02-17,4,3,352,182,83,41
2024-02-18,4,3,352,198,83,55
2024-02-19,4,3,352,185,83,56
2024-02-20,4,3,352,308,83,68
2024-02-21,4,3,352,295,83,70
2024-02-22,4,3,352,193,83,50
2024-02-23,4,3,352,198,83,35
2024-02-24,4,3,352,241,83,58
2024-02-25,4,3,352,258,83,55
2024-02-26,4,3,352,325,83,36
2024-02-27,4,3,352,237,83,45
2024-02-28,4,3,352,310,83,48
2024-02-29,4,3,352,244,83,76
2024-03-01,4,3,352,230,83,38
2024-03-02,4,3,352,202,83,56
2024-03-03,4,3,352,237,83,67
2024-03-04,4,3,352,311,83,69
2024-03-05,4,3,352,300,83,69
2024-03-06,4,3,352,227,83,45
2024-03-07,4,3,352,332,83,76
2024-03-08,4,3,352,263,83,43
2024-03-09,4,3,352,260,83,60
2024-03-10,4,3,352,317,83,37
2024-03-11,4,3,352,238,83,49
2024-03-12,4,3,352,177,83,37
2024-03-13,4,3,352,232,83,50
2024-03-14,4,3,352,189,83,76
2024-03-15,4,3,352,332,83,36
2024-03-16,4,3,352,230,83,63
2024-03-17,4,3,352,256,83,40
2024-03-18,4,3,352,224,83,49
2024-03-19,4,3,352,197,83,36
2024-03-20,4,3,352,234,83,37
2024-03-21,4,3,352,247,83,41
2024-03-22,4,3,352,296,83,66
2024-03-23,4,3,352,313,83,67
2024-03-24,4,3,352,279,83,71
2024-03-25,4,3,352,279,83,56
2024-03-26,4,3,352,304,83,46
2024-03-27,4,3,352,258,83,78
2024-03-28,4,3,352,293,83,71
2024-03-29,4,3,352,299,83,57
2024-03-30,4,3,352,189,83,70
2024-03-31,4,3,352,242,83,42
2024-04-01,4,3,352,194,83,60
2024-04-02,4,3,352,182,83,51
2024-04-03,4,3,352,312,83,52
2024-04-04,4,3,352,252,83,61
2024-04-05,4,3,352,292,83,40
2024-04-06,4,3,352,325,83,72
2024-04-07,4,3,352,268,83,61
2024-04-08,4,3,352,264,83,43
2024-04-09,4,3,352,333,83,51
2024-04-10,4,3,352,309,83,52
2024-04-11,4,3,352,181,83,57
2024-04-12,4,3,352,228,83,58
2024-04-13,4,3,352,326,83,37
2024-04-14,4,3,352,246,83,56
2024-04-15,4,3,352,267,83,43
2024-04-16,4,3,352,263,83,66
2024-04-17,4,3,352,203,83,63
2024-04-18,4,3,352,205,83,56
2024-04-19,4,3,352,252,83,58
2024-04-20,4,3,352,302,83,47
2024-04-21,4,3,352,236,83,42
2024-04-22,4,3,352,243,83,66
2024-04-23,4,3,352,208,83,40
2024-04-24,4,3,352,307,83,58
2024-04-25,4,3,352,320,83,74
2024-04-26,4,3,352,268,83,77
2024-04-27,4,3,352,326,83,36
2024-04-28,4,3,352,296,83,58
2024-04-29,4,3,352,334,83,42
2024-04-30,4,3,352,220,83,65
2024-05-01,4,3,352,330,83,71
2024-05-02,4,3,352,234,83,41
2024-05-03,4,3,352,210,83,57
2024-05-04,4,3,352,236,83,34
2024-05-05,4,3,352,269,83,67
2024-05-06,4,3,352,195,83,49
2024-05-07,4,3,352,205,83,56
2024-05-08,4,3,352,287,83,37
2024-05-09,4,3,352,206,83,46
2024-05-10,4,3,352,209,83,75
2024-05-11,4,3,352,286,83,76
2024-05-12,4,3,352,281,83,55
2024-05-13,4,3,352,300,83,41
2024-05-14,4,3,352,217,83,37
2024-05-15,4,3,352,270,83,58
2024-05-16,4,3,352,297,83,56
2024-05-17,4,3,352,238,83,70
2024-05-18,4,3,352,216,83,68
2024-05-19,4,3,352,287,83,59
2024-05-20,4,3,352,291,83,45
2024-05-21,4,3,352,207,83,75
2024-05-22,4,3,352,234,83,36
2024-05-23,4,3,352,280,83,42
2024-05-24,4,3,352,296,83,58
2024-05-25,4,3,352,282,83,47
2024-05-26,4,3,352,317,83,69
2024-05-27,4,3,352,332,83,52
2024-05-28,4,3,352,222,83,75
2024-05-29,4,3,352,263,83,56
2024-05-30,4,3,352,316,83,51
2024-05-31,4,3,352,264,83,40
2024-06-01,4,3,352,179,83,42
2024-06-02,4,3,352,321,83,52
2024-06-03,4,3,352,283,83,35
2024-06-04,4,3,352,255,83,67
2024-06-05,4,3,352,230,83,76
2024-06-06,4,3,352,196,83,60
2024-06-07,4,3,352,250,83,69
2024-06-08,4,3,352,294,83,44
2024-06-09,4,3,352,324,83,67
2024-06-10,4,3,352,324,83,57
2024-06-11,4,3,352,209,83,72
2024-06-12,4,3,352,283,83,41
2024-06-13,4,3,352,225,83,52
2024-06-14,4,3,352,238,83,52
2024-06-15,4,3,352,187,83,63
2024-06-16,4,3,352,332,83,67
2024-06-17,4,3,352,308,83,39
2024-06-18,4,3,352,198,83,42
2024-06-19,4,3,352,180,83,58
2024-06-20,4,3,352,240,83,77
2024-06-21,4,3,352,331,83,75
2024-06-22,4,3,352,260,83,41
2024-06-23,4,3,352,322,83,36
2024-06-24,4,3,352,247,83,49
2024-06-25,4,3,352,248,83,51
2024-06-26,4,3,352,269,83,46
2024-06-27,4,3,352,314,83,65
2024-06-28,4,3,352,253,83,41
2024-06-29,4,3,352,313,83,78
2024-06-30,4,3,352,215,83,55
2024-07-01,4,3,352,230,83,40
2024-07-02,4,3,352,326,83,37
2024-07-03,4,3,352,248,83,72
2024-07-04,4,3,352,234,83,45
2024-07-05,4,3,352,241,83,49
2024-07-06,4,3,352,323,83,53
2024-07-07,4,3,352,313,83,43
2024-07-08,4,3,352,211,83,54
2024-07-09,4,3,352,297,83,58
2024-07-10,4,3,352,311,83,78
2024-07-11,4,3,352,189,83,69
2024-07-12,4,3,352,248,83,78
2024-07-13,4,3,352,311,83,39
2024-07-14,4,3,352,209,83,34
2024-07-15,4,3,352,218,83,67
2024-07-16,4,3,352,264,83,61
2024-07-17,4,3,352,312,83,53
2024-07-18,4,3,352,302,83,74
2024-07-19,4,3,352,204,83,48
2024-07-20,4,3,352,316,83,53
2024-07-21,4,3,352,217,83,77
2024-07-22,4,3,352,301,83,63
2024-07-23,4,3,352,192,83,58
2024-07-24,4,3,352,186,83,63
2024-07-25,4,3,352,194,83,57
2024-07-26,4,3,352,218,83,45
2024-07-27,4,3,352,333,83,65
2024-07-28,4,3,352,259,83,37
2024-07-29,4,3,352,290,83,54
2024-07-30,4,3,352,288,83,61
2024-07-31,4,3,352,308,83,74
2024-08-01,4,3,352,268,83,76
2024-08-02,4,3,352,208,83,41
2024-08-03,4,3,352,263,83,66
2024-08-04,4,3,352,258,83,75
2024-08-05,4,3,352,329,83,67
2024-08-06,4,3,352,255,83,64
2024-08-07,4,3,352,206,83,74
2024-08-08,4,3,352,225,83,50
2024-08-09,4,3,352,311,83,43
2024-08-10,4,3,352,269,83,41
2024-08-11,4,3,352,292,83,33
2024-08-12,4,3,352,261,83,75
2024-08-13,4,3,352,187,83,67
2024-08-14,4,3,352,256,83,44
2024-08-15,4,3,352,314,83,50
2024-08-16,4,3,352,220,83,53
2024-08-17,4,3,352,219,83,41
2024-08-18,4,3,352,308,83,57
2024-08-19,4,3,352,234,83,72
2024-08-20,4,3,352,222,83,59
2024-08-21,4,3,352,280,83,45
2024-08-22,4,3,352,184,83,77
2024-08-23,4,3,352,202,83,38
2024-08-24,4,3,352,248,83,38
2024-08-25,4,3,352,332,83,69
2024-08-26,4,3,352,310,83,36
2024-08-27,4,3,352,253,83,48
2024-08-28,4,3,352,295,83,77
2024-08-29,4,3,352,309,83,72
2024-08-30,4,3,352,202,83,74
2024-08-31,4,3,352,262,83,77
2024-09-01,4,3,352,186,83,57
2024-09-02,4,3,352,307,83,35
2024-09-03,4,3,352,251,83,74
2024-09-04,4,3,352,241,83,76
2024-09-05,4,3,352,183,83,69
2024-09-06,4,3,352,212,83,54
2024-09-07,4,3,352,201,83,50
2024-09-08,4,3,352,240,83,73
2024-09-09,4,3,352,190,83,42
2024-09-10,4,3,352,214,83,52
2024-09-11,4,3,352,301,83,71
2024-09-12,4,3,352,218,83,76
2024-09-13,4,3,352,246,83,66
2024-09-14,4,3,352,300,83,71
2024-09-15,4,3,352,280,83,43
2024-09-16,4,3,352,275,83,45
2024-09-17,4,3,352,277,83,78
2024-09-18,4,3,352,296,83,55
2024-09-19,4,3,352,255,83,62
2024-09-20,4,3,352,206,83,74
2024-09-21,4,3,352,242,83,35
2024-09-22,4,3,352,203,83,71
2024-09-23,4,3,352,233,83,48
2024-09-24,4,3,352,270,83,43
2024-09-25,4,3,352,260,83,77
2024-09-26,4,3,352,308,83,73
2024-09-27,4,3,352,215,83,55
2024-09-28,4,3,352,199,83,64
2024-09-29,4,3,352,251,83,37
2024-09-30,4,3,352,297,83,69
2024-10-01,4,3,352,241,83,55
2024-10-02,4,3,352,176,83,51
2024-10-03,4,3,352,198,83,52
2024-10-04,4,3,352,289,83,39
2024-10-05,4,3,352,300,83,36
2024-10-06,4,3,352,229,83,78
2024-10-07,4,3,352,287,83,41
2024-10-08,4,3,352,242,83,66
2024-10-09,4,3,352,190,83,40
2024-10-10,4,3,352,257,83,37
2024-10-11,4,3,352,293,83,64
2024-10-12,4,3,352,272,83,51
2024-10-13,4,3,352,267,83,71
2024-10-14,4,3,352,258,83,51
2024-10-15,4,3,352,178,83,74
2024-10-16,4,3,352,303,83,61
2024-10-17,4,3,352,266,83,48
2024-10-18,4,3,352,250,83,78
2024-10-19,4,3,352,326,83,54
2024-10-20,4,3,352,265,83,54
2024-10-21,4,3,352,328,83,61
2024-10-22,4,3,352,301,83,44
2024-10-23,4,3,352,322,83,70
2024-10-24,4,3,352,291,83,50
2024-10-25,4,3,352,264,83,67
2024-10-26,4,3,352,292,83,55
2024-10-27,4,3,352,246,83,45
2024-10-28,4,3,352,181,83,48
2024-10-29,4,3,352,219,83,56
2024-10-30,4,3,352,192,83,63
2024-10-31,4,3,352,177,83,64
2024-11-01,4,3,352,264,83,69
2024-11-02,4,3,352,199,83,41
2024-11-03,4,3,352,241,83,76
2024-11-04,4,3,352,182,83,68
2024-11-05,4,3,352,327,83,48
2024-11-06,4,3,352,273,83,70
2024-11-07,4,3,352,279,83,54
2024-11-08,4,3,352,315,83,70
2024-11-09,4,3,352,178,83,41
2024-11-10,4,3,352,325,83,55
2024-11-11,4,3,352,243,83,45
2024-11-12,4,3,352,187,83,57
2024-11-13,4,3,352,270,83,41
2024-11-14,4,3,352,324,83,36
2024-11-15,4,3,352,267,83,43
2024-11-16,4,3,352,309,83,51
2024-11-17,4,3,352,294,83,37
2024-11-18,4,3,352,278,83,74
2024-11-19,4,3,352,293,83,36
2024-11-20,4,3,352,229,83,70
2024-11-21,4,3,352,305,83,50
2024-11-22,4,3,352,297,83,54
2024-11-23,4,3,352,270,83,45
2024-11-24,4,3,352,262,83,51
2024-11-25,4,3,352,202,83,75
2024-11-26,4,3,352,242,83,53
2024-11-27,4,3,352,236,83,63
2024-11-28,4,3,352,294,83,63
2024-11-29,4,3,352,261,83,62
2024-11-30,4,3,352,207,83,36
2024-12-01,4,3,352,285,83,65
2024-12-02,4,3,352,292,83,59
2024-12-03,4,3,352,231,83,76
2024-12-04,4,3,352,307,83,64
2024-12-05,4,3,352,229,83,37
2024-12-06,4,3,352,263,83,49
2024-12-07,4,3,352,288,83,77
2024-12-08,4,3,352,307,83,63
2024-12-09,4,3,352,224,83,76
2024-12-10,4,3,352,257,83,52
2024-12-11,4,3,352,219,83,56
2024-12-12,4,3,352,210,83,59
2024-12-13,4,3,352,203,83,75
2024-12-14,4,3,352,244,83,70
2024-12-15,4,3,352,320,83,54
2024-12-16,4,3,352,328,83,48
2024-12-17,4,3,352,235,83,72
2024-12-18,4,3,352,218,83,43
2024-12-19,4,3,352,280,83,46
2024-12-20,4,3,352,258,83,50
2024-12-21,4,3,352,229,83,39
2024-12-22,4,3,352,290,83,48
2024-12-23,4,3,352,270,83,41
2024-12-24,4,3,352,254,83,71
2024-12-25,4,3,352,229,83,77
2024-12-26,4,3,352,221,83,51
2024-12-27,4,3,352,229,83,47
2024-12-28,4,3,352,272,83,37
2024-12-29,4,3,352,257,83,52
2024-12-30,4,3,352,176,83,60
2024-12-31,4,3,352,321,83,39
2023-01-01,4,4,352,276,83,46
2023-01-02,4,4,352,236,83,72
2023-01-03,4,4,352,243,83,75
2023-01-04,4,4,352,191,83,72
2023-01-05,4,4,352,193,83,77
2023-01-06,4,4,352,272,83,62
2023-01-07,4,4,352,225,83,77
2023-01-08,4,4,352,274,83,44
2023-01-09,4,4,352,238,83,53
2023-01-10,4,4,352,315,83,71
2023-01-11,4,4,352,268,83,33
2023-01-12,4,4,352,299,83,58
2023-01-13,4,4,352,288,83,51
2023-01-14,4,4,352,307,83,54
2023-01-15,4,4,352,255,83,37
2023-01-16,4,4,352,288,83,41
2023-01-17,4,4,352,249,83,70
2023-01-18,4,4,352,307,83,59
2023-01-19,4,4,352,320,83,72
2023-01-20,4,4,352,327,83,45
2023-01-21,4,4,352,233,83,41
2023-01-22,4,4,352,190,83,76
2023-01-23,4,4,352,311,83,78
2023-01-24,4,4,352,242,83,53
2023-01-25,4,4,352,304,83,76
2023-01-26,4,4,352,199,83,56
2023-01-27,4,4,352,318,83,60
2023-01-28,4,4,352,307,83,45
2023-01-29,4,4,352,180,83,64
2023-01-30,4,4,352,274,83,33
2023-01-31,4,4,352,231,83,51
2023-02-01,4,4,352,242,83,67
2023-02-02,4,4,352,182,83,44
2023-02-03,4,4,352,196,83,58
2023-02-04,4,4,352,246,83,49
2023-02-05,4,4,352,266,83,56
2023-02-06,4,4,352,183,83,60
2023-02-07,4,4,352,281,83,54
2023-02-08,4,4,352,209,83,51
2023-02-09,4,4,352,304,83,61
2023-02-10,4,4,352,308,83,48
2023-02-11,4,4,352,220,83,65
2023-02-12,4,4,352,260,83,55
2023-02-13,4,4,352,313,83,34
2023-02-14,4,4,352,262,83,52
2023-02-15,4,4,352,305,83,36
2023-02-16,4,4,352,184,83,63
2023-02-17,4,4,352,268,83,39
2023-02-18,4,4,352,294,83,55
2023-02-19,4,4,352,313,83,37
2023-02-20,4,4,352,208,83,55
2023-02-21,4,4,352,293,83,43
2023-02-22,4,4,352,274,83,69
2023-02-23,4,4,352,308,83,35
2023-02-24,4,4,352,221,83,76
2023-02-25,4,4,352,288,83,45
2023-02-26,4,4,352,223,83,49
2023-02-27,4,4,352,315,83,33
2023-02-28,4,4,352,194,83,50
2023-03-01,4,4,352,210,83,42
2023-03-02,4,4,352,230,83,51
2023-03-03,4,4,352,250,83,59
2023-03-04,4,4,352,302,83,41
2023-03-05,4,4,352,259,83,46
2023-03-06,4,4,352,290,83,52
2023-03-07,4,4,352,216,83,54
2023-03-08,4,4,352,239,83,57
2023-03-09,4,4,352,271,83,53
2023-03-10,4,4,352,260,83,78
2023-03-11,4,4,352,195,83,36
2023-03-12,4,4,352,264,83,54
2023-03-13,4,4,352,222,83,66
2023-03-14,4,4,352,295,83,77
2023-03-15,4,4,352,232,83,43
2023-03-16,4,4,352,203,83,50
2023-03-17,4,4,352,266,83,40
2023-03-18,4,4,352,266,83,58
2023-03-19,4,4,352,211,83,35
2023-03-20,4,4,352,285,83,62
2023-03-21,4,4,352,317,83,77
2023-03-22,4,4,352,251,83,59
2023-03-23,4,4,352,186,83,57
2023-03-24,4,4,352,198,83,77
2023-03-25,4,4,352,285,83,56
2023-03-26,4,4,352,260,83,67
2023-03-27,4,4,352,199,83,51
2023-03-28,4,4,352,322,83,69
2023-03-29,4,4,352,255,83,38
2023-03-30,4,4,352,245,83,71
2023-03-31,4,4,352,207,83,75
2023-04-01,4,4,352,294,83,76
2023-04-02,4,4,352,192,83,37
2023-04-03,4,4,352,220,83,51
2023-04-04,4,4,352,224,83,78
2023-04-05,4,4,352,296,83,70
2023-04-06,4,4,352,220,83,37
2023-04-07,4,4,352,209,83,47
2023-04-08,4,4,352,223,83,63
2023-04-09,4,4,352,294,83,39
2023-04-10,4,4,352,196,83,67
2023-04-11,4,4,352,325,83,66
2023-04-12,4,4,352,312,83,51
2023-04-13,4,4,352,333,83,53
2023-04-14,4,4,352,264,83,72
2023-04-15,4,4,352,209,83,34
2023-04-16,4,4,352,235,83,65
2023-04-17,4,4,352,321,83,54
2023-04-18,4,4,352,308,83,75
2023-04-19,4,4,352,295,83,70
2023-04-20,4,4,352,322,83,52
2023-04-21,4,4,352,247,83,62
2023-04-22,4,4,352,274,83,78
2023-04-23,4,4,352,230,83,74
2023-04-24,4,4,352,274,83,44
2023-04-25,4,4,352,319,83,77
2023-04-26,4,4,352,301,83,51
2023-04-27,4,4,352,288,83,40
2023-04-28,4,4,352,206,83,50
2023-04-29,4,4,352,274,83,57
2023-04-30,4,4,352,198,83,51
2023-05-01,4,4,352,234,83,53
2023-05-02,4,4,352,284,83,38
2023-05-03,4,4,352,238,83,69
2023-05-04,4,4,352,284,83,60
2023-05-05,4,4,352,217,83,50
2023-05-06,4,4,352,205,83,65
2023-05-07,4,4,352,247,83,50
2023-05-08,4,4,352,306,83,41
2023-05-09,4,4,352,271,83,43
2023-05-10,4,4,352,201,83,70
2023-05-11,4,4,352,235,83,76
2023-05-12,4,4,352,256,83,39
2023-05-13,4,4,352,212,83,48
2023-05-14,4,4,352,205,83,35
2023-05-15,4,4,352,225,83,42
2023-05-16,4,4,352,234,83,58
2023-05-17,4,4,352,270,83,54
2023-05-18,4,4,352,199,83,36
2023-05-19,4,4,352,331,83,43
2023-05-20,4,4,352,297,83,59
2023-05-21,4,4,352,199,83,40
2023-05-22,4,4,352,266,83,51
2023-05-23,4,4,352,245,83,73
2023-05-24,4,4,352,259,83,75
2023-05-25,4,4,352,280,83,65
2023-05-26,4,4,352,198,83,37
2023-05-27,4,4,352,329,83,66
2023-05-28,4,4,352,271,83,51
2023-05-29,4,4,352,291,83,75
2023-05-30,4,4,352,281,83,47
2023-05-31,4,4,352,216,83,67
2023-06-01,4,4,352,248,83,41
2023-06-02,4,4,352,196,83,68
2023-06-03,4,4,352,248,83,70
2023-06-04,4,4,352,333,83,77
2023-06-05,4,4,352,183,83,38
2023-06-06,4,4,352,274,83,74
2023-06-07,4,4,352,244,83,76
2023-06-08,4,4,352,230,83,41
2023-06-09,4,4,352,178,83,68
2023-06-10,4,4,352,181,83,74
2023-06-11,4,4,352,178,83,46
2023-06-12,4,4,352,283,83,59
2023-06-13,4,4,352,291,83,52
2023-06-14,4,4,352,195,83,43
2023-06-15,4,4,352,223,83,58
2023-06-16,4,4,352,330,83,62
2023-06-17,4,4,352,191,83,55
2023-06-18,4,4,352,318,83,33
2023-06-19,4,4,352,314,83,40
2023-06-20,4,4,352,290,83,69
2023-06-21,4,4,352,305,83,76
2023-06-22,4,4,352,189,83,64
2023-06-23,4,4,352,313,83,62
2023-06-24,4,4,352,274,83,45
2023-06-25,4,4,352,304,83,69
2023-06-26,4,4,352,304,83,72
2023-06-27,4,4,352,297,83,52
2023-06-28,4,4,352,180,83,61
2023-06-29,4,4,352,294,83,52
2023-06-30,4,4,352,326,83,60
2023-07-01,4,4,352,326,83,51
2023-07-02,4,4,352,323,83,53
2023-07-03,4,4,352,238,83,41
2023-07-04,4,4,352,182,83,67
2023-07-05,4,4,352,331,83,41
2023-07-06,4,4,352,217,83,62
2023-07-07,4,4,352,277,83,75
2023-07-08,4,4,352,330,83,67
2023-07-09,4,4,352,304,83,56
2023-07-10,4,4,352,275,83,52
2023-07-11,4,4,352,181,83,61
2023-07-12,4,4,352,253,83,67
2023-07-13,4,4,352,324,83,33
2023-07-14,4,4,352,246,83,40
2023-07-15,4,4,352,311,83,66
2023-07-16,4,4,352,266,83,74
2023-07-17,4,4,352,218,83,70
2023-07-18,4,4,352,313,83,53
2023-07-19,4,4,352,282,83,40
2023-07-20,4,4,352,310,83,56
2023-07-21,4,4,352,266,83,69
2023-07-22,4,4,352,244,83,62
2023-07-23,4,4,352,219,83,62
2023-07-24,4,4,352,242,83,41
2023-07-25,4,4,352,198,83,60
2023-07-26,4,4,352,180,83,40
2023-07-27,4,4,352,223,83,61
2023-07-28,4,4,352,307,83,71
2023-07-29,4,4,352,304,83,69
2023-07-30,4,4,352,271,83,48
2023-07-31,4,4,352,293,83,75
2023-08-01,4,4,352,315,83,46
2023-08-02,4,4,352,184,83,68
2023-08-03,4,4,352,238,83,34
2023-08-04,4,4,352,333,83,38
2023-08-05,4,4,352,325,83,33
2023-08-06,4,4,352,333,83,47
2023-08-07,4,4,352,247,83,43
2023-08-08,4,4,352,189,83,46
2023-08-09,4,4,352,211,83,48
2023-08-10,4,4,352,299,83,51
2023-08-11,4,4,352,287,83,58
2023-08-12,4,4,352,253,83,63
2023-08-13,4,4,352,223,83,63
2023-08-14,4,4,352,284,83,65
2023-08-15,4,4,352,210,83,60
2023-08-16,4,4,352,332,83,35
2023-08-17,4,4,352,176,83,62
2023-08-18,4,4,352,213,83,53
2023-08-19,4,4,352,263,83,37
2023-08-20,4,4,352,298,83,53
2023-08-21,4,4,352,293,83,40
2023-08-22,4,4,352,318,83,62
2023-08-23,4,4,352,260,83,61
2023-08-24,4,4,352,206,83,45
2023-08-25,4,4,352,239,83,46
2023-08-26,4,4,352,214,83,62
2023-08-27,4,4,352,209,83,70
2023-08-28,4,4,352,260,83,59
2023-08-29,4,4,352,292,83,44
2023-08-30,4,4,352,224,83,54
2023-08-31,4,4,352,269,83,60
2023-09-01,4,4,352,300,83,64
2023-09-02,4,4,352,188,83,48
2023-09-03,4,4,352,329,83,69
2023-09-04,4,4,352,260,83,59
2023-09-05,4,4,352,269,83,58
2023-09-06,4,4,352,272,83,72
2023-09-07,4,4,352,199,83,49
2023-09-08,4,4,352,282,83,35
2023-09-09,4,4,352,209,83,55
2023-09-10,4,4,352,294,83,75
2023-09-11,4,4,352,254,83,56
2023-09-12,4,4,352,232,83,51
2023-09-13,4,4,352,229,83,70
2023-09-14,4,4,352,294,83,77
2023-09-15,4,4,352,251,83,39
2023-09-16,4,4,352,241,83,54
2023-09-17,4,4,352,214,83,73
2023-09-18,4,4,352,265,83,77
2023-09-19,4,4,352,292,83,58
2023-09-20,4,4,352,249,83,78
2023-09-21,4,4,352,300,83,65
2023-09-22,4,4,352,318,83,52
2023-09-23,4,4,352,195,83,45
2023-09-24,4,4,352,222,83,67
2023-09-25,4,4,352,328,83,41
2023-09-26,4,4,352,212,83,53
2023-09-27,4,4,352,284,83,76
2023-09-28,4,4,352,302,83,56
2023-09-29,4,4,352,184,83,74
2023-09-30,4,4,352,300,83,60
2023-10-01,4,4,352,217,83,39
2023-10-02,4,4,352,317,83,74
2023-10-03,4,4,352,241,83,57
2023-10-04,4,4,352,292,83,40
2023-10-05,4,4,352,272,83,33
2023-10-06,4,4,352,229,83,38
2023-10-07,4,4,352,323,83,56
2023-10-08,4,4,352,261,83,49
2023-10-09,4,4,352,229,83,54
2023-10-10,4,4,352,211,83,40
2023-10-11,4,4,352,286,83,49
2023-10-12,4,4,352,326,83,46
2023-10-13,4,4,352,219,83,46
2023-10-14,4,4,352,190,83,58
2023-10-15,4,4,352,178,83,46
2023-10-16,4,4,352,223,83,35
2023-10-17,4,4,352,262,83,62
2023-10-18,4,4,352,314,83,78
2023-10-19,4,4,352,227,83,71
2023-10-20,4,4,352,303,83,57
2023-10-21,4,4,352,302,83,51
2023-10-22,4,4,352,308,83,59
2023-10-23,4,4,352,331,83,45
2023-10-24,4,4,352,271,83,37
2023-10-25,4,4,352,249,83,48
2023-10-26,4,4,352,230,83,78
2023-10-27,4,4,352,300,83,61
2023-10-28,4,4,352,315,83,53
2023-10-29,4,4,352,324,83,49
2023-10-30,4,4,352,189,83,41
2023-10-31,4,4,352,212,83,52
2023-11-01,4,4,352,296,83,71
2023-11-02,4,4,352,193,83,41
2023-11-03,4,4,352,233,83,60
2023-11-04,4,4,352,305,83,76
2023-11-05,4,4,352,301,83,59
2023-11-06,4,4,352,273,83,51
2023-11-07,4,4,352,226,83,38
2023-11-08,4,4,352,195,83,76
2023-11-09,4,4,352,312,83,46
2023-11-10,4,4,352,243,83,37
2023-11-11,4,4,352,231,83,36
2023-11-12,4,4,352,264,83,68
2023-11-13,4,4,352,243,83,64
2023-11-14,4,4,352,264,83,34
2023-11-15,4,4,352,272,83,38
2023-11-16,4,4,352,218,83,66
2023-11-17,4,4,352,219,83,55
2023-11-18,4,4,352,219,83,75
2023-11-19,4,4,352,295,83,64
2023-11-20,4,4,352,248,83,67
2023-11-21,4,4,352,278,83,63
2023-11-22,4,4,352,320,83,49
2023-11-23,4,4,352,318,83,50
2023-11-24,4,4,352,321,83,72
2023-11-25,4,4,352,251,83,74
2023-11-26,4,4,352,246,83,54
2023-11-27,4,4,352,219,83,33
2023-11-28,4,4,352,185,83,45
2023-11-29,4,4,352,289,83,64
2023-11-30,4,4,352,265,83,72
2023-12-01,4,4,352,312,83,68
2023-12-02,4,4,352,243,83,62
2023-12-03,4,4,352,276,83,43
2023-12-04,4,4,352,280,83,62
2023-12-05,4,4,352,266,83,69
2023-12-06,4,4,352,330,83,68
2023-12-07,4,4,352,297,83,71
2023-12-08,4,4,352,313,83,71
2023-12-09,4,4,352,230,83,35
2023-12-10,4,4,352,260,83,35
2023-12-11,4,4,352,292,83,45
2023-12-12,4,4,352,276,83,56
2023-12-13,4,4,352,280,83,45
2023-12-14,4,4,352,288,83,55
2023-12-15,4,4,352,331,83,58
2023-12-16,4,4,352,294,83,70
2023-12-17,4,4,352,192,83,62
2023-12-18,4,4,352,330,83,76
2023-12-19,4,4,352,314,83,75
2023-12-20,4,4,352,297,83,68
2023-12-21,4,4,352,247,83,39
2023-12-22,4,4,352,316,83,60
2023-12-23,4,4,352,192,83,57
2023-12-24,4,4,352,230,83,54
2023-12-25,4,4,352,310,83,33
2023-12-26,4,4,352,275,83,74
2023-12-27,4,4,352,245,83,77
2023-12-28,4,4,352,210,83,57
2023-12-29,4,4,352,232,83,55
2023-12-30,4,4,352,324,83,69
2023-12-31,4,4,352,225,83,69
2024-01-01,4,4,352,185,83,69
2024-01-02,4,4,352,317,83,62
2024-01-03,4,4,352,295,83,39
2024-01-04,4,4,352,238,83,33
2024-01-05,4,4,352,257,83,33
2024-01-06,4,4,352,227,83,45
2024-01-07,4,4,352,183,83,39
2024-01-08,4,4,352,323,83,33
2024-01-09,4,4,352,245,83,67
2024-01-10,4,4,352,183,83,42
2024-01-11,4,4,352,329,83,78
2024-01-12,4,4,352,244,83,42
2024-01-13,4,4,352,270,83,58
2024-01-14,4,4,352,287,83,47
2024-01-15,4,4,352,257,83,38
2024-01-16,4,4,352,281,83,73
2024-01-17,4,4,352,257,83,40
2024-01-18,4,4,352,181,83,66
2024-01-19,4,4,352,302,83,72
2024-01-20,4,4,352,296,83,71
2024-01-21,4,4,352,198,83,47
2024-01-22,4,4,352,262,83,52
2024-01-23,4,4,352,188,83,44
2024-01-24,4,4,352,317,83,73
2024-01-25,4,4,352,186,83,61
2024-01-26,4,4,352,287,83,54
2024-01-27,4,4,352,294,83,59
2024-01-28,4,4,352,317,83,56
2024-01-29,4,4,352,297,83,37
2024-01-30,4,4,352,256,83,55
2024-01-31,4,4,352,316,83,61
2024-02-01,4,4,352,222,83,36
2024-02-02,4,4,352,321,83,43
2024-02-03,4,4,352,300,83,74
2024-02-04,4,4,352,296,83,70
2024-02-05,4,4,352,186,83,39
2024-02-06,4,4,352,184,83,41
2024-02-07,4,4,352,185,83,59
2024-02-08,4,4,352,257,83,66
2024-02-09,4,4,352,232,83,50
2024-02-10,4,4,352,308,83,33
2024-02-11,4,4,352,205,83,77
2024-02-12,4,4,352,178,83,77
2024-02-13,4,4,352,322,83,46
2024-02-14,4,4,352,254,83,69
2024-02-15,4,4,352,210,83,56
2024-02-16,4,4,352,229,83,48
2024-02-17,4,4,352,267,83,68
2024-02-18,4,4,352,317,83,45
2024-02-19,4,4,352,237,83,70
2024-02-20,4,4,352,281,83,46
2024-02-21,4,4,352,286,83,40
2024-02-22,4,4,352,301,83,74
2024-02-23,4,4,352,222,83,56
2024-02-24,4,4,352,188,83,51
2024-02-25,4,4,352,204,83,44
2024-02-26,4,4,352,215,83,49
2024-02-27,4,4,352,310,83,62
2024-02-28,4,4,352,204,83,37
2024-02-29,4,4,352,181,83,64
2024-03-01,4,4,352,242,83,54
2024-03-02,4,4,352,287,83,47
2024-03-03,4,4,352,238,83,68
2024-03-04,4,4,352,189,83,69
2024-03-05,4,4,352,326,83,61
2024-03-06,4,4,352,192,83,53
2024-03-07,4,4,352,235,83,34
2024-03-08,4,4,352,266,83,68
2024-03-09,4,4,352,301,83,43
2024-03-10,4,4,352,265,83,42
2024-03-11,4,4,352,265,83,69
2024-03-12,4,4,352,331,83,35
2024-03-13,4,4,352,186,83,70
2024-03-14,4,4,352,301,83,78
2024-03-15,4,4,352,317,83,59
2024-03-16,4,4,352,282,83,41
2024-03-17,4,4,352,248,83,56
2024-03-18,4,4,352,289,83,53
2024-03-19,4,4,352,188,83,74
2024-03-20,4,4,352,312,83,37
2024-03-21,4,4,352,213,83,76
2024-03-22,4,4,352,276,83,67
2024-03-23,4,4,352,259,83,47
2024-03-24,4,4,352,227,83,42
2024-03-25,4,4,352,208,83,78
2024-03-26,4,4,352,267,83,38
2024-03-27,4,4,352,315,83,54
2024-03-28,4,4,352,294,83,59
2024-03-29,4,4,352,226,83,48
2024-03-30,4,4,352,313,83,53
2024-03-31,4,4,352,181,83,52
2024-04-01,4,4,352,210,83,53
2024-04-02,4,4,352,228,83,51
2024-04-03,4,4,352,230,83,44
2024-04-04,4,4,352,312,83,53
2024-04-05,4,4,352,252,83,70
2024-04-06,4,4,352,293,83,64
2024-04-07,4,4,352,249,83,78
2024-04-08,4,4,352,242,83,55
2024-04-09,4,4,352,255,83,61
2024-04-10,4,4,352,308,83,53
2024-04-11,4,4,352,268,83,76
2024-04-12,4,4,352,323,83,78
2024-04-13,4,4,352,300,83,47
2024-04-14,4,4,352,334,83,36
2024-04-15,4,4,352,207,83,44
2024-04-16,4,4,352,304,83,45
2024-04-17,4,4,352,211,83,72
2024-04-18,4,4,352,244,83,48
2024-04-19,4,4,352,254,83,33
2024-04-20,4,4,352,285,83,44
2024-04-21,4,4,352,240,83,48
2024-04-22,4,4,352,230,83,58
2024-04-23,4,4,352,319,83,35
2024-04-24,4,4,352,239,83,74
2024-04-25,4,4,352,239,83,41
2024-04-26,4,4,352,265,83,54
2024-04-27,4,4,352,297,83,71
2024-04-28,4,4,352,330,83,76
2024-04-29,4,4,352,243,83,52
2024-04-30,4,4,352,193,83,39
2024-05-01,4,4,352,283,83,68
2024-05-02,4,4,352,306,83,61
2024-05-03,4,4,352,310,83,70
2024-05-04,4,4,352,279,83,50
2024-05-05,4,4,352,198,83,57
2024-05-06,4,4,352,320,83,74
2024-05-07,4,4,352,313,83,68
2024-05-08,4,4,352,310,83,36
2024-05-09,4,4,352,182,83,47
2024-05-10,4,4,352,260,83,73
2024-05-11,4,4,352,308,83,45
2024-05-12,4,4,352,331,83,62
2024-05-13,4,4,352,238,83,54
2024-05-14,4,4,352,331,83,70
2024-05-15,4,4,352,279,83,44
2024-05-16,4,4,352,299,83,36
2024-05-17,4,4,352,245,83,51
2024-05-18,4,4,352,247,83,49
2024-05-19,4,4,352,275,83,68
2024-05-20,4,4,352,180,83,34
2024-05-21,4,4,352,252,83,49
2024-05-22,4,4,352,275,83,59
2024-05-23,4,4,352,195,83,38
2024-05-24,4,4,352,178,83,47
2024-05-25,4,4,352,222,83,37
2024-05-26,4,4,352,311,83,77
2024-05-27,4,4,352,317,83,55
2024-05-28,4,4,352,188,83,53
2024-05-29,4,4,352,324,83,41
2024-05-30,4,4,352,200,83,50
2024-05-31,4,4,352,256,83,47
2024-06-01,4,4,352,241,83,78
2024-06-02,4,4,352,250,83,68
2024-06-03,4,4,352,331,83,63
2024-06-04,4,4,352,246,83,42
2024-06-05,4,4,352,266,83,57
2024-06-06,4,4,352,238,83,52
2024-06-07,4,4,352,215,83,66
2024-06-08,4,4,352,292,83,70
2024-06-09,4,4,352,234,83,65
2024-06-10,4,4,352,307,83,49
2024-06-11,4,4,352,243,83,77
2024-06-12,4,4,352,212,83,50
2024-06-13,4,4,352,255,83,41
2024-06-14,4,4,352,202,83,68
2024-06-15,4,4,352,218,83,33
2024-06-16,4,4,352,179,83,52
2024-06-17,4,4,352,239,83,65
2024-06-18,4,4,352,230,83,46
2024-06-19,4,4,352,187,83,38
2024-06-20,4,4,352,231,83,60
2024-06-21,4,4,352,216,83,42
2024-06-22,4,4,352,309,83,70
2024-06-23,4,4,352,205,83,61
2024-06-24,4,4,352,215,83,57
2024-06-25,4,4,352,192,83,42
2024-06-26,4,4,352,292,83,34
2024-06-27,4,4,352,222,83,63
2024-06-28,4,4,352,294,83,75
2024-06-29,4,4,352,324,83,60
2024-06-30,4,4,352,319,83,53
2024-07-01,4,4,352,258,83,72
2024-07-02,4,4,352,208,83,71
2024-07-03,4,4,352,198,83,49
2024-07-04,4,4,352,327,83,45
2024-07-05,4,4,352,323,83,50
2024-07-06,4,4,352,181,83,67
2024-07-07,4,4,352,308,83,66
2024-07-08,4,4,352,216,83,54
2024-07-09,4,4,352,305,83,48
2024-07-10,4,4,352,326,83,42
2024-07-11,4,4,352,208,83,55
2024-07-12,4,4,352,320,83,48
2024-07-13,4,4,352,209,83,39
2024-07-14,4,4,352,221,83,39
2024-07-15,4,4,352,259,83,45
2024-07-16,4,4,352,252,83,65
2024-07-17,4,4,352,200,83,33
2024-07-18,4,4,352,291,83,66
2024-07-19,4,4,352,192,83,50
2024-07-20,4,4,352,261,83,59
2024-07-21,4,4,352,242,83,56
2024-07-22,4,4,352,332,83,77
2024-07-23,4,4,352,176,83,33
2024-07-24,4,4,352,201,83,54
2024-07-25,4,4,352,332,83,35
2024-07-26,4,4,352,240,83,51
2024-07-27,4,4,352,187,83,45
2024-07-28,4,4,352,287,83,71
2024-07-29,4,4,352,225,83,46
2024-07-30,4,4,352,245,83,62
2024-07-31,4,4,352,258,83,64
2024-08-01,4,4,352,310,83,65
2024-08-02,4,4,352,230,83,34
2024-08-03,4,4,352,299,83,65
2024-08-04,4,4,352,218,83,72
2024-08-05,4,4,352,256,83,50
2024-08-06,4,4,352,274,83,50
2024-08-07,4,4,352,259,83,50
2024-08-08,4,4,352,182,83,50
2024-08-09,4,4,352,221,83,65
2024-08-10,4,4,352,269,83,46
2024-08-11,4,4,352,309,83,37
2024-08-12,4,4,352,198,83,38
2024-08-13,4,4,352,203,83,73
2024-08-14,4,4,352,240,83,77
2024-08-15,4,4,352,305,83,78
2024-08-16,4,4,352,190,83,61
2024-08-17,4,4,352,260,83,60
2024-08-18,4,4,352,297,83,76
2024-08-19,4,4,352,228,83,44
2024-08-20,4,4,352,248,83,49
2024-08-21,4,4,352,202,83,77
2024-08-22,4,4,352,253,83,37
2024-08-23,4,4,352,194,83,63
2024-08-24,4,4,352,320,83,49
2024-08-25,4,4,352,304,83,70
2024-08-26,4,4,352,213,83,71
2024-08-27,4,4,352,309,83,45
2024-08-28,4,4,352,313,83,43
2024-08-29,4,4,352,257,83,74
2024-08-30,4,4,352,303,83,75
2024-08-31,4,4,352,194,83,47
2024-09-01,4,4,352,204,83,35
2024-09-02,4,4,352,211,83,69
2024-09-03,4,4,352,315,83,67
2024-09-04,4,4,352,207,83,55
2024-09-05,4,4,352,192,83,72
2024-09-06,4,4,352,202,83,66
2024-09-07,4,4,352,271,83,57
2024-09-08,4,4,352,332,83,38
2024-09-09,4,4,352,300,83,51
2024-09-10,4,4,352,206,83,77
2024-09-11,4,4,352,237,83,69
2024-09-12,4,4,352,248,83,75
2024-09-13,4,4,352,237,83,63
2024-09-14,4,4,352,275,83,35
2024-09-15,4,4,352,294,83,71
2024-09-16,4,4,352,235,83,58
2024-09-17,4,4,352,234,83,33
2024-09-18,4,4,352,248,83,52
2024-09-19,4,4,352,250,83,65
2024-09-20,4,4,352,267,83,43
2024-09-21,4,4,352,309,83,70
2024-09-22,4,4,352,313,83,74
2024-09-23,4,4,352,227,83,78
2024-09-24,4,4,352,328,83,59
2024-09-25,4,4,352,231,83,75
2024-09-26,4,4,352,311,83,36
2024-09-27,4,4,352,211,83,47
2024-09-28,4,4,352,293,83,78
2024-09-29,4,4,352,247,83,53
2024-09-30,4,4,352,193,83,46
2024-10-01,4,4,352,295,83,40
2024-10-02,4,4,352,246,83,72
2024-10-03,4,4,352,296,83,52
2024-10-04,4,4,352,296,83,46
2024-10-05,4,4,352,329,83,63
2024-10-06,4,4,352,203,83,39
2024-10-07,4,4,352,184,83,60
2024-10-08,4,4,352,224,83,57
2024-10-09,4,4,352,246,83,51
2024-10-10,4,4,352,309,83,52
2024-10-11,4,4,352,309,83,41
2024-10-12,4,4,352,234,83,45
2024-10-13,4,4,352,281,83,45
2024-10-14,4,4,352,314,83,54
2024-10-15,4,4,352,269,83,52
2024-10-16,4,4,352,182,83,53
2024-10-17,4,4,352,207,83,48
2024-10-18,4,4,352,302,83,55
2024-10-19,4,4,352,307,83,58
2024-10-20,4,4,352,177,83,78
2024-10-21,4,4,352,273,83,73
2024-10-22,4,4,352,324,83,56
2024-10-23,4,4,352,210,83,66
2024-10-24,4,4,352,202,83,39
2024-10-25,4,4,352,332,83,40
2024-10-26,4,4,352,253,83,70
2024-10-27,4,4,352,238,83,58
2024-10-28,4,4,352,229,83,34
2024-10-29,4,4,352,279,83,35
2024-10-30,4,4,352,271,83,67
2024-10-31,4,4,352,276,83,69
2024-11-01,4,4,352,307,83,41
2024-11-02,4,4,352,334,83,77
2024-11-03,4,4,352,204,83,58
2024-11-04,4,4,352,198,83,46
2024-11-05,4,4,352,326,83,45
2024-11-06,4,4,352,222,83,36
2024-11-07,4,4,352,255,83,70
2024-11-08,4,4,352,194,83,56
2024-11-09,4,4,352,196,83,77
2024-11-10,4,4,352,263,83,46
2024-11-11,4,4,352,333,83,43
2024-11-12,4,4,352,264,83,43
2024-11-13,4,4,352,226,83,42
2024-11-14,4,4,352,289,83,43
2024-11-15,4,4,352,334,83,66
2024-11-16,4,4,352,180,83,63
2024-11-17,4,4,352,177,83,33
2024-11-18,4,4,352,256,83,63
2024-11-19,4,4,352,267,83,44
2024-11-20,4,4,352,269,83,49
2024-11-21,4,4,352,235,83,59
2024-11-22,4,4,352,277,83,40
2024-11-23,4,4,352,283,83,61
2024-11-24,4,4,352,241,83,49
2024-11-25,4,4,352,323,83,37
2024-11-26,4,4,352,179,83,73
2024-11-27,4,4,352,274,83,71
2024-11-28,4,4,352,310,83,56
2024-11-29,4,4,352,199,83,41
2024-11-30,4,4,352,279,83,43
2024-12-01,4,4,352,279,83,59
2024-12-02,4,4,352,278,83,41
2024-12-03,4,4,352,270,83,77
2024-12-04,4,4,352,241,83,71
2024-12-05,4,4,352,226,83,38
2024-12-06,4,4,352,280,83,53
2024-12-07,4,4,352,291,83,68
2024-12-08,4,4,352,192,83,59
2024-12-09,4,4,352,183,83,51
2024-12-10,4,4,352,281,83,52
2024-12-11,4,4,352,226,83,49
2024-12-12,4,4,352,193,83,44
2024-12-13,4,4,352,223,83,58
2024-12-14,4,4,352,198,83,45
2024-12-15,4,4,352,191,83,44
2024-12-16,4,4,352,286,83,35
2024-12-17,4,4,352,227,83,47
2024-12-18,4,4,352,323,83,46
2024-12-19,4,4,352,262,83,36
2024-12-20,4,4,352,309,83,44
2024-12-21,4,4,352,290,83,75
2024-12-22,4,4,352,327,83,39
2024-12-23,4,4,352,237,83,65
2024-12-24,4,4,352,310,83,73
2024-12-25,4,4,352,182,83,34
2024-12-26,4,4,352,238,83,76
2024-12-27,4,4,352,252,83,43
2024-12-28,4,4,352,311,83,53
2024-12-29,4,4,352,258,83,43
2024-12-30,4,4,352,273,83,49
2024-12-31,4,4,352,307,83,53
2023-01-01,4,5,352,232,83,52
2023-01-02,4,5,352,183,83,77
2023-01-03,4,5,352,176,83,38
2023-01-04,4,5,352,189,83,40
2023-01-05,4,5,352,215,83,65
2023-01-06,4,5,352,286,83,47
2023-01-07,4,5,352,248,83,74
2023-01-08,4,5,352,236,83,60
2023-01-09,4,5,352,235,83,47
2023-01-10,4,5,352,261,83,76
2023-01-11,4,5,352,296,83,78
2023-01-12,4,5,352,281,83,75
2023-01-13,4,5,352,251,83,74
2023-01-14,4,5,352,223,83,54
2023-01-15,4,5,352,261,83,70
2023-01-16,4,5,352,218,83,35
2023-01-17,4,5,352,180,83,66
2023-01-18,4,5,352,262,83,52
2023-01-19,4,5,352,230,83,74
2023-01-20,4,5,352,333,83,50
2023-01-21,4,5,352,283,83,47
2023-01-22,4,5,352,222,83,55
2023-01-23,4,5,352,243,83,33
2023-01-24,4,5,352,271,83,63
2023-01-25,4,5,352,266,83,68
2023-01-26,4,5,352,246,83,54
2023-01-27,4,5,352,271,83,46
2023-01-28,4,5,352,325,83,73
2023-01-29,4,5,352,273,83,33
2023-01-30,4,5,352,179,83,67
2023-01-31,4,5,352,320,83,53
2023-02-01,4,5,352,297,83,53
2023-02-02,4,5,352,237,83,40
2023-02-03,4,5,352,197,83,58
2023-02-04,4,5,352,304,83,76
2023-02-05,4,5,352,209,83,78
2023-02-06,4,5,352,293,83,47
2023-02-07,4,5,352,243,83,35
2023-02-08,4,5,352,263,83,50
2023-02-09,4,5,352,268,83,44
2023-02-10,4,5,352,313,83,56
2023-02-11,4,5,352,311,83,54
2023-02-12,4,5,352,224,83,43
2023-02-13,4,5,352,320,83,62
2023-02-14,4,5,352,266,83,34
2023-02-15,4,5,352,249,83,75
2023-02-16,4,5,352,184,83,69
2023-02-17,4,5,352,225,83,34
2023-02-18,4,5,352,304,83,65
2023-02-19,4,5,352,319,83,74
2023-02-20,4,5,352,255,83,53
2023-02-21,4,5,352,300,83,53
2023-02-22,4,5,352,305,83,69
2023-02-23,4,5,352,317,83,63
2023-02-24,4,5,352,194,83,44
2023-02-25,4,5,352,201,83,55
2023-02-26,4,5,352,246,83,78
2023-02-27,4,5,352,308,83,60
2023-02-28,4,5,352,255,83,43
2023-03-01,4,5,352,195,83,52
2023-03-02,4,5,352,275,83,44
2023-03-03,4,5,352,198,83,59
2023-03-04,4,5,352,207,83,71
2023-03-05,4,5,352,275,83,54
2023-03-06,4,5,352,242,83,74
2023-03-07,4,5,352,294,83,50
2023-03-08,4,5,352,302,83,62
2023-03-09,4,5,352,256,83,55
2023-03-10,4,5,352,231,83,69
2023-03-11,4,5,352,276,83,36
2023-03-12,4,5,352,177,83,55
2023-03-13,4,5,352,308,83,76
2023-03-14,4,5,352,241,83,42
2023-03-15,4,5,352,323,83,33
2023-03-16,4,5,352,322,83,54
2023-03-17,4,5,352,231,83,49
2023-03-18,4,5,352,271,83,41
2023-03-19,4,5,352,297,83,78
2023-03-20,4,5,352,212,83,52
2023-03-21,4,5,352,305,83,41
2023-03-22,4,5,352,238,83,58
2023-03-23,4,5,352,269,83,34
2023-03-24,4,5,352,221,83,76
2023-03-25,4,5,352,247,83,68
2023-03-26,4,5,352,180,83,57
2023-03-27,4,5,352,307,83,54
2023-03-28,4,5,352,261,83,39
2023-03-29,4,5,352,243,83,58
2023-03-30,4,5,352,201,83,71
2023-03-31,4,5,352,330,83,71
2023-04-01,4,5,352,298,83,49
2023-04-02,4,5,352,273,83,54
2023-04-03,4,5,352,220,83,36
2023-04-04,4,5,352,261,83,33
2023-04-05,4,5,352,277,83,68
2023-04-06,4,5,352,187,83,35
2023-04-07,4,5,352,281,83,39
2023-04-08,4,5,352,300,83,42
2023-04-09,4,5,352,184,83,43
2023-04-10,4,5,352,264,83,36
2023-04-11,4,5,352,302,83,72
2023-04-12,4,5,352,200,83,34
2023-04-13,4,5,352,247,83,34
2023-04-14,4,5,352,196,83,76
2023-04-15,4,5,352,177,83,47
2023-04-16,4,5,352,182,83,57
2023-04-17,4,5,352,329,83,58
2023-04-18,4,5,352,249,83,73
2023-04-19,4,5,352,267,83,44
2023-04-20,4,5,352,303,83,57
2023-04-21,4,5,352,245,83,53
2023-04-22,4,5,352,327,83,38
2023-04-23,4,5,352,214,83,53
2023-04-24,4,5,352,184,83,33
2023-04-25,4,5,352,187,83,40
2023-04-26,4,5,352,299,83,66
2023-04-27,4,5,352,236,83,68
2023-04-28,4,5,352,224,83,48
2023-04-29,4,5,352,206,83,68
2023-04-30,4,5,352,328,83,75
2023-05-01,4,5,352,287,83,48
2023-05-02,4,5,352,290,83,76
2023-05-03,4,5,352,311,83,75
2023-05-04,4,5,352,189,83,50
2023-05-05,4,5,352,280,83,75
2023-05-06,4,5,352,250,83,39
2023-05-07,4,5,352,184,83,75
2023-05-08,4,5,352,218,83,44
2023-05-09,4,5,352,287,83,59
2023-05-10,4,5,352,262,83,53
2023-05-11,4,5,352,240,83,33
2023-05-12,4,5,352,323,83,78
2023-05-13,4,5,352,289,83,33
2023-05-14,4,5,352,179,83,42
2023-05-15,4,5,352,239,83,55
2023-05-16,4,5,352,275,83,59
2023-05-17,4,5,352,212,83,72
2023-05-18,4,5,352,298,83,53
2023-05-19,4,5,352,266,83,75
2023-05-20,4,5,352,262,83,54
2023-05-21,4,5,352,305,83,67
2023-05-22,4,5,352,246,83,34
2023-05-23,4,5,352,206,83,52
2023-05-24,4,5,352,271,83,78
2023-05-25,4,5,352,326,83,34
2023-05-26,4,5,352,230,83,40
2023-05-27,4,5,352,245,83,36
2023-05-28,4,5,352,225,83,56
2023-05-29,4,5,352,188,83,65
2023-05-30,4,5,352,313,83,66
2023-05-31,4,5,352,200,83,47
2023-06-01,4,5,352,331,83,69
2023-06-02,4,5,352,222,83,66
2023-06-03,4,5,352,201,83,48
2023-06-04,4,5,352,222,83,48
2023-06-05,4,5,352,201,83,74
2023-06-06,4,5,352,229,83,39
2023-06-07,4,5,352,238,83,46
2023-06-08,4,5,352,184,83,78
2023-06-09,4,5,352,200,83,73
2023-06-10,4,5,352,241,83,45
2023-06-11,4,5,352,328,83,40
2023-06-12,4,5,352,286,83,45
2023-06-13,4,5,352,176,83,54
2023-06-14,4,5,352,268,83,36
2023-06-15,4,5,352,209,83,59
2023-06-16,4,5,352,310,83,65
2023-06-17,4,5,352,217,83,76
2023-06-18,4,5,352,180,83,51
2023-06-19,4,5,352,184,83,70
2023-06-20,4,5,352,282,83,35
2023-06-21,4,5,352,268,83,37
2023-06-22,4,5,352,306,83,38
2023-06-23,4,5,352,198,83,77
2023-06-24,4,5,352,260,83,73
2023-06-25,4,5,352,275,83,36
2023-06-26,4,5,352,328,83,49
2023-06-27,4,5,352,245,83,53
2023-06-28,4,5,352,260,83,49
2023-06-29,4,5,352,249,83,46
2023-06-30,4,5,352,252,83,45
2023-07-01,4,5,352,180,83,62
2023-07-02,4,5,352,257,83,61
2023-07-03,4,5,352,257,83,73
2023-07-04,4,5,352,207,83,53
2023-07-05,4,5,352,287,83,64
2023-07-06,4,5,352,310,83,49
2023-07-07,4,5,352,184,83,54
2023-07-08,4,5,352,267,83,59
2023-07-09,4,5,352,200,83,40
2023-07-10,4,5,352,197,83,65
2023-07-11,4,5,352,187,83,77
2023-07-12,4,5,352,188,83,66
2023-07-13,4,5,352,207,83,49
2023-07-14,4,5,352,314,83,73
2023-07-15,4,5,352,310,83,55
2023-07-16,4,5,352,324,83,65
2023-07-17,4,5,352,248,83,58
2023-07-18,4,5,352,286,83,63
2023-07-19,4,5,352,276,83,61
2023-07-20,4,5,352,203,83,42
2023-07-21,4,5,352,318,83,58
2023-07-22,4,5,352,285,83,48
2023-07-23,4,5,352,303,83,51
2023-07-24,4,5,352,244,83,56
2023-07-25,4,5,352,213,83,58
2023-07-26,4,5,352,286,83,40
2023-07-27,4,5,352,187,83,61
2023-07-28,4,5,352,313,83,49
2023-07-29,4,5,352,299,83,49
2023-07-30,4,5,352,252,83,48
2023-07-31,4,5,352,228,83,55
2023-08-01,4,5,352,176,83,52
2023-08-02,4,5,352,191,83,73
2023-08-03,4,5,352,297,83,38
2023-08-04,4,5,352,205,83,50
2023-08-05,4,5,352,229,83,59
2023-08-06,4,5,352,238,83,41
2023-08-07,4,5,352,209,83,76
2023-08-08,4,5,352,291,83,39
2023-08-09,4,5,352,303,83,38
2023-08-10,4,5,352,254,83,63
2023-08-11,4,5,352,297,83,33
2023-08-12,4,5,352,297,83,58
2023-08-13,4,5,352,327,83,48
2023-08-14,4,5,352,234,83,61
2023-08-15,4,5,352,258,83,54
2023-08-16,4,5,352,187,83,73
2023-08-17,4,5,352,316,83,45
2023-08-18,4,5,352,334,83,71
2023-08-19,4,5,352,297,83,61
2023-08-20,4,5,352,274,83,38
2023-08-21,4,5,352,195,83,71
2023-08-22,4,5,352,182,83,41
2023-08-23,4,5,352,214,83,69
2023-08-24,4,5,352,321,83,77
2023-08-25,4,5,352,329,83,64
2023-08-26,4,5,352,308,83,45
2023-08-27,4,5,352,216,83,72
2023-08-28,4,5,352,203,83,55
2023-08-29,4,5,352,308,83,55
2023-08-30,4,5,352,306,83,45
2023-08-31,4,5,352,290,83,73
2023-09-01,4,5,352,232,83,45
2023-09-02,4,5,352,191,83,73
2023-09-03,4,5,352,279,83,66
2023-09-04,4,5,352,183,83,54
2023-09-05,4,5,352,267,83,65
2023-09-06,4,5,352,280,83,50
2023-09-07,4,5,352,251,83,74
2023-09-08,4,5,352,240,83,59
2023-09-09,4,5,352,197,83,39
2023-09-10,4,5,352,312,83,52
2023-09-11,4,5,352,331,83,74
2023-09-12,4,5,352,196,83,44
2023-09-13,4,5,352,275,83,33
2023-09-14,4,5,352,299,83,64
2023-09-15,4,5,352,268,83,66
2023-09-16,4,5,352,178,83,72
2023-09-17,4,5,352,287,83,61
2023-09-18,4,5,352,217,83,40
2023-09-19,4,5,352,302,83,33
2023-09-20,4,5,352,244,83,50
2023-09-21,4,5,352,275,83,70
2023-09-22,4,5,352,289,83,37
2023-09-23,4,5,352,304,83,35
2023-09-24,4,5,352,323,83,64
2023-09-25,4,5,352,303,83,67
2023-09-26,4,5,352,190,83,53
2023-09-27,4,5,352,248,83,61
2023-09-28,4,5,352,239,83,45
2023-09-29,4,5,352,179,83,67
2023-09-30,4,5,352,190,83,73
2023-10-01,4,5,352,216,83,71
2023-10-02,4,5,352,310,83,40
2023-10-03,4,5,352,275,83,73
2023-10-04,4,5,352,233,83,57
2023-10-05,4,5,352,259,83,38
2023-10-06,4,5,352,216,83,59
2023-10-07,4,5,352,303,83,34
2023-10-08,4,5,352,184,83,43
2023-10-09,4,5,352,323,83,70
2023-10-10,4,5,352,305,83,62
2023-10-11,4,5,352,283,83,63
2023-10-12,4,5,352,194,83,48
2023-10-13,4,5,352,268,83,44
2023-10-14,4,5,352,260,83,65
2023-10-15,4,5,352,226,83,46
2023-10-16,4,5,352,233,83,37
2023-10-17,4,5,352,289,83,70
2023-10-18,4,5,352,328,83,38
2023-10-19,4,5,352,209,83,56
2023-10-20,4,5,352,331,83,46
2023-10-21,4,5,352,323,83,42
2023-10-22,4,5,352,292,83,63
2023-10-23,4,5,352,330,83,34
2023-10-24,4,5,352,227,83,66
2023-10-25,4,5,352,267,83,38
2023-10-26,4,5,352,303,83,59
2023-10-27,4,5,352,201,83,71
2023-10-28,4,5,352,305,83,45
2023-10-29,4,5,352,286,83,58
2023-10-30,4,5,352,177,83,77
2023-10-31,4,5,352,247,83,43
2023-11-01,4,5,352,238,83,60
2023-11-02,4,5,352,262,83,40
2023-11-03,4,5,352,316,83,44
2023-11-04,4,5,352,301,83,47
2023-11-05,4,5,352,224,83,44
2023-11-06,4,5,352,242,83,68
2023-11-07,4,5,352,202,83,56
2023-11-08,4,5,352,252,83,50
2023-11-09,4,5,352,187,83,77
2023-11-10,4,5,352,207,83,44
2023-11-11,4,5,352,275,83,50
2023-11-12,4,5,352,179,83,47
2023-11-13,4,5,352,214,83,50
2023-11-14,4,5,352,323,83,77
2023-11-15,4,5,352,251,83,54
2023-11-16,4,5,352,263,83,48
2023-11-17,4,5,352,217,83,67
2023-11-18,4,5,352,285,83,33
2023-11-19,4,5,352,282,83,58
2023-11-20,4,5,352,327,83,41
2023-11-21,4,5,352,305,83,38
2023-11-22,4,5,352,282,83,44
2023-11-23,4,5,352,182,83,73
2023-11-24,4,5,352,274,83,70
2023-11-25,4,5,352,207,83,49
2023-11-26,4,5,352,198,83,72
2023-11-27,4,5,352,321,83,52
2023-11-28,4,5,352,270,83,50
2023-11-29,4,5,352,251,83,51
2023-11-30,4,5,352,220,83,77
2023-12-01,4,5,352,197,83,46
2023-12-02,4,5,352,322,83,34
2023-12-03,4,5,352,237,83,48
2023-12-04,4,5,352,311,83,42
2023-12-05,4,5,352,198,83,34
2023-12-06,4,5,352,326,83,75
2023-12-07,4,5,352,291,83,43
2023-12-08,4,5,352,178,83,67
2023-12-09,4,5,352,298,83,60
2023-12-10,4,5,352,328,83,39
2023-12-11,4,5,352,252,83,48
2023-12-12,4,5,352,273,83,61
2023-12-13,4,5,352,288,83,70
2023-12-14,4,5,352,312,83,56
2023-12-15,4,5,352,315,83,75
2023-12-16,4,5,352,257,83,59
2023-12-17,4,5,352,296,83,64
2023-12-18,4,5,352,251,83,67
2023-12-19,4,5,352,328,83,75
2023-12-20,4,5,352,213,83,68
2023-12-21,4,5,352,191,83,61
2023-12-22,4,5,352,295,83,61
2023-12-23,4,5,352,303,83,43
2023-12-24,4,5,352,193,83,61
2023-12-25,4,5,352,329,83,69
2023-12-26,4,5,352,297,83,69
2023-12-27,4,5,352,248,83,37
2023-12-28,4,5,352,305,83,74
2023-12-29,4,5,352,327,83,69
2023-12-30,4,5,352,293,83,75
2023-12-31,4,5,352,214,83,51
2024-01-01,4,5,352,296,83,45
2024-01-02,4,5,352,216,83,73
2024-01-03,4,5,352,227,83,65
2024-01-04,4,5,352,277,83,75
2024-01-05,4,5,352,187,83,66
2024-01-06,4,5,352,178,83,40
2024-01-07,4,5,352,245,83,33
2024-01-08,4,5,352,292,83,56
2024-01-09,4,5,352,313,83,64
2024-01-10,4,5,352,303,83,75
2024-01-11,4,5,352,326,83,78
2024-01-12,4,5,352,320,83,42
2024-01-13,4,5,352,258,83,52
2024-01-14,4,5,352,265,83,51
2024-01-15,4,5,352,278,83,63
2024-01-16,4,5,352,199,83,47
2024-01-17,4,5,352,235,83,54
2024-01-18,4,5,352,234,83,62
2024-01-19,4,5,352,300,83,67
2024-01-20,4,5,352,331,83,57
2024-01-21,4,5,352,318,83,55
2024-01-22,4,5,352,233,83,34
2024-01-23,4,5,352,179,83,68
2024-01-24,4,5,352,332,83,40
2024-01-25,4,5,352,268,83,46
2024-01-26,4,5,352,259,83,60
2024-01-27,4,5,352,202,83,42
2024-01-28,4,5,352,225,83,51
2024-01-29,4,5,352,234,83,40
2024-01-30,4,5,352,188,83,65
2024-01-31,4,5,352,289,83,58
2024-02-01,4,5,352,300,83,46
2024-02-02,4,5,352,186,83,63
2024-02-03,4,5,352,328,83,37
2024-02-04,4,5,352,213,83,50
2024-02-05,4,5,352,304,83,44
2024-02-06,4,5,352,333,83,59
2024-02-07,4,5,352,293,83,58
2024-02-08,4,5,352,200,83,42
2024-02-09,4,5,352,209,83,46
2024-02-10,4,5,352,229,83,37
2024-02-11,4,5,352,212,83,56
2024-02-12,4,5,352,200,83,50
2024-02-13,4,5,352,230,83,36
2024-02-14,4,5,352,299,83,66
2024-02-15,4,5,352,186,83,37
2024-02-16,4,5,352,287,83,75
2024-02-17,4,5,352,202,83,78
2024-02-18,4,5,352,275,83,56
2024-02-19,4,5,352,292,83,52
2024-02-20,4,5,352,204,83,59
2024-02-21,4,5,352,329,83,70
2024-02-22,4,5,352,238,83,47
2024-02-23,4,5,352,300,83,37
2024-02-24,4,5,352,233,83,59
2024-02-25,4,5,352,207,83,47
2024-02-26,4,5,352,287,83,39
2024-02-27,4,5,352,319,83,51
2024-02-28,4,5,352,207,83,65
2024-02-29,4,5,352,234,83,38
2024-03-01,4,5,352,262,83,43
2024-03-02,4,5,352,282,83,54
2024-03-03,4,5,352,230,83,64
2024-03-04,4,5,352,302,83,69
2024-03-05,4,5,352,221,83,62
2024-03-06,4,5,352,273,83,35
2024-03-07,4,5,352,228,83,74
2024-03-08,4,5,352,230,83,47
2024-03-09,4,5,352,334,83,49
2024-03-10,4,5,352,228,83,52
2024-03-11,4,5,352,256,83,55
2024-03-12,4,5,352,319,83,74
2024-03-13,4,5,352,312,83,54
2024-03-14,4,5,352,237,83,38
2024-03-15,4,5,352,276,83,60
2024-03-16,4,5,352,247,83,33
2024-03-17,4,5,352,301,83,78
2024-03-18,4,5,352,244,83,71
2024-03-19,4,5,352,296,83,39
2024-03-20,4,5,352,235,83,35
2024-03-21,4,5,352,321,83,44
2024-03-22,4,5,352,328,83,61
2024-03-23,4,5,352,288,83,69
2024-03-24,4,5,352,322,83,77
2024-03-25,4,5,352,254,83,35
2024-03-26,4,5,352,192,83,65
2024-03-27,4,5,352,226,83,44
2024-03-28,4,5,352,305,83,74
2024-03-29,4,5,352,231,83,54
2024-03-30,4,5,352,308,83,41
2024-03-31,4,5,352,276,83,35
2024-04-01,4,5,352,331,83,77
2024-04-02,4,5,352,251,83,56
2024-04-03,4,5,352,283,83,34
2024-04-04,4,5,352,190,83,50
2024-04-05,4,5,352,285,83,67
2024-04-06,4,5,352,201,83,43
2024-04-07,4,5,352,253,83,71
2024-04-08,4,5,352,227,83,73
2024-04-09,4,5,352,220,83,65
2024-04-10,4,5,352,280,83,48
2024-04-11,4,5,352,284,83,43
2024-04-12,4,5,352,187,83,41
2024-04-13,4,5,352,239,83,69
2024-04-14,4,5,352,298,83,74
2024-04-15,4,5,352,197,83,74
2024-04-16,4,5,352,236,83,71
2024-04-17,4,5,352,291,83,63
2024-04-18,4,5,352,258,83,45
2024-04-19,4,5,352,217,83,46
2024-04-20,4,5,352,189,83,78
2024-04-21,4,5,352,176,83,35
2024-04-22,4,5,352,313,83,34
2024-04-23,4,5,352,281,83,55
2024-04-24,4,5,352,191,83,72
2024-04-25,4,5,352,244,83,43
2024-04-26,4,5,352,260,83,41
2024-04-27,4,5,352,212,83,56
2024-04-28,4,5,352,327,83,57
2024-04-29,4,5,352,274,83,37
2024-04-30,4,5,352,319,83,52
2024-05-01,4,5,352,318,83,58
2024-05-02,4,5,352,325,83,52
2024-05-03,4,5,352,296,83,33
2024-05-04,4,5,352,305,83,37
2024-05-05,4,5,352,299,83,70
2024-05-06,4,5,352,186,83,53
2024-05-07,4,5,352,246,83,63
2024-05-08,4,5,352,289,83,58
2024-05-09,4,5,352,266,83,40
2024-05-10,4,5,352,299,83,53
2024-05-11,4,5,352,268,83,77
2024-05-12,4,5,352,206,83,48
2024-05-13,4,5,352,246,83,53
2024-05-14,4,5,352,199,83,47
2024-05-15,4,5,352,220,83,35
2024-05-16,4,5,352,260,83,37
2024-05-17,4,5,352,317,83,75
2024-05-18,4,5,352,213,83,68
2024-05-19,4,5,352,208,83,67
2024-05-20,4,5,352,227,83,69
2024-05-21,4,5,352,285,83,73
2024-05-22,4,5,352,293,83,40
2024-05-23,4,5,352,211,83,77
2024-05-24,4,5,352,211,83,66
2024-05-25,4,5,352,197,83,44
2024-05-26,4,5,352,259,83,77
2024-05-27,4,5,352,299,83,35
2024-05-28,4,5,352,187,83,40
2024-05-29,4,5,352,216,83,52
2024-05-30,4,5,352,225,83,46
2024-05-31,4,5,352,301,83,48
2024-06-01,4,5,352,322,83,64
2024-06-02,4,5,352,178,83,54
2024-06-03,4,5,352,266,83,45
2024-06-04,4,5,352,201,83,68
2024-06-05,4,5,352,287,83,75
2024-06-06,4,5,352,292,83,58
2024-06-07,4,5,352,220,83,66
2024-06-08,4,5,352,201,83,33
2024-06-09,4,5,352,325,83,69
2024-06-10,4,5,352,290,83,60
2024-06-11,4,5,352,215,83,67
2024-06-12,4,5,352,204,83,50
2024-06-13,4,5,352,270,83,48
2024-06-14,4,5,352,228,83,50
2024-06-15,4,5,352,230,83,77
2024-06-16,4,5,352,273,83,37
2024-06-17,4,5,352,239,83,65
2024-06-18,4,5,352,289,83,59
2024-06-19,4,5,352,180,83,36
2024-06-20,4,5,352,328,83,33
2024-06-21,4,5,352,187,83,63
2024-06-22,4,5,352,307,83,48
2024-06-23,4,5,352,320,83,58
2024-06-24,4,5,352,322,83,55
2024-06-25,4,5,352,178,83,44
2024-06-26,4,5,352,216,83,59
2024-06-27,4,5,352,243,83,77
2024-06-28,4,5,352,218,83,65
2024-06-29,4,5,352,229,83,55
2024-06-30,4,5,352,262,83,56
2024-07-01,4,5,352,292,83,33
2024-07-02,4,5,352,195,83,50
2024-07-03,4,5,352,308,83,63
2024-07-04,4,5,352,327,83,44
2024-07-05,4,5,352,205,83,53
2024-07-06,4,5,352,204,83,34
2024-07-07,4,5,352,241,83,70
2024-07-08,4,5,352,214,83,78
2024-07-09,4,5,352,180,83,75
2024-07-10,4,5,352,234,83,36
2024-07-11,4,5,352,313,83,54
2024-07-12,4,5,352,268,83,46
2024-07-13,4,5,352,254,83,62
2024-07-14,4,5,352,288,83,73
2024-07-15,4,5,352,273,83,71
2024-07-16,4,5,352,277,83,76
2024-07-17,4,5,352,323,83,53
2024-07-18,4,5,352,216,83,67
2024-07-19,4,5,352,233,83,71
2024-07-20,4,5,352,307,83,47
2024-07-21,4,5,352,319,83,62
2024-07-22,4,5,352,305,83,47
2024-07-23,4,5,352,322,83,45
2024-07-24,4,5,352,248,83,46
2024-07-25,4,5,352,253,83,44
2024-07-26,4,5,352,288,83,56
2024-07-27,4,5,352,189,83,56
2024-07-28,4,5,352,230,83,33
2024-07-29,4,5,352,290,83,71
2024-07-30,4,5,352,281,83,50
2024-07-31,4,5,352,275,83,56
2024-08-01,4,5,352,221,83,46
2024-08-02,4,5,352,300,83,59
2024-08-03,4,5,352,183,83,33
2024-08-04,4,5,352,268,83,51
2024-08-05,4,5,352,294,83,58
2024-08-06,4,5,352,328,83,45
2024-08-07,4,5,352,244,83,50
2024-08-08,4,5,352,226,83,35
2024-08-09,4,5,352,239,83,45
2024-08-10,4,5,352,206,83,48
2024-08-11,4,5,352,279,83,72
2024-08-12,4,5,352,270,83,73
2024-08-13,4,5,352,293,83,40
2024-08-14,4,5,352,220,83,35
2024-08-15,4,5,352,221,83,59
2024-08-16,4,5,352,263,83,72
2024-08-17,4,5,352,298,83,58
2024-08-18,4,5,352,323,83,78
2024-08-19,4,5,352,305,83,73
2024-08-20,4,5,352,266,83,43
2024-08-21,4,5,352,238,83,46
2024-08-22,4,5,352,185,83,69
2024-08-23,4,5,352,247,83,45
2024-08-24,4,5,352,266,83,53
2024-08-25,4,5,352,194,83,65
2024-08-26,4,5,352,262,83,47
2024-08-27,4,5,352,248,83,42
2024-08-28,4,5,352,181,83,72
2024-08-29,4,5,352,310,83,73
2024-08-30,4,5,352,230,83,67
2024-08-31,4,5,352,233,83,57
2024-09-01,4,5,352,228,83,50
2024-09-02,4,5,352,301,83,52
2024-09-03,4,5,352,267,83,39
2024-09-04,4,5,352,193,83,67
2024-09-05,4,5,352,194,83,60
2024-09-06,4,5,352,222,83,78
2024-09-07,4,5,352,213,83,66
2024-09-08,4,5,352,257,83,72
2024-09-09,4,5,352,255,83,55
2024-09-10,4,5,352,312,83,60
2024-09-11,4,5,352,306,83,49
2024-09-12,4,5,352,291,83,76
2024-09-13,4,5,352,299,83,52
2024-09-14,4,5,352,176,83,60
2024-09-15,4,5,352,208,83,36
2024-09-16,4,5,352,307,83,65
2024-09-17,4,5,352,187,83,71
2024-09-18,4,5,352,262,83,48
2024-09-19,4,5,352,298,83,48
2024-09-20,4,5,352,278,83,35
2024-09-21,4,5,352,193,83,47
2024-09-22,4,5,352,319,83,50
2024-09-23,4,5,352,270,83,71
2024-09-24,4,5,352,270,83,69
2024-09-25,4,5,352,241,83,46
2024-09-26,4,5,352,308,83,65
2024-09-27,4,5,352,254,83,75
2024-09-28,4,5,352,241,83,45
2024-09-29,4,5,352,325,83,45
2024-09-30,4,5,352,239,83,41
2024-10-01,4,5,352,309,83,50
2024-10-02,4,5,352,236,83,68
2024-10-03,4,5,352,279,83,50
2024-10-04,4,5,352,201,83,49
2024-10-05,4,5,352,239,83,77
2024-10-06,4,5,352,271,83,46
2024-10-07,4,5,352,249,83,48
2024-10-08,4,5,352,286,83,43
2024-10-09,4,5,352,280,83,41
2024-10-10,4,5,352,229,83,52
2024-10-11,4,5,352,222,83,73
2024-10-12,4,5,352,276,83,54
2024-10-13,4,5,352,195,83,39
2024-10-14,4,5,352,186,83,54
2024-10-15,4,5,352,298,83,40
2024-10-16,4,5,352,211,83,43
2024-10-17,4,5,352,241,83,62
2024-10-18,4,5,352,275,83,55
2024-10-19,4,5,352,223,83,69
2024-10-20,4,5,352,297,83,39
2024-10-21,4,5,352,238,83,46
2024-10-22,4,5,352,187,83,67
2024-10-23,4,5,352,323,83,34
2024-10-24,4,5,352,176,83,35
2024-10-25,4,5,352,291,83,45
2024-10-26,4,5,352,245,83,64
2024-10-27,4,5,352,266,83,74
2024-10-28,4,5,352,189,83,46
2024-10-29,4,5,352,218,83,74
2024-10-30,4,5,352,312,83,35
2024-10-31,4,5,352,212,83,43
2024-11-01,4,5,352,238,83,72
2024-11-02,4,5,352,203,83,66
2024-11-03,4,5,352,320,83,68
2024-11-04,4,5,352,216,83,41
2024-11-05,4,5,352,324,83,68
2024-11-06,4,5,352,199,83,65
2024-11-07,4,5,352,317,83,75
2024-11-08,4,5,352,178,83,42
2024-11-09,4,5,352,304,83,55
2024-11-10,4,5,352,332,83,66
2024-11-11,4,5,352,265,83,55
2024-11-12,4,5,352,260,83,57
2024-11-13,4,5,352,286,83,42
2024-11-14,4,5,352,187,83,35
2024-11-15,4,5,352,232,83,67
2024-11-16,4,5,352,242,83,47
2024-11-17,4,5,352,239,83,74
2024-11-18,4,5,352,254,83,61
2024-11-19,4,5,352,215,83,55
2024-11-20,4,5,352,240,83,64
2024-11-21,4,5,352,274,83,59
2024-11-22,4,5,352,300,83,78
2024-11-23,4,5,352,312,83,76
2024-11-24,4,5,352,225,83,64
2024-11-25,4,5,352,251,83,71
2024-11-26,4,5,352,180,83,40
2024-11-27,4,5,352,252,83,60
2024-11-28,4,5,352,213,83,70
2024-11-29,4,5,352,292,83,77
2024-11-30,4,5,352,192,83,59
2024-12-01,4,5,352,220,83,62
2024-12-02,4,5,352,253,83,54
2024-12-03,4,5,352,251,83,36
2024-12-04,4,5,352,184,83,64
2024-12-05,4,5,352,231,83,69
2024-12-06,4,5,352,329,83,48
2024-12-07,4,5,352,178,83,33
2024-12-08,4,5,352,232,83,72
2024-12-09,4,5,352,310,83,72
2024-12-10,4,5,352,299,83,44
2024-12-11,4,5,352,207,83,56
2024-12-12,4,5,352,290,83,78
2024-12-13,4,5,352,282,83,67
2024-12-14,4,5,352,244,83,44
2024-12-15,4,5,352,295,83,56
2024-12-16,4,5,352,275,83,69
2024-12-17,4,5,352,191,83,72
2024-12-18,4,5,352,228,83,38
2024-12-19,4,5,352,285,83,70
2024-12-20,4,5,352,186,83,74
2024-12-21,4,5,352,267,83,45
2024-12-22,4,5,352,328,83,49
2024-12-23,4,5,352,274,83,37
2024-12-24,4,5,352,311,83,61
2024-12-25,4,5,352,193,83,73
2024-12-26,4,5,352,196,83,69
2024-12-27,4,5,352,176,83,74
2024-12-28,4,5,352,221,83,54
2024-12-29,4,5,352,258,83,59
2024-12-30,4,5,352,247,83,43
2024-12-31,4,5,352,187,83,65
2023-01-01,4,6,352,308,83,54
2023-01-02,4,6,352,213,83,59
2023-01-03,4,6,352,215,83,72
2023-01-04,4,6,352,303,83,59
2023-01-05,4,6,352,229,83,72
2023-01-06,4,6,352,319,83,52
2023-01-07,4,6,352,295,83,65
2023-01-08,4,6,352,242,83,61
2023-01-09,4,6,352,251,83,63
2023-01-10,4,6,352,236,83,47
2023-01-11,4,6,352,312,83,68
2023-01-12,4,6,352,289,83,49
2023-01-13,4,6,352,204,83,62
2023-01-14,4,6,352,324,83,60
2023-01-15,4,6,352,308,83,49
2023-01-16,4,6,352,202,83,33
2023-01-17,4,6,352,315,83,59
2023-01-18,4,6,352,272,83,56
2023-01-19,4,6,352,211,83,52
2023-01-20,4,6,352,195,83,51
2023-01-21,4,6,352,276,83,62
2023-01-22,4,6,352,275,83,66
2023-01-23,4,6,352,212,83,44
2023-01-24,4,6,352,261,83,71
2023-01-25,4,6,352,243,83,38
2023-01-26,4,6,352,271,83,53
2023-01-27,4,6,352,248,83,72
2023-01-28,4,6,352,300,83,37
2023-01-29,4,6,352,308,83,71
2023-01-30,4,6,352,315,83,57
2023-01-31,4,6,352,324,83,54
2023-02-01,4,6,352,213,83,33
2023-02-02,4,6,352,257,83,75
2023-02-03,4,6,352,272,83,47
2023-02-04,4,6,352,268,83,74
2023-02-05,4,6,352,334,83,59
2023-02-06,4,6,352,205,83,46
2023-02-07,4,6,352,270,83,51
2023-02-08,4,6,352,204,83,55
2023-02-09,4,6,352,284,83,75
2023-02-10,4,6,352,316,83,50
2023-02-11,4,6,352,206,83,75
2023-02-12,4,6,352,255,83,71
2023-02-13,4,6,352,194,83,36
2023-02-14,4,6,352,240,83,78
2023-02-15,4,6,352,318,83,70
2023-02-16,4,6,352,292,83,71
2023-02-17,4,6,352,223,83,64
2023-02-18,4,6,352,316,83,36
2023-02-19,4,6,352,243,83,39
2023-02-20,4,6,352,235,83,58
2023-02-21,4,6,352,301,83,67
2023-02-22,4,6,352,250,83,71
2023-02-23,4,6,352,285,83,60
2023-02-24,4,6,352,306,83,47
2023-02-25,4,6,352,247,83,38
2023-02-26,4,6,352,230,83,66
2023-02-27,4,6,352,197,83,45
2023-02-28,4,6,352,308,83,43
2023-03-01,4,6,352,230,83,58
2023-03-02,4,6,352,280,83,49
2023-03-03,4,6,352,331,83,60
2023-03-04,4,6,352,285,83,51
2023-03-05,4,6,352,261,83,46
2023-03-06,4,6,352,250,83,44
2023-03-07,4,6,352,333,83,52
2023-03-08,4,6,352,294,83,76
2023-03-09,4,6,352,189,83,50
2023-03-10,4,6,352,243,83,56
2023-03-11,4,6,352,278,83,74
2023-03-12,4,6,352,285,83,61
2023-03-13,4,6,352,269,83,43
2023-03-14,4,6,352,295,83,68
2023-03-15,4,6,352,251,83,46
2023-03-16,4,6,352,236,83,52
2023-03-17,4,6,352,247,83,75
2023-03-18,4,6,352,187,83,53
2023-03-19,4,6,352,241,83,72
2023-03-20,4,6,352,196,83,56
2023-03-21,4,6,352,247,83,71
2023-03-22,4,6,352,212,83,55
2023-03-23,4,6,352,269,83,54
2023-03-24,4,6,352,179,83,57
2023-03-25,4,6,352,232,83,38
2023-03-26,4,6,352,184,83,46
2023-03-27,4,6,352,261,83,36
2023-03-28,4,6,352,254,83,34
2023-03-29,4,6,352,282,83,55
2023-03-30,4,6,352,291,83,71
2023-03-31,4,6,352,200,83,64
2023-04-01,4,6,352,289,83,78
2023-04-02,4,6,352,235,83,39
2023-04-03,4,6,352,305,83,71
2023-04-04,4,6,352,264,83,73
2023-04-05,4,6,352,266,83,60
2023-04-06,4,6,352,181,83,44
2023-04-07,4,6,352,227,83,42
2023-04-08,4,6,352,319,83,62
2023-04-09,4,6,352,222,83,57
2023-04-10,4,6,352,247,83,66
2023-04-11,4,6,352,253,83,70
2023-04-12,4,6,352,267,83,49
2023-04-13,4,6,352,259,83,67
2023-04-14,4,6,352,214,83,73
2023-04-15,4,6,352,187,83,50
2023-04-16,4,6,352,282,83,65
2023-04-17,4,6,352,308,83,57
2023-04-18,4,6,352,253,83,37
2023-04-19,4,6,352,299,83,54
2023-04-20,4,6,352,251,83,40
2023-04-21,4,6,352,208,83,56
2023-04-22,4,6,352,218,83,34
2023-04-23,4,6,352,191,83,71
2023-04-24,4,6,352,186,83,78
2023-04-25,4,6,352,260,83,55
2023-04-26,4,6,352,277,83,45
2023-04-27,4,6,352,210,83,46
2023-04-28,4,6,352,243,83,68
2023-04-29,4,6,352,265,83,68
2023-04-30,4,6,352,268,83,37
2023-05-01,4,6,352,244,83,73
2023-05-02,4,6,352,330,83,41
2023-05-03,4,6,352,314,83,60
2023-05-04,4,6,352,269,83,42
2023-05-05,4,6,352,321,83,63
2023-05-06,4,6,352,293,83,54
2023-05-07,4,6,352,187,83,42
2023-05-08,4,6,352,234,83,41
2023-05-09,4,6,352,241,83,37
2023-05-10,4,6,352,218,83,34
2023-05-11,4,6,352,290,83,60
2023-05-12,4,6,352,277,83,73
2023-05-13,4,6,352,297,83,42
2023-05-14,4,6,352,200,83,45
2023-05-15,4,6,352,231,83,67
2023-05-16,4,6,352,288,83,34
2023-05-17,4,6,352,183,83,38
2023-05-18,4,6,352,279,83,53
2023-05-19,4,6,352,196,83,43
2023-05-20,4,6,352,278,83,47
2023-05-21,4,6,352,189,83,71
2023-05-22,4,6,352,286,83,48
2023-05-23,4,6,352,281,83,72
2023-05-24,4,6,352,316,83,50
2023-05-25,4,6,352,262,83,57
2023-05-26,4,6,352,207,83,37
2023-05-27,4,6,352,207,83,63
2023-05-28,4,6,352,191,83,44
2023-05-29,4,6,352,261,83,51
2023-05-30,4,6,352,288,83,68
2023-05-31,4,6,352,333,83,54
2023-06-01,4,6,352,309,83,34
2023-06-02,4,6,352,256,83,64
2023-06-03,4,6,352,298,83,64
2023-06-04,4,6,352,296,83,35
2023-06-05,4,6,352,301,83,67
2023-06-06,4,6,352,275,83,59
2023-06-07,4,6,352,194,83,40
2023-06-08,4,6,352,319,83,69
2023-06-09,4,6,352,298,83,50
2023-06-10,4,6,352,284,83,76
2023-06-11,4,6,352,188,83,68
2023-06-12,4,6,352,297,83,45
2023-06-13,4,6,352,234,83,75
2023-06-14,4,6,352,259,83,75
2023-06-15,4,6,352,203,83,68
2023-06-16,4,6,352,243,83,77
2023-06-17,4,6,352,187,83,49
2023-06-18,4,6,352,216,83,56
2023-06-19,4,6,352,303,83,45
2023-06-20,4,6,352,302,83,44
2023-06-21,4,6,352,314,83,51
2023-06-22,4,6,352,247,83,55
2023-06-23,4,6,352,216,83,48
2023-06-24,4,6,352,323,83,36
2023-06-25,4,6,352,297,83,39
2023-06-26,4,6,352,272,83,77
2023-06-27,4,6,352,280,83,43
2023-06-28,4,6,352,256,83,74
2023-06-29,4,6,352,231,83,70
2023-06-30,4,6,352,247,83,61
2023-07-01,4,6,352,200,83,56
2023-07-02,4,6,352,273,83,39
2023-07-03,4,6,352,257,83,68
2023-07-04,4,6,352,277,83,54
2023-07-05,4,6,352,247,83,62
2023-07-06,4,6,352,233,83,33
2023-07-07,4,6,352,309,83,37
2023-07-08,4,6,352,273,83,66
2023-07-09,4,6,352,200,83,40
2023-07-10,4,6,352,281,83,65
2023-07-11,4,6,352,289,83,50
2023-07-12,4,6,352,200,83,45
2023-07-13,4,6,352,196,83,58
2023-07-14,4,6,352,251,83,34
2023-07-15,4,6,352,320,83,52
2023-07-16,4,6,352,230,83,54
2023-07-17,4,6,352,300,83,48
2023-07-18,4,6,352,276,83,72
2023-07-19,4,6,352,225,83,38
2023-07-20,4,6,352,243,83,78
2023-07-21,4,6,352,195,83,43
2023-07-22,4,6,352,179,83,72
2023-07-23,4,6,352,251,83,35
2023-07-24,4,6,352,180,83,76
2023-07-25,4,6,352,191,83,34
2023-07-26,4,6,352,295,83,43
2023-07-27,4,6,352,249,83,47
2023-07-28,4,6,352,222,83,43
2023-07-29,4,6,352,197,83,67
2023-07-30,4,6,352,242,83,33
2023-07-31,4,6,352,264,83,57
2023-08-01,4,6,352,228,83,33
2023-08-02,4,6,352,272,83,51
2023-08-03,4,6,352,213,83,62
2023-08-04,4,6,352,197,83,65
2023-08-05,4,6,352,263,83,67
2023-08-06,4,6,352,239,83,41
2023-08-07,4,6,352,181,83,61
2023-08-08,4,6,352,244,83,42
2023-08-09,4,6,352,246,83,53
2023-08-10,4,6,352,262,83,53
2023-08-11,4,6,352,212,83,51
2023-08-12,4,6,352,313,83,72
2023-08-13,4,6,352,273,83,70
2023-08-14,4,6,352,186,83,39
2023-08-15,4,6,352,226,83,35
2023-08-16,4,6,352,179,83,41
2023-08-17,4,6,352,209,83,63
2023-08-18,4,6,352,202,83,55
2023-08-19,4,6,352,278,83,33
2023-08-20,4,6,352,312,83,65
2023-08-21,4,6,352,326,83,73
2023-08-22,4,6,352,257,83,70
2023-08-23,4,6,352,308,83,39
2023-08-24,4,6,352,251,83,75
2023-08-25,4,6,352,251,83,39
2023-08-26,4,6,352,177,83,71
2023-08-27,4,6,352,296,83,43
2023-08-28,4,6,352,324,83,46
2023-08-29,4,6,352,334,83,50
2023-08-30,4,6,352,290,83,78
2023-08-31,4,6,352,295,83,70
2023-09-01,4,6,352,183,83,50
2023-09-02,4,6,352,317,83,34
2023-09-03,4,6,352,260,83,60
2023-09-04,4,6,352,217,83,41
2023-09-05,4,6,352,211,83,64
2023-09-06,4,6,352,218,83,49
2023-09-07,4,6,352,331,83,71
2023-09-08,4,6,352,195,83,41
2023-09-09,4,6,352,242,83,75
2023-09-10,4,6,352,185,83,50
2023-09-11,4,6,352,308,83,53
2023-09-12,4,6,352,202,83,62
2023-09-13,4,6,352,182,83,46
2023-09-14,4,6,352,228,83,60
2023-09-15,4,6,352,251,83,72
2023-09-16,4,6,352,249,83,78
2023-09-17,4,6,352,219,83,69
2023-09-18,4,6,352,210,83,70
2023-09-19,4,6,352,332,83,62
2023-09-20,4,6,352,303,83,38
2023-09-21,4,6,352,223,83,36
2023-09-22,4,6,352,193,83,62
2023-09-23,4,6,352,323,83,54
2023-09-24,4,6,352,243,83,70
2023-09-25,4,6,352,252,83,47
2023-09-26,4,6,352,237,83,51
2023-09-27,4,6,352,187,83,45
2023-09-28,4,6,352,306,83,77
2023-09-29,4,6,352,248,83,39
2023-09-30,4,6,352,224,83,33
2023-10-01,4,6,352,200,83,52
2023-10-02,4,6,352,187,83,67
2023-10-03,4,6,352,192,83,47
2023-10-04,4,6,352,267,83,70
2023-10-05,4,6,352,326,83,48
2023-10-06,4,6,352,328,83,78
2023-10-07,4,6,352,228,83,59
2023-10-08,4,6,352,189,83,53
2023-10-09,4,6,352,242,83,39
2023-10-10,4,6,352,268,83,73
2023-10-11,4,6,352,274,83,49
2023-10-12,4,6,352,316,83,75
2023-10-13,4,6,352,275,83,41
2023-10-14,4,6,352,312,83,60
2023-10-15,4,6,352,261,83,61
2023-10-16,4,6,352,270,83,63
2023-10-17,4,6,352,217,83,51
2023-10-18,4,6,352,257,83,42
2023-10-19,4,6,352,320,83,34
2023-10-20,4,6,352,263,83,58
2023-10-21,4,6,352,190,83,51
2023-10-22,4,6,352,287,83,54
2023-10-23,4,6,352,332,83,67
2023-10-24,4,6,352,230,83,55
2023-10-25,4,6,352,243,83,73
2023-10-26,4,6,352,275,83,59
2023-10-27,4,6,352,181,83,43
2023-10-28,4,6,352,225,83,77
2023-10-29,4,6,352,289,83,37
2023-10-30,4,6,352,178,83,33
2023-10-31,4,6,352,300,83,69
2023-11-01,4,6,352,284,83,54
2023-11-02,4,6,352,277,83,49
2023-11-03,4,6,352,294,83,33
2023-11-04,4,6,352,303,83,57
2023-11-05,4,6,352,176,83,36
2023-11-06,4,6,352,273,83,75
2023-11-07,4,6,352,225,83,52
2023-11-08,4,6,352,325,83,42
2023-11-09,4,6,352,242,83,38
2023-11-10,4,6,352,292,83,60
2023-11-11,4,6,352,313,83,40
2023-11-12,4,6,352,249,83,74
2023-11-13,4,6,352,192,83,76
2023-11-14,4,6,352,257,83,33
2023-11-15,4,6,352,195,83,51
2023-11-16,4,6,352,244,83,51
2023-11-17,4,6,352,209,83,49
2023-11-18,4,6,352,286,83,61
2023-11-19,4,6,352,292,83,68
2023-11-20,4,6,352,296,83,33
2023-11-21,4,6,352,200,83,67
2023-11-22,4,6,352,263,83,50
2023-11-23,4,6,352,296,83,54
2023-11-24,4,6,352,300,83,64
2023-11-25,4,6,352,300,83,65
2023-11-26,4,6,352,322,83,55
2023-11-27,4,6,352,194,83,43
2023-11-28,4,6,352,187,83,36
2023-11-29,4,6,352,308,83,70
2023-11-30,4,6,352,302,83,49
2023-12-01,4,6,352,318,83,62
2023-12-02,4,6,352,269,83,51
2023-12-03,4,6,352,204,83,46
2023-12-04,4,6,352,203,83,40
2023-12-05,4,6,352,284,83,45
2023-12-06,4,6,352,268,83,59
2023-12-07,4,6,352,265,83,77
2023-12-08,4,6,352,244,83,52
2023-12-09,4,6,352,243,83,72
2023-12-10,4,6,352,254,83,69
2023-12-11,4,6,352,268,83,72
2023-12-12,4,6,352,284,83,65
2023-12-13,4,6,352,280,83,50
2023-12-14,4,6,352,286,83,62
2023-12-15,4,6,352,189,83,57
2023-12-16,4,6,352,333,83,60
2023-12-17,4,6,352,234,83,33
2023-12-18,4,6,352,249,83,48
2023-12-19,4,6,352,332,83,76
2023-12-20,4,6,352,226,83,38
2023-12-21,4,6,352,176,83,47
2023-12-22,4,6,352,288,83,46
2023-12-23,4,6,352,269,83,74
2023-12-24,4,6,352,228,83,60
2023-12-25,4,6,352,225,83,71
2023-12-26,4,6,352,218,83,46
2023-12-27,4,6,352,329,83,45
2023-12-28,4,6,352,284,83,67
2023-12-29,4,6,352,177,83,51
2023-12-30,4,6,352,274,83,58
2023-12-31,4,6,352,319,83,64
2024-01-01,4,6,352,233,83,43
2024-01-02,4,6,352,329,83,64
2024-01-03,4,6,352,293,83,33
2024-01-04,4,6,352,231,83,42
2024-01-05,4,6,352,227,83,34
2024-01-06,4,6,352,276,83,40
2024-01-07,4,6,352,230,83,54
2024-01-08,4,6,352,295,83,72
2024-01-09,4,6,352,301,83,73
2024-01-10,4,6,352,326,83,37
2024-01-11,4,6,352,227,83,51
2024-01-12,4,6,352,214,83,42
2024-01-13,4,6,352,323,83,69
2024-01-14,4,6,352,203,83,70
2024-01-15,4,6,352,193,83,72
2024-01-16,4,6,352,314,83,51
2024-01-17,4,6,352,178,83,78
2024-01-18,4,6,352,279,83,73
2024-01-19,4,6,352,311,83,71
2024-01-20,4,6,352,272,83,76
2024-01-21,4,6,352,186,83,40
2024-01-22,4,6,352,327,83,33
2024-01-23,4,6,352,225,83,37
2024-01-24,4,6,352,287,83,52
2024-01-25,4,6,352,310,83,73
2024-01-26,4,6,352,177,83,35
2024-01-27,4,6,352,205,83,42
2024-01-28,4,6,352,320,83,58
2024-01-29,4,6,352,238,83,33
2024-01-30,4,6,352,194,83,33
2024-01-31,4,6,352,292,83,74
2024-02-01,4,6,352,221,83,61
2024-02-02,4,6,352,259,83,53
2024-02-03,4,6,352,308,83,37
2024-02-04,4,6,352,299,83,71
2024-02-05,4,6,352,192,83,48
2024-02-06,4,6,352,273,83,56
2024-02-07,4,6,352,253,83,64
2024-02-08,4,6,352,214,83,59
2024-02-09,4,6,352,264,83,63
2024-02-10,4,6,352,274,83,71
2024-02-11,4,6,352,292,83,59
2024-02-12,4,6,352,288,83,49
2024-02-13,4,6,352,315,83,75
2024-02-14,4,6,352,236,83,54
2024-02-15,4,6,352,294,83,70
2024-02-16,4,6,352,182,83,66
2024-02-17,4,6,352,216,83,42
2024-02-18,4,6,352,182,83,78
2024-02-19,4,6,352,320,83,76
2024-02-20,4,6,352,264,83,67
2024-02-21,4,6,352,209,83,58
2024-02-22,4,6,352,252,83,73
2024-02-23,4,6,352,186,83,67
2024-02-24,4,6,352,177,83,37
2024-02-25,4,6,352,307,83,63
2024-02-26,4,6,352,272,83,53
2024-02-27,4,6,352,221,83,65
2024-02-28,4,6,352,211,83,46
2024-02-29,4,6,352,220,83,70
2024-03-01,4,6,352,204,83,78
2024-03-02,4,6,352,217,83,47
2024-03-03,4,6,352,222,83,64
2024-03-04,4,6,352,315,83,61
2024-03-05,4,6,352,314,83,57
2024-03-06,4,6,352,324,83,70
2024-03-07,4,6,352,286,83,51
2024-03-08,4,6,352,270,83,43
2024-03-09,4,6,352,320,83,34
2024-03-10,4,6,352,248,83,42
2024-03-11,4,6,352,265,83,76
2024-03-12,4,6,352,198,83,42
2024-03-13,4,6,352,297,83,41
2024-03-14,4,6,352,294,83,44
2024-03-15,4,6,352,225,83,68
2024-03-16,4,6,352,280,83,47
2024-03-17,4,6,352,249,83,72
2024-03-18,4,6,352,221,83,72
2024-03-19,4,6,352,275,83,33
2024-03-20,4,6,352,297,83,60
2024-03-21,4,6,352,189,83,40
2024-03-22,4,6,352,216,83,51
2024-03-23,4,6,352,248,83,39
2024-03-24,4,6,352,218,83,36
2024-03-25,4,6,352,300,83,73
2024-03-26,4,6,352,184,83,77
2024-03-27,4,6,352,270,83,40
2024-03-28,4,6,352,300,83,75
2024-03-29,4,6,352,286,83,70
2024-03-30,4,6,352,281,83,71
2024-03-31,4,6,352,239,83,34
2024-04-01,4,6,352,195,83,48
2024-04-02,4,6,352,324,83,34
2024-04-03,4,6,352,224,83,48
2024-04-04,4,6,352,315,83,56
2024-04-05,4,6,352,277,83,33
2024-04-06,4,6,352,261,83,50
2024-04-07,4,6,352,321,83,35
2024-04-08,4,6,352,226,83,72
2024-04-09,4,6,352,307,83,33
2024-04-10,4,6,352,320,83,63
2024-04-11,4,6,352,324,83,52
2024-04-12,4,6,352,255,83,68
2024-04-13,4,6,352,223,83,73
2024-04-14,4,6,352,258,83,75
2024-04-15,4,6,352,331,83,33
2024-04-16,4,6,352,220,83,38
2024-04-17,4,6,352,248,83,33
2024-04-18,4,6,352,218,83,76
2024-04-19,4,6,352,333,83,35
2024-04-20,4,6,352,285,83,38
2024-04-21,4,6,352,285,83,68
2024-04-22,4,6,352,198,83,72
2024-04-23,4,6,352,268,83,74
2024-04-24,4,6,352,282,83,76
2024-04-25,4,6,352,206,83,46
2024-04-26,4,6,352,178,83,38
2024-04-27,4,6,352,293,83,38
2024-04-28,4,6,352,261,83,47
2024-04-29,4,6,352,238,83,63
2024-04-30,4,6,352,200,83,50
2024-05-01,4,6,352,231,83,47
2024-05-02,4,6,352,260,83,35
2024-05-03,4,6,352,290,83,48
2024-05-04,4,6,352,274,83,42
2024-05-05,4,6,352,276,83,45
2024-05-06,4,6,352,205,83,69
2024-05-07,4,6,352,325,83,73
2024-05-08,4,6,352,239,83,56
2024-05-09,4,6,352,319,83,50
2024-05-10,4,6,352,254,83,72
2024-05-11,4,6,352,312,83,39
2024-05-12,4,6,352,234,83,51
2024-05-13,4,6,352,194,83,63
2024-05-14,4,6,352,179,83,40
2024-05-15,4,6,352,288,83,67
2024-05-16,4,6,352,217,83,48
2024-05-17,4,6,352,186,83,55
2024-05-18,4,6,352,236,83,67
2024-05-19,4,6,352,210,83,54
2024-05-20,4,6,352,196,83,51
2024-05-21,4,6,352,223,83,61
2024-05-22,4,6,352,248,83,67
2024-05-23,4,6,352,197,83,75
2024-05-24,4,6,352,217,83,45
2024-05-25,4,6,352,333,83,52
2024-05-26,4,6,352,208,83,70
2024-05-27,4,6,352,294,83,53
2024-05-28,4,6,352,317,83,50
2024-05-29,4,6,352,307,83,48
2024-05-30,4,6,352,278,83,50
2024-05-31,4,6,352,176,83,62
2024-06-01,4,6,352,219,83,78
2024-06-02,4,6,352,220,83,40
2024-06-03,4,6,352,186,83,76
2024-06-04,4,6,352,332,83,69
2024-06-05,4,6,352,231,83,64
2024-06-06,4,6,352,193,83,44
2024-06-07,4,6,352,208,83,76
2024-06-08,4,6,352,213,83,78
2024-06-09,4,6,352,207,83,63
2024-06-10,4,6,352,283,83,43
2024-06-11,4,6,352,220,83,41
2024-06-12,4,6,352,197,83,51
2024-06-13,4,6,352,321,83,59
2024-06-14,4,6,352,267,83,33
2024-06-15,4,6,352,215,83,53
2024-06-16,4,6,352,260,83,66
2024-06-17,4,6,352,293,83,61
2024-06-18,4,6,352,297,83,61
2024-06-19,4,6,352,213,83,44
2024-06-20,4,6,352,242,83,37
2024-06-21,4,6,352,240,83,76
2024-06-22,4,6,352,180,83,70
2024-06-23,4,6,352,249,83,61
2024-06-24,4,6,352,193,83,34
2024-06-25,4,6,352,214,83,46
2024-06-26,4,6,352,322,83,66
2024-06-27,4,6,352,229,83,35
2024-06-28,4,6,352,180,83,74
2024-06-29,4,6,352,197,83,50
2024-06-30,4,6,352,229,83,73
2024-07-01,4,6,352,312,83,75
2024-07-02,4,6,352,327,83,63
2024-07-03,4,6,352,242,83,54
2024-07-04,4,6,352,304,83,54
2024-07-05,4,6,352,213,83,56
2024-07-06,4,6,352,237,83,72
2024-07-07,4,6,352,273,83,55
2024-07-08,4,6,352,273,83,50
2024-07-09,4,6,352,186,83,42
2024-07-10,4,6,352,243,83,66
2024-07-11,4,6,352,221,83,45
2024-07-12,4,6,352,186,83,76
2024-07-13,4,6,352,280,83,36
2024-07-14,4,6,352,323,83,39
2024-07-15,4,6,352,290,83,38
2024-07-16,4,6,352,293,83,35
2024-07-17,4,6,352,305,83,63
2024-07-18,4,6,352,227,83,73
2024-07-19,4,6,352,278,83,75
2024-07-20,4,6,352,323,83,45
2024-07-21,4,6,352,178,83,75
2024-07-22,4,6,352,295,83,51
2024-07-23,4,6,352,181,83,48
2024-07-24,4,6,352,255,83,73
2024-07-25,4,6,352,194,83,44
2024-07-26,4,6,352,259,83,34
2024-07-27,4,6,352,223,83,41
2024-07-28,4,6,352,305,83,41
2024-07-29,4,6,352,242,83,43
2024-07-30,4,6,352,296,83,43
2024-07-31,4,6,352,206,83,47
2024-08-01,4,6,352,263,83,42
2024-08-02,4,6,352,250,83,68
2024-08-03,4,6,352,211,83,47
2024-08-04,4,6,352,213,83,70
2024-08-05,4,6,352,258,83,47
2024-08-06,4,6,352,246,83,73
2024-08-07,4,6,352,304,83,41
2024-08-08,4,6,352,226,83,40
2024-08-09,4,6,352,274,83,37
2024-08-10,4,6,352,334,83,33
2024-08-11,4,6,352,331,83,44
2024-08-12,4,6,352,225,83,59
2024-08-13,4,6,352,277,83,61
2024-08-14,4,6,352,241,83,69
2024-08-15,4,6,352,262,83,59
2024-08-16,4,6,352,242,83,37
2024-08-17,4,6,352,191,83,62
2024-08-18,4,6,352,295,83,48
2024-08-19,4,6,352,286,83,74
2024-08-20,4,6,352,213,83,33
2024-08-21,4,6,352,199,83,46
2024-08-22,4,6,352,330,83,77
2024-08-23,4,6,352,180,83,40
2024-08-24,4,6,352,204,83,50
2024-08-25,4,6,352,237,83,37
2024-08-26,4,6,352,244,83,43
2024-08-27,4,6,352,301,83,47
2024-08-28,4,6,352,208,83,41
2024-08-29,4,6,352,293,83,54
2024-08-30,4,6,352,321,83,35
2024-08-31,4,6,352,292,83,61
2024-09-01,4,6,352,282,83,61
2024-09-02,4,6,352,217,83,44
2024-09-03,4,6,352,205,83,40
2024-09-04,4,6,352,302,83,40
2024-09-05,4,6,352,199,83,36
2024-09-06,4,6,352,232,83,68
2024-09-07,4,6,352,220,83,62
2024-09-08,4,6,352,178,83,33
2024-09-09,4,6,352,243,83,69
2024-09-10,4,6,352,204,83,52
2024-09-11,4,6,352,239,83,36
2024-09-12,4,6,352,265,83,58
2024-09-13,4,6,352,220,83,45
2024-09-14,4,6,352,218,83,75
2024-09-15,4,6,352,179,83,39
2024-09-16,4,6,352,306,83,74
2024-09-17,4,6,352,295,83,62
2024-09-18,4,6,352,198,83,76
2024-09-19,4,6,352,194,83,75
2024-09-20,4,6,352,314,83,38
2024-09-21,4,6,352,324,83,65
2024-09-22,4,6,352,260,83,48
2024-09-23,4,6,352,208,83,40
2024-09-24,4,6,352,274,83,60
2024-09-25,4,6,352,295,83,47
2024-09-26,4,6,352,329,83,78
2024-09-27,4,6,352,236,83,77
2024-09-28,4,6,352,284,83,47
2024-09-29,4,6,352,286,83,77
2024-09-30,4,6,352,213,83,53
2024-10-01,4,6,352,329,83,56
2024-10-02,4,6,352,232,83,74
2024-10-03,4,6,352,176,83,36
2024-10-04,4,6,352,325,83,70
2024-10-05,4,6,352,321,83,42
2024-10-06,4,6,352,238,83,38
2024-10-07,4,6,352,225,83,50
2024-10-08,4,6,352,327,83,44
2024-10-09,4,6,352,260,83,69
2024-10-10,4,6,352,254,83,45
2024-10-11,4,6,352,274,83,46
2024-10-12,4,6,352,224,83,41
2024-10-13,4,6,352,230,83,66
2024-10-14,4,6,352,256,83,77
2024-10-15,4,6,352,275,83,69
2024-10-16,4,6,352,254,83,44
2024-10-17,4,6,352,261,83,63
2024-10-18,4,6,352,327,83,42
2024-10-19,4,6,352,179,83,35
2024-10-20,4,6,352,320,83,44
2024-10-21,4,6,352,182,83,51
2024-10-22,4,6,352,205,83,41
2024-10-23,4,6,352,179,83,50
2024-10-24,4,6,352,270,83,69
2024-10-25,4,6,352,206,83,58
2024-10-26,4,6,352,233,83,50
2024-10-27,4,6,352,185,83,41
2024-10-28,4,6,352,211,83,37
2024-10-29,4,6,352,180,83,49
2024-10-30,4,6,352,290,83,67
2024-10-31,4,6,352,307,83,43
2024-11-01,4,6,352,224,83,75
2024-11-02,4,6,352,294,83,72
2024-11-03,4,6,352,316,83,55
2024-11-04,4,6,352,196,83,41
2024-11-05,4,6,352,314,83,67
2024-11-06,4,6,352,232,83,78
2024-11-07,4,6,352,297,83,44
2024-11-08,4,6,352,219,83,40
2024-11-09,4,6,352,224,83,44
2024-11-10,4,6,352,211,83,62
2024-11-11,4,6,352,332,83,45
2024-11-12,4,6,352,264,83,78
2024-11-13,4,6,352,214,83,63
2024-11-14,4,6,352,214,83,47
2024-11-15,4,6,352,187,83,58
2024-11-16,4,6,352,306,83,39
2024-11-17,4,6,352,250,83,76
2024-11-18,4,6,352,320,83,46
2024-11-19,4,6,352,216,83,77
2024-11-20,4,6,352,318,83,71
2024-11-21,4,6,352,325,83,46
2024-11-22,4,6,352,272,83,48
2024-11-23,4,6,352,211,83,58
2024-11-24,4,6,352,177,83,52
2024-11-25,4,6,352,327,83,35
2024-11-26,4,6,352,320,83,65
2024-11-27,4,6,352,286,83,78
2024-11-28,4,6,352,262,83,67
2024-11-29,4,6,352,190,83,42
2024-11-30,4,6,352,334,83,61
2024-12-01,4,6,352,217,83,37
2024-12-02,4,6,352,260,83,62
2024-12-03,4,6,352,290,83,58
2024-12-04,4,6,352,196,83,35
2024-12-05,4,6,352,242,83,67
2024-12-06,4,6,352,263,83,45
2024-12-07,4,6,352,327,83,75
2024-12-08,4,6,352,176,83,46
2024-12-09,4,6,352,285,83,37
2024-12-10,4,6,352,315,83,49
2024-12-11,4,6,352,249,83,38
2024-12-12,4,6,352,214,83,46
2024-12-13,4,6,352,246,83,58
2024-12-14,4,6,352,223,83,75
2024-12-15,4,6,352,310,83,57
2024-12-16,4,6,352,258,83,53
2024-12-17,4,6,352,198,83,33
2024-12-18,4,6,352,293,83,78
2024-12-19,4,6,352,323,83,62
2024-12-20,4,6,352,250,83,42
2024-12-21,4,6,352,188,83,35
2024-12-22,4,6,352,193,83,54
2024-12-23,4,6,352,313,83,48
2024-12-24,4,6,352,294,83,46
2024-12-25,4,6,352,178,83,78
2024-12-26,4,6,352,222,83,65
2024-12-27,4,6,352,204,83,38
2024-12-28,4,6,352,252,83,66
2024-12-29,4,6,352,235,83,48
2024-12-30,4,6,352,189,83,68
2024-12-31,4,6,352,248,83,44
2023-01-01,5,1,579,317,45,25
2023-01-02,5,1,579,310,45,38
2023-01-03,5,1,579,402,45,21
2023-01-04,5,1,579,550,45,24
2023-01-05,5,1,579,467,45,35
2023-01-06,5,1,579,432,45,40
2023-01-07,5,1,579,548,45,40
2023-01-08,5,1,579,416,45,34
2023-01-09,5,1,579,521,45,25
2023-01-10,5,1,579,498,45,41
2023-01-11,5,1,579,299,45,32
2023-01-12,5,1,579,491,45,38
2023-01-13,5,1,579,313,45,27
2023-01-14,5,1,579,422,45,25
2023-01-15,5,1,579,410,45,32
2023-01-16,5,1,579,389,45,32
2023-01-17,5,1,579,425,45,18
2023-01-18,5,1,579,421,45,33
2023-01-19,5,1,579,544,45,21
2023-01-20,5,1,579,423,45,40
2023-01-21,5,1,579,359,45,24
2023-01-22,5,1,579,455,45,29
2023-01-23,5,1,579,543,45,32
2023-01-24,5,1,579,492,45,20
2023-01-25,5,1,579,408,45,42
2023-01-26,5,1,579,403,45,28
2023-01-27,5,1,579,549,45,29
2023-01-28,5,1,579,336,45,19
2023-01-29,5,1,579,404,45,20
2023-01-30,5,1,579,501,45,35
2023-01-31,5,1,579,519,45,23
2023-02-01,5,1,579,527,45,41
2023-02-02,5,1,579,295,45,30
2023-02-03,5,1,579,537,45,37
2023-02-04,5,1,579,386,45,23
2023-02-05,5,1,579,546,45,33
2023-02-06,5,1,579,321,45,42
2023-02-07,5,1,579,466,45,22
2023-02-08,5,1,579,413,45,32
2023-02-09,5,1,579,477,45,41
2023-02-10,5,1,579,328,45,36
2023-02-11,5,1,579,350,45,32
2023-02-12,5,1,579,525,45,41
2023-02-13,5,1,579,311,45,33
2023-02-14,5,1,579,513,45,19
2023-02-15,5,1,579,476,45,19
2023-02-16,5,1,579,498,45,29
2023-02-17,5,1,579,338,45,41
2023-02-18,5,1,579,358,45,26
2023-02-19,5,1,579,547,45,41
2023-02-20,5,1,579,508,45,20
2023-02-21,5,1,579,326,45,36
2023-02-22,5,1,579,429,45,31
2023-02-23,5,1,579,341,45,18
2023-02-24,5,1,579,307,45,29
2023-02-25,5,1,579,444,45,21
2023-02-26,5,1,579,468,45,38
2023-02-27,5,1,579,341,45,18
2023-02-28,5,1,579,349,45,36
2023-03-01,5,1,579,454,45,31
2023-03-02,5,1,579,548,45,30
2023-03-03,5,1,579,385,45,19
2023-03-04,5,1,579,393,45,30
2023-03-05,5,1,579,522,45,30
2023-03-06,5,1,579,501,45,29
2023-03-07,5,1,579,449,45,24
2023-03-08,5,1,579,470,45,33
2023-03-09,5,1,579,548,45,19
2023-03-10,5,1,579,510,45,41
2023-03-11,5,1,579,511,45,25
2023-03-12,5,1,579,504,45,19
2023-03-13,5,1,579,542,45,24
2023-03-14,5,1,579,490,45,25
2023-03-15,5,1,579,446,45,27
2023-03-16,5,1,579,413,45,22
2023-03-17,5,1,579,308,45,30
2023-03-18,5,1,579,527,45,40
2023-03-19,5,1,579,330,45,30
2023-03-20,5,1,579,472,45,19
2023-03-21,5,1,579,503,45,25
2023-03-22,5,1,579,365,45,21
2023-03-23,5,1,579,307,45,34
2023-03-24,5,1,579,344,45,33
2023-03-25,5,1,579,510,45,37
2023-03-26,5,1,579,322,45,31
2023-03-27,5,1,579,349,45,32
2023-03-28,5,1,579,508,45,19
2023-03-29,5,1,579,305,45,37
2023-03-30,5,1,579,309,45,33
2023-03-31,5,1,579,312,45,36
2023-04-01,5,1,579,508,45,41
2023-04-02,5,1,579,459,45,33
2023-04-03,5,1,579,306,45,41
2023-04-04,5,1,579,351,45,38
2023-04-05,5,1,579,382,45,23
2023-04-06,5,1,579,462,45,37
2023-04-07,5,1,579,483,45,41
2023-04-08,5,1,579,303,45,30
2023-04-09,5,1,579,311,45,35
2023-04-10,5,1,579,486,45,34
2023-04-11,5,1,579,442,45,30
2023-04-12,5,1,579,517,45,35
2023-04-13,5,1,579,528,45,38
2023-04-14,5,1,579,389,45,20
2023-04-15,5,1,579,408,45,18
2023-04-16,5,1,579,374,45,40
2023-04-17,5,1,579,336,45,21
2023-04-18,5,1,579,458,45,31
2023-04-19,5,1,579,478,45,31
2023-04-20,5,1,579,531,45,25
2023-04-21,5,1,579,365,45,27
2023-04-22,5,1,579,460,45,37
2023-04-23,5,1,579,318,45,21
2023-04-24,5,1,579,356,45,26
2023-04-25,5,1,579,399,45,20
2023-04-26,5,1,579,392,45,23
2023-04-27,5,1,579,422,45,19
2023-04-28,5,1,579,461,45,21
2023-04-29,5,1,579,352,45,34
2023-04-30,5,1,579,307,45,35
2023-05-01,5,1,579,428,45,21
2023-05-02,5,1,579,550,45,26
2023-05-03,5,1,579,315,45,29
2023-05-04,5,1,579,353,45,34
2023-05-05,5,1,579,441,45,28
2023-05-06,5,1,579,440,45,39
2023-05-07,5,1,579,326,45,29
2023-05-08,5,1,579,294,45,25
2023-05-09,5,1,579,468,45,35
2023-05-10,5,1,579,334,45,24
2023-05-11,5,1,579,333,45,24
2023-05-12,5,1,579,327,45,35
2023-05-13,5,1,579,535,45,20
2023-05-14,5,1,579,531,45,20
2023-05-15,5,1,579,320,45,40
2023-05-16,5,1,579,320,45,40
2023-05-17,5,1,579,289,45,21
2023-05-18,5,1,579,332,45,30
2023-05-19,5,1,579,350,45,33
2023-05-20,5,1,579,342,45,24
2023-05-21,5,1,579,306,45,24
2023-05-22,5,1,579,433,45,30
2023-05-23,5,1,579,377,45,22
2023-05-24,5,1,579,530,45,26
2023-05-25,5,1,579,352,45,42
2023-05-26,5,1,579,439,45,20
2023-05-27,5,1,579,374,45,26
2023-05-28,5,1,579,485,45,24
2023-05-29,5,1,579,324,45,20
2023-05-30,5,1,579,483,45,34
2023-05-31,5,1,579,394,45,32
2023-06-01,5,1,579,368,45,38
2023-06-02,5,1,579,399,45,27
2023-06-03,5,1,579,476,45,23
2023-06-04,5,1,579,519,45,42
2023-06-05,5,1,579,338,45,30
2023-06-06,5,1,579,519,45,21
2023-06-07,5,1,579,541,45,18
2023-06-08,5,1,579,544,45,38
2023-06-09,5,1,579,540,45,26
2023-06-10,5,1,579,458,45,37
2023-06-11,5,1,579,321,45,30
2023-06-12,5,1,579,416,45,30
2023-06-13,5,1,579,358,45,28
2023-06-14,5,1,579,332,45,36
2023-06-15,5,1,579,495,45,28
2023-06-16,5,1,579,512,45,27
2023-06-17,5,1,579,450,45,35
2023-06-18,5,1,579,381,45,22
2023-06-19,5,1,579,441,45,29
2023-06-20,5,1,579,507,45,25
2023-06-21,5,1,579,510,45,24
2023-06-22,5,1,579,397,45,27
2023-06-23,5,1,579,517,45,39
2023-06-24,5,1,579,429,45,28
2023-06-25,5,1,579,401,45,37
2023-06-26,5,1,579,318,45,22
2023-06-27,5,1,579,330,45,24
2023-06-28,5,1,579,512,45,30
2023-06-29,5,1,579,407,45,25
2023-06-30,5,1,579,464,45,37
2023-07-01,5,1,579,294,45,18
2023-07-02,5,1,579,456,45,27
2023-07-03,5,1,579,527,45,23
2023-07-04,5,1,579,301,45,31
2023-07-05,5,1,579,514,45,26
2023-07-06,5,1,579,297,45,31
2023-07-07,5,1,579,291,45,24
2023-07-08,5,1,579,327,45,37
2023-07-09,5,1,579,373,45,36
2023-07-10,5,1,579,514,45,22
2023-07-11,5,1,579,473,45,39
2023-07-12,5,1,579,472,45,36
2023-07-13,5,1,579,345,45,25
2023-07-14,5,1,579,439,45,40
2023-07-15,5,1,579,381,45,38
2023-07-16,5,1,579,463,45,23
2023-07-17,5,1,579,341,45,37
2023-07-18,5,1,579,448,45,29
2023-07-19,5,1,579,406,45,32
2023-07-20,5,1,579,497,45,40
2023-07-21,5,1,579,397,45,19
2023-07-22,5,1,579,389,45,19
2023-07-23,5,1,579,367,45,20
2023-07-24,5,1,579,494,45,41
2023-07-25,5,1,579,418,45,38
2023-07-26,5,1,579,392,45,37
2023-07-27,5,1,579,290,45,33
2023-07-28,5,1,579,541,45,18
2023-07-29,5,1,579,336,45,29
2023-07-30,5,1,579,472,45,26
2023-07-31,5,1,579,348,45,27
2023-08-01,5,1,579,321,45,28
2023-08-02,5,1,579,434,45,36
2023-08-03,5,1,579,383,45,26
2023-08-04,5,1,579,476,45,37
2023-08-05,5,1,579,307,45,23
2023-08-06,5,1,579,376,45,35
2023-08-07,5,1,579,518,45,18
2023-08-08,5,1,579,393,45,28
2023-08-09,5,1,579,547,45,24
2023-08-10,5,1,579,442,45,31
2023-08-11,5,1,579,502,45,42
2023-08-12,5,1,579,325,45,21
2023-08-13,5,1,579,501,45,40
2023-08-14,5,1,579,446,45,30
2023-08-15,5,1,579,473,45,25
2023-08-16,5,1,579,471,45,42
2023-08-17,5,1,579,534,45,21
2023-08-18,5,1,579,529,45,20
2023-08-19,5,1,579,401,45,26
2023-08-20,5,1,579,363,45,26
2023-08-21,5,1,579,300,45,19
2023-08-22,5,1,579,489,45,31
2023-08-23,5,1,579,309,45,23
2023-08-24,5,1,579,463,45,37
2023-08-25,5,1,579,468,45,25
2023-08-26,5,1,579,430,45,40
2023-08-27,5,1,579,420,45,18
2023-08-28,5,1,579,453,45,40
2023-08-29,5,1,579,528,45,27
2023-08-30,5,1,579,413,45,39
2023-08-31,5,1,579,324,45,39
2023-09-01,5,1,579,499,45,25
2023-09-02,5,1,579,507,45,30
2023-09-03,5,1,579,374,45,24
2023-09-04,5,1,579,504,45,19
2023-09-05,5,1,579,462,45,24
2023-09-06,5,1,579,478,45,20
2023-09-07,5,1,579,547,45,24
2023-09-08,5,1,579,510,45,19
2023-09-09,5,1,579,484,45,24
2023-09-10,5,1,579,375,45,34
2023-09-11,5,1,579,423,45,42
2023-09-12,5,1,579,310,45,26
2023-09-13,5,1,579,529,45,32
2023-09-14,5,1,579,486,45,39
2023-09-15,5,1,579,400,45,23
2023-09-16,5,1,579,531,45,19
2023-09-17,5,1,579,383,45,42
2023-09-18,5,1,579,374,45,23
2023-09-19,5,1,579,425,45,41
2023-09-20,5,1,579,518,45,31
2023-09-21,5,1,579,384,45,23
2023-09-22,5,1,579,317,45,41
2023-09-23,5,1,579,402,45,26
2023-09-24,5,1,579,394,45,33
2023-09-25,5,1,579,523,45,24
2023-09-26,5,1,579,482,45,26
2023-09-27,5,1,579,407,45,35
2023-09-28,5,1,579,405,45,19
2023-09-29,5,1,579,304,45,37
2023-09-30,5,1,579,447,45,27
2023-10-01,5,1,579,416,45,19
2023-10-02,5,1,579,473,45,19
2023-10-03,5,1,579,418,45,42
2023-10-04,5,1,579,409,45,19
2023-10-05,5,1,579,484,45,27
2023-10-06,5,1,579,503,45,28
2023-10-07,5,1,579,507,45,26
2023-10-08,5,1,579,496,45,26
2023-10-09,5,1,579,489,45,25
2023-10-10,5,1,579,513,45,37
2023-10-11,5,1,579,496,45,38
2023-10-12,5,1,579,403,45,29
2023-10-13,5,1,579,406,45,30
2023-10-14,5,1,579,537,45,25
2023-10-15,5,1,579,480,45,41
2023-10-16,5,1,579,320,45,32
2023-10-17,5,1,579,352,45,19
2023-10-18,5,1,579,533,45,28
2023-10-19,5,1,579,457,45,33
2023-10-20,5,1,579,405,45,42
2023-10-21,5,1,579,497,45,22
2023-10-22,5,1,579,293,45,38
2023-10-23,5,1,579,326,45,29
2023-10-24,5,1,579,325,45,22
2023-10-25,5,1,579,455,45,18
2023-10-26,5,1,579,452,45,22
2023-10-27,5,1,579,435,45,28
2023-10-28,5,1,579,378,45,23
2023-10-29,5,1,579,496,45,38
2023-10-30,5,1,579,426,45,41
2023-10-31,5,1,579,544,45,42
2023-11-01,5,1,579,300,45,39
2023-11-02,5,1,579,334,45,19
2023-11-03,5,1,579,449,45,18
2023-11-04,5,1,579,351,45,30
2023-11-05,5,1,579,457,45,20
2023-11-06,5,1,579,525,45,38
2023-11-07,5,1,579,329,45,34
2023-11-08,5,1,579,443,45,25
2023-11-09,5,1,579,384,45,41
2023-11-10,5,1,579,381,45,41
2023-11-11,5,1,579,424,45,38
2023-11-12,5,1,579,528,45,35
2023-11-13,5,1,579,429,45,25
2023-11-14,5,1,579,503,45,27
2023-11-15,5,1,579,294,45,30
2023-11-16,5,1,579,497,45,42
2023-11-17,5,1,579,325,45,22
2023-11-18,5,1,579,333,45,26
2023-11-19,5,1,579,526,45,42
2023-11-20,5,1,579,539,45,27
2023-11-21,5,1,579,368,45,28
2023-11-22,5,1,579,391,45,39
2023-11-23,5,1,579,352,45,40
2023-11-24,5,1,579,465,45,18
2023-11-25,5,1,579,312,45,20
2023-11-26,5,1,579,455,45,26
2023-11-27,5,1,579,526,45,22
2023-11-28,5,1,579,314,45,25
2023-11-29,5,1,579,392,45,39
2023-11-30,5,1,579,549,45,35
2023-12-01,5,1,579,449,45,23
2023-12-02,5,1,579,373,45,19
2023-12-03,5,1,579,489,45,22
2023-12-04,5,1,579,370,45,28
2023-12-05,5,1,579,508,45,33
2023-12-06,5,1,579,442,45,33
2023-12-07,5,1,579,355,45,37
2023-12-08,5,1,579,519,45,41
2023-12-09,5,1,579,503,45,21
2023-12-10,5,1,579,454,45,25
2023-12-11,5,1,579,542,45,22
2023-12-12,5,1,579,417,45,32
2023-12-13,5,1,579,382,45,38
2023-12-14,5,1,579,308,45,21
2023-12-15,5,1,579,335,45,36
2023-12-16,5,1,579,435,45,36
2023-12-17,5,1,579,303,45,19
2023-12-18,5,1,579,547,45,40
2023-12-19,5,1,579,493,45,37
2023-12-20,5,1,579,517,45,30
2023-12-21,5,1,579,458,45,29
2023-12-22,5,1,579,492,45,39
2023-12-23,5,1,579,289,45,26
2023-12-24,5,1,579,350,45,19
2023-12-25,5,1,579,520,45,24
2023-12-26,5,1,579,405,45,38
2023-12-27,5,1,579,490,45,30
2023-12-28,5,1,579,379,45,19
2023-12-29,5,1,579,391,45,41
2023-12-30,5,1,579,340,45,31
2023-12-31,5,1,579,445,45,25
2024-01-01,5,1,579,354,45,42
2024-01-02,5,1,579,518,45,38
2024-01-03,5,1,579,498,45,32
2024-01-04,5,1,579,339,45,28
2024-01-05,5,1,579,419,45,24
2024-01-06,5,1,579,345,45,42
2024-01-07,5,1,579,536,45,19
2024-01-08,5,1,579,502,45,22
2024-01-09,5,1,579,311,45,24
2024-01-10,5,1,579,380,45,30
2024-01-11,5,1,579,406,45,22
2024-01-12,5,1,579,434,45,23
2024-01-13,5,1,579,463,45,27
2024-01-14,5,1,579,549,45,40
2024-01-15,5,1,579,303,45,41
2024-01-16,5,1,579,361,45,41
2024-01-17,5,1,579,300,45,35
2024-01-18,5,1,579,478,45,40
2024-01-19,5,1,579,391,45,42
2024-01-20,5,1,579,365,45,41
2024-01-21,5,1,579,537,45,37
2024-01-22,5,1,579,348,45,37
2024-01-23,5,1,579,523,45,34
2024-01-24,5,1,579,362,45,31
2024-01-25,5,1,579,469,45,31
2024-01-26,5,1,579,340,45,25
2024-01-27,5,1,579,305,45,26
2024-01-28,5,1,579,470,45,27
2024-01-29,5,1,579,473,45,39
2024-01-30,5,1,579,294,45,27
2024-01-31,5,1,579,528,45,40
2024-02-01,5,1,579,508,45,30
2024-02-02,5,1,579,313,45,40
2024-02-03,5,1,579,469,45,28
2024-02-04,5,1,579,392,45,18
2024-02-05,5,1,579,454,45,20
2024-02-06,5,1,579,381,45,25
2024-02-07,5,1,579,379,45,18
2024-02-08,5,1,579,352,45,40
2024-02-09,5,1,579,302,45,25
2024-02-10,5,1,579,416,45,20
2024-02-11,5,1,579,346,45,28
2024-02-12,5,1,579,357,45,29
2024-02-13,5,1,579,513,45,20
2024-02-14,5,1,579,545,45,23
2024-02-15,5,1,579,326,45,41
2024-02-16,5,1,579,430,45,22
2024-02-17,5,1,579,381,45,41
2024-02-18,5,1,579,452,45,42
2024-02-19,5,1,579,483,45,26
2024-02-20,5,1,579,514,45,19
2024-02-21,5,1,579,346,45,19
2024-02-22,5,1,579,517,45,34
2024-02-23,5,1,579,409,45,38
2024-02-24,5,1,579,539,45,25
2024-02-25,5,1,579,359,45,25
2024-02-26,5,1,579,481,45,42
2024-02-27,5,1,579,296,45,24
2024-02-28,5,1,579,438,45,32
2024-02-29,5,1,579,457,45,20
2024-03-01,5,1,579,315,45,41
2024-03-02,5,1,579,328,45,23
2024-03-03,5,1,579,460,45,32
2024-03-04,5,1,579,444,45,33
2024-03-05,5,1,579,323,45,29
2024-03-06,5,1,579,546,45,34
2024-03-07,5,1,579,462,45,19
2024-03-08,5,1,579,384,45,38
2024-03-09,5,1,579,545,45,38
2024-03-10,5,1,579,445,45,28
2024-03-11,5,1,579,411,45,31
2024-03-12,5,1,579,519,45,42
2024-03-13,5,1,579,483,45,25
2024-03-14,5,1,579,396,45,32
2024-03-15,5,1,579,374,45,24
2024-03-16,5,1,579,453,45,41
2024-03-17,5,1,579,338,45,33
2024-03-18,5,1,579,472,45,29
2024-03-19,5,1,579,533,45,41
2024-03-20,5,1,579,342,45,29
2024-03-21,5,1,579,456,45,39
2024-03-22,5,1,579,359,45,29
2024-03-23,5,1,579,411,45,21
2024-03-24,5,1,579,448,45,36
2024-03-25,5,1,579,502,45,23
2024-03-26,5,1,579,508,45,21
2024-03-27,5,1,579,451,45,24
2024-03-28,5,1,579,341,45,41
2024-03-29,5,1,579,298,45,42
2024-03-30,5,1,579,386,45,26
2024-03-31,5,1,579,450,45,27
2024-04-01,5,1,579,433,45,21
2024-04-02,5,1,579,385,45,38
2024-04-03,5,1,579,514,45,27
2024-04-04,5,1,579,295,45,42
2024-04-05,5,1,579,362,45,29
2024-04-06,5,1,579,517,45,40
2024-04-07,5,1,579,390,45,28
2024-04-08,5,1,579,296,45,36
2024-04-09,5,1,579,353,45,34
2024-04-10,5,1,579,303,45,19
2024-04-11,5,1,579,484,45,38
2024-04-12,5,1,579,430,45,34
2024-04-13,5,1,579,409,45,20
2024-04-14,5,1,579,503,45,25
2024-04-15,5,1,579,489,45,28
2024-04-16,5,1,579,304,45,36
2024-04-17,5,1,579,314,45,33
2024-04-18,5,1,579,329,45,23
2024-04-19,5,1,579,518,45,41
2024-04-20,5,1,579,301,45,42
2024-04-21,5,1,579,298,45,26
2024-04-22,5,1,579,478,45,41
2024-04-23,5,1,579,402,45,36
2024-04-24,5,1,579,495,45,34
2024-04-25,5,1,579,502,45,42
2024-04-26,5,1,579,378,45,27
2024-04-27,5,1,579,373,45,29
2024-04-28,5,1,579,382,45,19
2024-04-29,5,1,579,290,45,42
2024-04-30,5,1,579,428,45,24
2024-05-01,5,1,579,338,45,32
2024-05-02,5,1,579,338,45,21
2024-05-03,5,1,579,530,45,38
2024-05-04,5,1,579,489,45,30
2024-05-05,5,1,579,402,45,30
2024-05-06,5,1,579,524,45,18
2024-05-07,5,1,579,532,45,37
2024-05-08,5,1,579,310,45,27
2024-05-09,5,1,579,352,45,19
2024-05-10,5,1,579,528,45,21
2024-05-11,5,1,579,432,45,28
2024-05-12,5,1,579,488,45,32
2024-05-13,5,1,579,378,45,19
2024-05-14,5,1,579,531,45,24
2024-05-15,5,1,579,305,45,25
2024-05-16,5,1,579,494,45,41
2024-05-17,5,1,579,332,45,37
2024-05-18,5,1,579,543,45,29
2024-05-19,5,1,579,470,45,41
2024-05-20,5,1,579,495,45,36
2024-05-21,5,1,579,504,45,31
2024-05-22,5,1,579,447,45,31
2024-05-23,5,1,579,411,45,21
2024-05-24,5,1,579,447,45,42
2024-05-25,5,1,579,450,45,36
2024-05-26,5,1,579,480,45,40
2024-05-27,5,1,579,449,45,37
2024-05-28,5,1,579,360,45,33
2024-05-29,5,1,579,402,45,27
2024-05-30,5,1,579,382,45,27
2024-05-31,5,1,579,546,45,39
2024-06-01,5,1,579,375,45,30
2024-06-02,5,1,579,508,45,23
2024-06-03,5,1,579,366,45,29
2024-06-04,5,1,579,464,45,23
2024-06-05,5,1,579,402,45,32
2024-06-06,5,1,579,422,45,26
2024-06-07,5,1,579,543,45,41
2024-06-08,5,1,579,373,45,39
2024-06-09,5,1,579,548,45,33
2024-06-10,5,1,579,365,45,19
2024-06-11,5,1,579,327,45,21
2024-06-12,5,1,579,520,45,31
2024-06-13,5,1,579,526,45,22
2024-06-14,5,1,579,293,45,39
2024-06-15,5,1,579,440,45,24
2024-06-16,5,1,579,418,45,28
2024-06-17,5,1,579,530,45,32
2024-06-18,5,1,579,492,45,38
2024-06-19,5,1,579,380,45,26
2024-06-20,5,1,579,404,45,34
2024-06-21,5,1,579,316,45,24
2024-06-22,5,1,579,539,45,27
2024-06-23,5,1,579,337,45,20
2024-06-24,5,1,579,334,45,39
2024-06-25,5,1,579,306,45,24
2024-06-26,5,1,579,480,45,39
2024-06-27,5,1,579,504,45,31
2024-06-28,5,1,579,420,45,40
2024-06-29,5,1,579,468,45,37
2024-06-30,5,1,579,347,45,20
2024-07-01,5,1,579,542,45,40
2024-07-02,5,1,579,314,45,33
2024-07-03,5,1,579,524,45,21
2024-07-04,5,1,579,474,45,32
2024-07-05,5,1,579,336,45,39
2024-07-06,5,1,579,461,45,33
2024-07-07,5,1,579,301,45,22
2024-07-08,5,1,579,356,45,37
2024-07-09,5,1,579,436,45,27
2024-07-10,5,1,579,517,45,36
2024-07-11,5,1,579,320,45,24
2024-07-12,5,1,579,389,45,27
2024-07-13,5,1,579,324,45,37
2024-07-14,5,1,579,457,45,27
2024-07-15,5,1,579,543,45,20
2024-07-16,5,1,579,449,45,20
2024-07-17,5,1,579,456,45,27
2024-07-18,5,1,579,517,45,40
2024-07-19,5,1,579,427,45,26
2024-07-20,5,1,579,384,45,42
2024-07-21,5,1,579,391,45,28
2024-07-22,5,1,579,517,45,21
2024-07-23,5,1,579,314,45,40
2024-07-24,5,1,579,378,45,19
2024-07-25,5,1,579,546,45,21
2024-07-26,5,1,579,432,45,20
2024-07-27,5,1,579,491,45,36
2024-07-28,5,1,579,306,45,41
2024-07-29,5,1,579,369,45,25
2024-07-30,5,1,579,494,45,37
2024-07-31,5,1,579,505,45,41
2024-08-01,5,1,579,487,45,27
2024-08-02,5,1,579,317,45,24
2024-08-03,5,1,579,461,45,28
2024-08-04,5,1,579,351,45,30
2024-08-05,5,1,579,519,45,41
2024-08-06,5,1,579,520,45,23
2024-08-07,5,1,579,512,45,41
2024-08-08,5,1,579,417,45,33
2024-08-09,5,1,579,520,45,30
2024-08-10,5,1,579,548,45,22
2024-08-11,5,1,579,499,45,41
2024-08-12,5,1,579,357,45,37
2024-08-13,5,1,579,366,45,28
2024-08-14,5,1,579,401,45,37
2024-08-15,5,1,579,355,45,21
2024-08-16,5,1,579,511,45,24
2024-08-17,5,1,579,409,45,35
2024-08-18,5,1,579,373,45,26
2024-08-19,5,1,579,308,45,20
2024-08-20,5,1,579,501,45,19
2024-08-21,5,1,579,499,45,25
2024-08-22,5,1,579,293,45,41
2024-08-23,5,1,579,497,45,32
2024-08-24,5,1,579,463,45,23
2024-08-25,5,1,579,491,45,36
2024-08-26,5,1,579,433,45,31
2024-08-27,5,1,579,396,45,40
2024-08-28,5,1,579,459,45,39
2024-08-29,5,1,579,289,45,19
2024-08-30,5,1,579,527,45,25
2024-08-31,5,1,579,530,45,40
2024-09-01,5,1,579,446,45,30
2024-09-02,5,1,579,357,45,41
2024-09-03,5,1,579,487,45,18
2024-09-04,5,1,579,539,45,22
2024-09-05,5,1,579,407,45,37
2024-09-06,5,1,579,454,45,30
2024-09-07,5,1,579,346,45,38
2024-09-08,5,1,579,325,45,26
2024-09-09,5,1,579,434,45,19
2024-09-10,5,1,579,293,45,31
2024-09-11,5,1,579,469,45,24
2024-09-12,5,1,579,424,45,21
2024-09-13,5,1,579,332,45,31
2024-09-14,5,1,579,403,45,25
2024-09-15,5,1,579,527,45,31
2024-09-16,5,1,579,458,45,29
2024-09-17,5,1,579,298,45,24
2024-09-18,5,1,579,533,45,35
2024-09-19,5,1,579,521,45,35
2024-09-20,5,1,579,394,45,27
2024-09-21,5,1,579,337,45,27
2024-09-22,5,1,579,298,45,30
2024-09-23,5,1,579,515,45,33
2024-09-24,5,1,579,345,45,32
2024-09-25,5,1,579,493,45,32
2024-09-26,5,1,579,491,45,37
2024-09-27,5,1,579,407,45,28
2024-09-28,5,1,579,444,45,26
2024-09-29,5,1,579,311,45,40
2024-09-30,5,1,579,476,45,38
2024-10-01,5,1,579,478,45,23
2024-10-02,5,1,579,302,45,29
2024-10-03,5,1,579,373,45,20
2024-10-04,5,1,579,309,45,37
2024-10-05,5,1,579,464,45,39
2024-10-06,5,1,579,461,45,31
2024-10-07,5,1,579,483,45,33
2024-10-08,5,1,579,423,45,20
2024-10-09,5,1,579,299,45,22
2024-10-10,5,1,579,312,45,19
2024-10-11,5,1,579,454,45,33
2024-10-12,5,1,579,311,45,28
2024-10-13,5,1,579,477,45,21
2024-10-14,5,1,579,474,45,37
2024-10-15,5,1,579,352,45,27
2024-10-16,5,1,579,425,45,29
2024-10-17,5,1,579,437,45,29
2024-10-18,5,1,579,457,45,22
2024-10-19,5,1,579,380,45,26
2024-10-20,5,1,579,405,45,33
2024-10-21,5,1,579,310,45,41
2024-10-22,5,1,579,407,45,27
2024-10-23,5,1,579,501,45,26
2024-10-24,5,1,579,298,45,42
2024-10-25,5,1,579,475,45,22
2024-10-26,5,1,579,319,45,19
2024-10-27,5,1,579,366,45,32
2024-10-28,5,1,579,344,45,23
2024-10-29,5,1,579,469,45,35
2024-10-30,5,1,579,428,45,31
2024-10-31,5,1,579,368,45,22
2024-11-01,5,1,579,300,45,33
2024-11-02,5,1,579,397,45,23
2024-11-03,5,1,579,348,45,23
2024-11-04,5,1,579,388,45,41
2024-11-05,5,1,579,339,45,26
2024-11-06,5,1,579,314,45,29
2024-11-07,5,1,579,402,45,31
2024-11-08,5,1,579,370,45,24
2024-11-09,5,1,579,345,45,42
2024-11-10,5,1,579,428,45,25
2024-11-11,5,1,579,370,45,25
2024-11-12,5,1,579,310,45,42
2024-11-13,5,1,579,294,45,37
2024-11-14,5,1,579,399,45,33
2024-11-15,5,1,579,313,45,25
2024-11-16,5,1,579,421,45,31
2024-11-17,5,1,579,428,45,36
2024-11-18,5,1,579,401,45,40
2024-11-19,5,1,579,310,45,41
2024-11-20,5,1,579,384,45,42
2024-11-21,5,1,579,449,45,21
2024-11-22,5,1,579,368,45,41
2024-11-23,5,1,579,522,45,30
2024-11-24,5,1,579,337,45,36
2024-11-25,5,1,579,390,45,29
2024-11-26,5,1,579,501,45,42
2024-11-27,5,1,579,353,45,26
2024-11-28,5,1,579,334,45,39
2024-11-29,5,1,579,520,45,42
2024-11-30,5,1,579,339,45,41
2024-12-01,5,1,579,319,45,25
2024-12-02,5,1,579,299,45,37
2024-12-03,5,1,579,542,45,41
2024-12-04,5,1,579,380,45,33
2024-12-05,5,1,579,477,45,42
2024-12-06,5,1,579,296,45,24
2024-12-07,5,1,579,338,45,36
2024-12-08,5,1,579,326,45,42
2024-12-09,5,1,579,475,45,30
2024-12-10,5,1,579,429,45,42
2024-12-11,5,1,579,290,45,40
2024-12-12,5,1,579,349,45,31
2024-12-13,5,1,579,422,45,21
2024-12-14,5,1,579,389,45,39
2024-12-15,5,1,579,450,45,24
2024-12-16,5,1,579,360,45,21
2024-12-17,5,1,579,460,45,35
2024-12-18,5,1,579,487,45,36
2024-12-19,5,1,579,386,45,42
2024-12-20,5,1,579,295,45,21
2024-12-21,5,1,579,312,45,38
2024-12-22,5,1,579,449,45,32
2024-12-23,5,1,579,475,45,31
2024-12-24,5,1,579,296,45,32
2024-12-25,5,1,579,338,45,23
2024-12-26,5,1,579,438,45,30
2024-12-27,5,1,579,417,45,20
2024-12-28,5,1,579,334,45,24
2024-12-29,5,1,579,399,45,32
2024-12-30,5,1,579,410,45,31
2024-12-31,5,1,579,406,45,34
2023-01-01,5,2,579,518,45,27
2023-01-02,5,2,579,454,45,29
2023-01-03,5,2,579,380,45,25
2023-01-04,5,2,579,308,45,38
2023-01-05,5,2,579,431,45,36
2023-01-06,5,2,579,388,45,27
2023-01-07,5,2,579,530,45,18
2023-01-08,5,2,579,443,45,39
2023-01-09,5,2,579,522,45,31
2023-01-10,5,2,579,516,45,32
2023-01-11,5,2,579,341,45,40
2023-01-12,5,2,579,539,45,27
2023-01-13,5,2,579,514,45,19
2023-01-14,5,2,579,408,45,30
2023-01-15,5,2,579,528,45,32
2023-01-16,5,2,579,488,45,28
2023-01-17,5,2,579,329,45,18
2023-01-18,5,2,579,378,45,34
2023-01-19,5,2,579,424,45,35
2023-01-20,5,2,579,308,45,35
2023-01-21,5,2,579,459,45,35
2023-01-22,5,2,579,485,45,32
2023-01-23,5,2,579,373,45,37
2023-01-24,5,2,579,356,45,30
2023-01-25,5,2,579,385,45,21
2023-01-26,5,2,579,341,45,41
2023-01-27,5,2,579,426,45,25
2023-01-28,5,2,579,338,45,20
2023-01-29,5,2,579,483,45,32
2023-01-30,5,2,579,444,45,21
2023-01-31,5,2,579,315,45,30
2023-02-01,5,2,579,340,45,21
2023-02-02,5,2,579,290,45,27
2023-02-03,5,2,579,345,45,41
2023-02-04,5,2,579,503,45,34
2023-02-05,5,2,579,425,45,21
2023-02-06,5,2,579,499,45,33
2023-02-07,5,2,579,514,45,40
2023-02-08,5,2,579,338,45,25
2023-02-09,5,2,579,395,45,27
2023-02-10,5,2,579,320,45,40
2023-02-11,5,2,579,380,45,31
2023-02-12,5,2,579,460,45,38
2023-02-13,5,2,579,423,45,22
2023-02-14,5,2,579,319,45,22
2023-02-15,5,2,579,459,45,28
2023-02-16,5,2,579,449,45,33
2023-02-17,5,2,579,537,45,32
2023-02-18,5,2,579,545,45,23
2023-02-19,5,2,579,436,45,38
2023-02-20,5,2,579,481,45,28
2023-02-21,5,2,579,365,45,32
2023-02-22,5,2,579,330,45,24
2023-02-23,5,2,579,490,45,32
2023-02-24,5,2,579,380,45,30
2023-02-25,5,2,579,518,45,22
2023-02-26,5,2,579,425,45,34
2023-02-27,5,2,579,410,45,36
2023-02-28,5,2,579,437,45,27
2023-03-01,5,2,579,426,45,33
2023-03-02,5,2,579,341,45,26
2023-03-03,5,2,579,457,45,34
2023-03-04,5,2,579,367,45,34
2023-03-05,5,2,579,437,45,37
2023-03-06,5,2,579,305,45,18
2023-03-07,5,2,579,473,45,30
2023-03-08,5,2,579,506,45,28
2023-03-09,5,2,579,535,45,23
2023-03-10,5,2,579,386,45,27
2023-03-11,5,2,579,357,45,36
2023-03-12,5,2,579,484,45,29
2023-03-13,5,2,579,504,45,33
2023-03-14,5,2,579,291,45,24
2023-03-15,5,2,579,416,45,41
2023-03-16,5,2,579,550,45,34
2023-03-17,5,2,579,452,45,19
2023-03-18,5,2,579,308,45,19
2023-03-19,5,2,579,476,45,29
2023-03-20,5,2,579,405,45,32
2023-03-21,5,2,579,540,45,21
2023-03-22,5,2,579,303,45,37
2023-03-23,5,2,579,358,45,35
2023-03-24,5,2,579,351,45,37
2023-03-25,5,2,579,411,45,22
2023-03-26,5,2,579,440,45,24
2023-03-27,5,2,579,316,45,23
2023-03-28,5,2,579,502,45,38
2023-03-29,5,2,579,455,45,41
2023-03-30,5,2,579,300,45,41
2023-03-31,5,2,579,467,45,21
2023-04-01,5,2,579,493,45,42
2023-04-02,5,2,579,367,45,32
2023-04-03,5,2,579,446,45,32
2023-04-04,5,2,579,331,45,42
2023-04-05,5,2,579,395,45,36
2023-04-06,5,2,579,419,45,27
2023-04-07,5,2,579,521,45,40
2023-04-08,5,2,579,516,45,33
2023-04-09,5,2,579,480,45,25
2023-04-10,5,2,579,416,45,22
2023-04-11,5,2,579,355,45,23
2023-04-12,5,2,579,514,45,41
2023-04-13,5,2,579,359,45,37
2023-04-14,5,2,579,543,45,31
2023-04-15,5,2,579,521,45,22
2023-04-16,5,2,579,405,45,29
2023-04-17,5,2,579,495,45,35
2023-04-18,5,2,579,303,45,18
2023-04-19,5,2,579,437,45,41
2023-04-20,5,2,579,523,45,24
2023-04-21,5,2,579,524,45,42
2023-04-22,5,2,579,549,45,28
2023-04-23,5,2,579,334,45,39
2023-04-24,5,2,579,373,45,32
2023-04-25,5,2,579,403,45,41
2023-04-26,5,2,579,332,45,18
2023-04-27,5,2,579,359,45,23
2023-04-28,5,2,579,521,45,30
2023-04-29,5,2,579,427,45,18
2023-04-30,5,2,579,426,45,28
2023-05-01,5,2,579,299,45,30
2023-05-02,5,2,579,391,45,18
2023-05-03,5,2,579,371,45,20
2023-05-04,5,2,579,301,45,32
2023-05-05,5,2,579,452,45,25
2023-05-06,5,2,579,449,45,42
2023-05-07,5,2,579,312,45,36
2023-05-08,5,2,579,367,45,28
2023-05-09,5,2,579,398,45,20
2023-05-10,5,2,579,467,45,36
2023-05-11,5,2,579,493,45,20
2023-05-12,5,2,579,482,45,39
2023-05-13,5,2,579,435,45,26
2023-05-14,5,2,579,416,45,26
2023-05-15,5,2,579,467,45,39
2023-05-16,5,2,579,484,45,41
2023-05-17,5,2,579,412,45,18
2023-05-18,5,2,579,322,45,32
2023-05-19,5,2,579,449,45,37
2023-05-20,5,2,579,421,45,20
2023-05-21,5,2,579,533,45,42
2023-05-22,5,2,579,471,45,24
2023-05-23,5,2,579,532,45,38
2023-05-24,5,2,579,455,45,29
2023-05-25,5,2,579,428,45,41
2023-05-26,5,2,579,399,45,22
2023-05-27,5,2,579,450,45,27
2023-05-28,5,2,579,512,45,20
2023-05-29,5,2,579,333,45,24
2023-05-30,5,2,579,461,45,33
2023-05-31,5,2,579,298,45,33
2023-06-01,5,2,579,518,45,37
2023-06-02,5,2,579,341,45,24
2023-06-03,5,2,579,495,45,31
2023-06-04,5,2,579,541,45,34
2023-06-05,5,2,579,321,45,32
2023-06-06,5,2,579,409,45,39
2023-06-07,5,2,579,470,45,34
2023-06-08,5,2,579,433,45,37
2023-06-09,5,2,579,357,45,38
2023-06-10,5,2,579,366,45,21
2023-06-11,5,2,579,364,45,37
2023-06-12,5,2,579,486,45,33
2023-06-13,5,2,579,439,45,30
2023-06-14,5,2,579,449,45,18
2023-06-15,5,2,579,454,45,38
2023-06-16,5,2,579,308,45,42
2023-06-17,5,2,579,305,45,26
2023-06-18,5,2,579,521,45,22
2023-06-19,5,2,579,316,45,33
2023-06-20,5,2,579,416,45,23
2023-06-21,5,2,579,469,45,20
2023-06-22,5,2,579,490,45,38
2023-06-23,5,2,579,532,45,37
2023-06-24,5,2,579,445,45,40
2023-06-25,5,2,579,420,45,38
2023-06-26,5,2,579,498,45,21
2023-06-27,5,2,579,337,45,23
2023-06-28,5,2,579,348,45,42
2023-06-29,5,2,579,507,45,34
2023-06-30,5,2,579,386,45,20
2023-07-01,5,2,579,323,45,36
2023-07-02,5,2,579,292,45,32
2023-07-03,5,2,579,299,45,24
2023-07-04,5,2,579,522,45,35
2023-07-05,5,2,579,499,45,35
2023-07-06,5,2,579,474,45,18
2023-07-07,5,2,579,400,45,30
2023-07-08,5,2,579,431,45,19
2023-07-09,5,2,579,383,45,22
2023-07-10,5,2,579,497,45,30
2023-07-11,5,2,579,448,45,30
2023-07-12,5,2,579,311,45,34
2023-07-13,5,2,579,534,45,32
2023-07-14,5,2,579,472,45,42
2023-07-15,5,2,579,415,45,22
2023-07-16,5,2,579,291,45,41
2023-07-17,5,2,579,382,45,32
2023-07-18,5,2,579,381,45,24
2023-07-19,5,2,579,546,45,19
2023-07-20,5,2,579,363,45,25
2023-07-21,5,2,579,543,45,33
2023-07-22,5,2,579,386,45,38
2023-07-23,5,2,579,339,45,32
2023-07-24,5,2,579,428,45,34
2023-07-25,5,2,579,377,45,28
2023-07-26,5,2,579,533,45,25
2023-07-27,5,2,579,377,45,40
2023-07-28,5,2,579,511,45,40
2023-07-29,5,2,579,420,45,32
2023-07-30,5,2,579,358,45,20
2023-07-31,5,2,579,364,45,20
2023-08-01,5,2,579,506,45,32
2023-08-02,5,2,579,407,45,37
2023-08-03,5,2,579,527,45,41
2023-08-04,5,2,579,466,45,42
2023-08-05,5,2,579,464,45,28
2023-08-06,5,2,579,487,45,29
2023-08-07,5,2,579,311,45,40
2023-08-08,5,2,579,454,45,28
2023-08-09,5,2,579,331,45,20
2023-08-10,5,2,579,470,45,18
2023-08-11,5,2,579,516,45,37
2023-08-12,5,2,579,449,45,35
2023-08-13,5,2,579,435,45,19
2023-08-14,5,2,579,376,45,21
2023-08-15,5,2,579,446,45,23
2023-08-16,5,2,579,500,45,42
2023-08-17,5,2,579,415,45,23
2023-08-18,5,2,579,297,45,40
2023-08-19,5,2,579,330,45,20
2023-08-20,5,2,579,418,45,33
2023-08-21,5,2,579,361,45,19
2023-08-22,5,2,579,341,45,19
2023-08-23,5,2,579,548,45,39
2023-08-24,5,2,579,508,45,42
2023-08-25,5,2,579,508,45,18
2023-08-26,5,2,579,304,45,29
2023-08-27,5,2,579,321,45,39
2023-08-28,5,2,579,487,45,28
2023-08-29,5,2,579,421,45,41
2023-08-30,5,2,579,393,45,30
2023-08-31,5,2,579,388,45,33
2023-09-01,5,2,579,364,45,34
2023-09-02,5,2,579,485,45,25
2023-09-03,5,2,579,544,45,30
2023-09-04,5,2,579,331,45,34
2023-09-05,5,2,579,393,45,20
2023-09-06,5,2,579,481,45,39
2023-09-07,5,2,579,386,45,31
2023-09-08,5,2,579,355,45,27
2023-09-09,5,2,579,518,45,20
2023-09-10,5,2,579,440,45,42
2023-09-11,5,2,579,523,45,42
2023-09-12,5,2,579,342,45,35
2023-09-13,5,2,579,386,45,30
2023-09-14,5,2,579,344,45,23
2023-09-15,5,2,579,358,45,42
2023-09-16,5,2,579,484,45,35
2023-09-17,5,2,579,465,45,38
2023-09-18,5,2,579,304,45,25
2023-09-19,5,2,579,443,45,37
2023-09-20,5,2,579,415,45,21
2023-09-21,5,2,579,366,45,23
2023-09-22,5,2,579,302,45,37
2023-09-23,5,2,579,541,45,22
2023-09-24,5,2,579,483,45,33
2023-09-25,5,2,579,517,45,38
2023-09-26,5,2,579,295,45,18
2023-09-27,5,2,579,333,45,31
2023-09-28,5,2,579,316,45,23
2023-09-29,5,2,579,435,45,25
2023-09-30,5,2,579,352,45,23
2023-10-01,5,2,579,511,45,39
2023-10-02,5,2,579,526,45,42
2023-10-03,5,2,579,301,45,28
2023-10-04,5,2,579,415,45,19
2023-10-05,5,2,579,529,45,42
2023-10-06,5,2,579,327,45,20
2023-10-07,5,2,579,391,45,38
2023-10-08,5,2,579,519,45,37
2023-10-09,5,2,579,333,45,33
2023-10-10,5,2,579,300,45,27
2023-10-11,5,2,579,428,45,42
2023-10-12,5,2,579,380,45,25
2023-10-13,5,2,579,390,45,40
2023-10-14,5,2,579,485,45,18
2023-10-15,5,2,579,527,45,26
2023-10-16,5,2,579,549,45,20
2023-10-17,5,2,579,292,45,41
2023-10-18,5,2,579,461,45,25
2023-10-19,5,2,579,496,45,36
2023-10-20,5,2,579,302,45,41
2023-10-21,5,2,579,404,45,25
2023-10-22,5,2,579,445,45,24
2023-10-23,5,2,579,388,45,32
2023-10-24,5,2,579,546,45,35
2023-10-25,5,2,579,451,45,26
2023-10-26,5,2,579,397,45,26
2023-10-27,5,2,579,384,45,28
2023-10-28,5,2,579,486,45,35
2023-10-29,5,2,579,445,45,42
2023-10-30,5,2,579,372,45,29
2023-10-31,5,2,579,345,45,28
2023-11-01,5,2,579,527,45,33
2023-11-02,5,2,579,534,45,42
2023-11-03,5,2,579,314,45,30
2023-11-04,5,2,579,322,45,33
2023-11-05,5,2,579,289,45,39
2023-11-06,5,2,579,525,45,20
2023-11-07,5,2,579,492,45,36
2023-11-08,5,2,579,300,45,32
2023-11-09,5,2,579,395,45,35
2023-11-10,5,2,579,349,45,18
2023-11-11,5,2,579,468,45,41
2023-11-12,5,2,579,424,45,23
2023-11-13,5,2,579,430,45,42
2023-11-14,5,2,579,534,45,35
2023-11-15,5,2,579,531,45,23
2023-11-16,5,2,579,320,45,18
2023-11-17,5,2,579,342,45,18
2023-11-18,5,2,579,431,45,39
2023-11-19,5,2,579,390,45,23
2023-11-20,5,2,579,438,45,22
2023-11-21,5,2,579,420,45,39
2023-11-22,5,2,579,445,45,20
2023-11-23,5,2,579,396,45,36
2023-11-24,5,2,579,399,45,31
2023-11-25,5,2,579,456,45,32
2023-11-26,5,2,579,538,45,33
2023-11-27,5,2,579,299,45,32
2023-11-28,5,2,579,502,45,39
2023-11-29,5,2,579,474,45,34
2023-11-30,5,2,579,417,45,40
2023-12-01,5,2,579,353,45,22
2023-12-02,5,2,579,424,45,37
2023-12-03,5,2,579,344,45,31
2023-12-04,5,2,579,461,45,18
2023-12-05,5,2,579,395,45,39
2023-12-06,5,2,579,400,45,31
2023-12-07,5,2,579,423,45,39
2023-12-08,5,2,579,371,45,41
2023-12-09,5,2,579,479,45,32
2023-12-10,5,2,579,321,45,18
2023-12-11,5,2,579,413,45,32
2023-12-12,5,2,579,516,45,32
2023-12-13,5,2,579,411,45,22
2023-12-14,5,2,579,405,45,26
2023-12-15,5,2,579,421,45,30
2023-12-16,5,2,579,456,45,42
2023-12-17,5,2,579,531,45,28
2023-12-18,5,2,579,296,45,39
2023-12-19,5,2,579,478,45,19
2023-12-20,5,2,579,484,45,24
2023-12-21,5,2,579,318,45,30
2023-12-22,5,2,579,433,45,19
2023-12-23,5,2,579,292,45,18
2023-12-24,5,2,579,453,45,24
2023-12-25,5,2,579,409,45,26
2023-12-26,5,2,579,304,45,36
2023-12-27,5,2,579,305,45,42
2023-12-28,5,2,579,377,45,37
2023-12-29,5,2,579,424,45,29
2023-12-30,5,2,579,454,45,18
2023-12-31,5,2,579,496,45,24
2024-01-01,5,2,579,377,45,35
2024-01-02,5,2,579,302,45,28
2024-01-03,5,2,579,362,45,36
2024-01-04,5,2,579,467,45,37
2024-01-05,5,2,579,503,45,24
2024-01-06,5,2,579,400,45,23
2024-01-07,5,2,579,545,45,35
2024-01-08,5,2,579,360,45,22
2024-01-09,5,2,579,323,45,21
2024-01-10,5,2,579,324,45,20
2024-01-11,5,2,579,331,45,25
2024-01-12,5,2,579,357,45,29
2024-01-13,5,2,579,522,45,20
2024-01-14,5,2,579,528,45,26
2024-01-15,5,2,579,332,45,19
2024-01-16,5,2,579,488,45,40
2024-01-17,5,2,579,525,45,35
2024-01-18,5,2,579,360,45,34
2024-01-19,5,2,579,356,45,22
2024-01-20,5,2,579,349,45,38
2024-01-21,5,2,579,408,45,39
2024-01-22,5,2,579,484,45,23
2024-01-23,5,2,579,374,45,21
2024-01-24,5,2,579,374,45,30
2024-01-25,5,2,579,536,45,34
2024-01-26,5,2,579,388,45,42
2024-01-27,5,2,579,316,45,38
2024-01-28,5,2,579,321,45,38
2024-01-29,5,2,579,289,45,36
2024-01-30,5,2,579,323,45,38
2024-01-31,5,2,579,317,45,28
2024-02-01,5,2,579,548,45,42
2024-02-02,5,2,579,449,45,38
2024-02-03,5,2,579,368,45,19
2024-02-04,5,2,579,513,45,20
2024-02-05,5,2,579,441,45,39
2024-02-06,5,2,579,386,45,25
2024-02-07,5,2,579,535,45,23
2024-02-08,5,2,579,399,45,39
2024-02-09,5,2,579,397,45,19
2024-02-10,5,2,579,527,45,32
2024-02-11,5,2,579,391,45,42
2024-02-12,5,2,579,367,45,31
2024-02-13,5,2,579,538,45,41
2024-02-14,5,2,579,546,45,26
2024-02-15,5,2,579,451,45,27
2024-02-16,5,2,579,454,45,19
2024-02-17,5,2,579,383,45,39
2024-02-18,5,2,579,505,45,25
2024-02-19,5,2,579,421,45,37
2024-02-20,5,2,579,489,45,32
2024-02-21,5,2,579,306,45,34
2024-02-22,5,2,579,536,45,42
2024-02-23,5,2,579,291,45,36
2024-02-24,5,2,579,369,45,30
2024-02-25,5,2,579,324,45,32
2024-02-26,5,2,579,334,45,35
2024-02-27,5,2,579,422,45,25
2024-02-28,5,2,579,387,45,35
2024-02-29,5,2,579,468,45,38
2024-03-01,5,2,579,474,45,24
2024-03-02,5,2,579,531,45,25
2024-03-03,5,2,579,438,45,31
2024-03-04,5,2,579,349,45,20
2024-03-05,5,2,579,441,45,32
2024-03-06,5,2,579,378,45,35
2024-03-07,5,2,579,525,45,26
2024-03-08,5,2,579,475,45,23
2024-03-09,5,2,579,346,45,40
2024-03-10,5,2,579,454,45,22
2024-03-11,5,2,579,413,45,28
2024-03-12,5,2,579,461,45,28
2024-03-13,5,2,579,457,45,34
2024-03-14,5,2,579,338,45,32
2024-03-15,5,2,579,421,45,24
2024-03-16,5,2,579,384,45,42
2024-03-17,5,2,579,388,45,32
2024-03-18,5,2,579,337,45,34
2024-03-19,5,2,579,482,45,35
2024-03-20,5,2,579,538,45,42
2024-03-21,5,2,579,439,45,22
2024-03-22,5,2,579,370,45,40
2024-03-23,5,2,579,493,45,34
2024-03-24,5,2,579,469,45,27
2024-03-25,5,2,579,421,45,36
2024-03-26,5,2,579,503,45,32
2024-03-27,5,2,579,324,45,27
2024-03-28,5,2,579,419,45,37
2024-03-29,5,2,579,422,45,31
2024-03-30,5,2,579,426,45,26
2024-03-31,5,2,579,406,45,24
2024-04-01,5,2,579,426,45,42
2024-04-02,5,2,579,539,45,39
2024-04-03,5,2,579,384,45,28
2024-04-04,5,2,579,433,45,33
2024-04-05,5,2,579,434,45,34
2024-04-06,5,2,579,544,45,40
2024-04-07,5,2,579,309,45,37
2024-04-08,5,2,579,404,45,35
2024-04-09,5,2,579,441,45,24
2024-04-10,5,2,579,376,45,32
2024-04-11,5,2,579,451,45,25
2024-04-12,5,2,579,475,45,42
2024-04-13,5,2,579,495,45,24
2024-04-14,5,2,579,507,45,39
2024-04-15,5,2,579,382,45,36
2024-04-16,5,2,579,444,45,19
2024-04-17,5,2,579,413,45,41
2024-04-18,5,2,579,428,45,23
2024-04-19,5,2,579,477,45,37
2024-04-20,5,2,579,328,45,33
2024-04-21,5,2,579,336,45,27
2024-04-22,5,2,579,306,45,31
2024-04-23,5,2,579,319,45,24
2024-04-24,5,2,579,547,45,27
2024-04-25,5,2,579,523,45,21
2024-04-26,5,2,579,431,45,18
2024-04-27,5,2,579,480,45,19
2024-04-28,5,2,579,381,45,37
2024-04-29,5,2,579,294,45,28
2024-04-30,5,2,579,315,45,27
2024-05-01,5,2,579,538,45,33
2024-05-02,5,2,579,326,45,39
2024-05-03,5,2,579,307,45,38
2024-05-04,5,2,579,489,45,40
2024-05-05,5,2,579,438,45,24
2024-05-06,5,2,579,465,45,34
2024-05-07,5,2,579,495,45,22
2024-05-08,5,2,579,321,45,37
2024-05-09,5,2,579,500,45,20
2024-05-10,5,2,579,337,45,35
2024-05-11,5,2,579,319,45,40
2024-05-12,5,2,579,298,45,33
2024-05-13,5,2,579,426,45,39
2024-05-14,5,2,579,491,45,28
2024-05-15,5,2,579,440,45,38
2024-05-16,5,2,579,335,45,20
2024-05-17,5,2,579,395,45,24
2024-05-18,5,2,579,291,45,19
2024-05-19,5,2,579,467,45,30
2024-05-20,5,2,579,461,45,24
2024-05-21,5,2,579,544,45,41
2024-05-22,5,2,579,546,45,34
2024-05-23,5,2,579,537,45,19
2024-05-24,5,2,579,408,45,31
2024-05-25,5,2,579,464,45,42
2024-05-26,5,2,579,521,45,33
2024-05-27,5,2,579,456,45,39
2024-05-28,5,2,579,496,45,37
2024-05-29,5,2,579,346,45,33
2024-05-30,5,2,579,308,45,41
2024-05-31,5,2,579,333,45,38
2024-06-01,5,2,579,295,45,40
2024-06-02,5,2,579,314,45,25
2024-06-03,5,2,579,423,45,32
2024-06-04,5,2,579,413,45,37
2024-06-05,5,2,579,539,45,38
2024-06-06,5,2,579,493,45,23
2024-06-07,5,2,579,516,45,19
2024-06-08,5,2,579,346,45,29
2024-06-09,5,2,579,307,45,41
2024-06-10,5,2,579,463,45,41
2024-06-11,5,2,579,520,45,30
2024-06-12,5,2,579,350,45,21
2024-06-13,5,2,579,543,45,28
2024-06-14,5,2,579,323,45,30
2024-06-15,5,2,579,451,45,34
2024-06-16,5,2,579,535,45,31
2024-06-17,5,2,579,486,45,41
2024-06-18,5,2,579,324,45,38
2024-06-19,5,2,579,409,45,37
2024-06-20,5,2,579,469,45,26
2024-06-21,5,2,579,292,45,23
2024-06-22,5,2,579,403,45,26
2024-06-23,5,2,579,435,45,19
2024-06-24,5,2,579,504,45,23
2024-06-25,5,2,579,544,45,38
2024-06-26,5,2,579,500,45,37
2024-06-27,5,2,579,526,45,22
2024-06-28,5,2,579,310,45,40
2024-06-29,5,2,579,336,45,18
2024-06-30,5,2,579,299,45,33
2024-07-01,5,2,579,303,45,21
2024-07-02,5,2,579,427,45,29
2024-07-03,5,2,579,537,45,35
2024-07-04,5,2,579,527,45,26
2024-07-05,5,2,579,449,45,38
2024-07-06,5,2,579,344,45,19
2024-07-07,5,2,579,420,45,31
2024-07-08,5,2,579,300,45,36
2024-07-09,5,2,579,528,45,26
2024-07-10,5,2,579,303,45,18
2024-07-11,5,2,579,432,45,34
2024-07-12,5,2,579,388,45,22
2024-07-13,5,2,579,488,45,18
2024-07-14,5,2,579,357,45,37
2024-07-15,5,2,579,319,45,23
2024-07-16,5,2,579,303,45,38
2024-07-17,5,2,579,313,45,34
2024-07-18,5,2,579,454,45,27
2024-07-19,5,2,579,415,45,23
2024-07-20,5,2,579,398,45,36
2024-07-21,5,2,579,440,45,18
2024-07-22,5,2,579,352,45,39
2024-07-23,5,2,579,407,45,25
2024-07-24,5,2,579,395,45,23
2024-07-25,5,2,579,461,45,27
2024-07-26,5,2,579,495,45,22
2024-07-27,5,2,579,432,45,41
2024-07-28,5,2,579,422,45,24
2024-07-29,5,2,579,411,45,30
2024-07-30,5,2,579,470,45,29
2024-07-31,5,2,579,402,45,20
2024-08-01,5,2,579,354,45,19
2024-08-02,5,2,579,409,45,26
2024-08-03,5,2,579,425,45,30
2024-08-04,5,2,579,381,45,28
2024-08-05,5,2,579,481,45,25
2024-08-06,5,2,579,512,45,22
2024-08-07,5,2,579,486,45,25
2024-08-08,5,2,579,457,45,35
2024-08-09,5,2,579,478,45,18
2024-08-10,5,2,579,475,45,30
2024-08-11,5,2,579,420,45,39
2024-08-12,5,2,579,499,45,34
2024-08-13,5,2,579,323,45,41
2024-08-14,5,2,579,389,45,22
2024-08-15,5,2,579,361,45,37
2024-08-16,5,2,579,311,45,34
2024-08-17,5,2,579,365,45,33
2024-08-18,5,2,579,362,45,23
2024-08-19,5,2,579,505,45,40
2024-08-20,5,2,579,296,45,25
2024-08-21,5,2,579,520,45,34
2024-08-22,5,2,579,364,45,19
2024-08-23,5,2,579,468,45,21
2024-08-24,5,2,579,348,45,40
2024-08-25,5,2,579,381,45,22
2024-08-26,5,2,579,364,45,18
2024-08-27,5,2,579,394,45,41
2024-08-28,5,2,579,331,45,18
2024-08-29,5,2,579,321,45,23
2024-08-30,5,2,579,447,45,21
2024-08-31,5,2,579,455,45,25
2024-09-01,5,2,579,345,45,35
2024-09-02,5,2,579,475,45,33
2024-09-03,5,2,579,329,45,22
2024-09-04,5,2,579,345,45,18
2024-09-05,5,2,579,492,45,22
2024-09-06,5,2,579,465,45,30
2024-09-07,5,2,579,406,45,28
2024-09-08,5,2,579,537,45,19
2024-09-09,5,2,579,469,45,36
2024-09-10,5,2,579,316,45,29
2024-09-11,5,2,579,290,45,21
2024-09-12,5,2,579,407,45,41
2024-09-13,5,2,579,444,45,23
2024-09-14,5,2,579,337,45,20
2024-09-15,5,2,579,339,45,30
2024-09-16,5,2,579,314,45,41
2024-09-17,5,2,579,329,45,39
2024-09-18,5,2,579,470,45,36
2024-09-19,5,2,579,448,45,34
2024-09-20,5,2,579,306,45,20
2024-09-21,5,2,579,420,45,33
2024-09-22,5,2,579,500,45,21
2024-09-23,5,2,579,342,45,30
2024-09-24,5,2,579,489,45,37
2024-09-25,5,2,579,370,45,38
2024-09-26,5,2,579,468,45,20
2024-09-27,5,2,579,309,45,35
2024-09-28,5,2,579,318,45,29
2024-09-29,5,2,579,381,45,18
2024-09-30,5,2,579,469,45,27
2024-10-01,5,2,579,313,45,31
2024-10-02,5,2,579,463,45,39
2024-10-03,5,2,579,428,45,23
2024-10-04,5,2,579,477,45,32
2024-10-05,5,2,579,400,45,41
2024-10-06,5,2,579,415,45,22
2024-10-07,5,2,579,309,45,25
2024-10-08,5,2,579,386,45,27
2024-10-09,5,2,579,394,45,40
2024-10-10,5,2,579,529,45,19
2024-10-11,5,2,579,502,45,29
2024-10-12,5,2,579,530,45,38
2024-10-13,5,2,579,333,45,26
2024-10-14,5,2,579,479,45,39
2024-10-15,5,2,579,355,45,25
2024-10-16,5,2,579,369,45,28
2024-10-17,5,2,579,550,45,35
2024-10-18,5,2,579,357,45,33
2024-10-19,5,2,579,482,45,30
2024-10-20,5,2,579,493,45,32
2024-10-21,5,2,579,333,45,20
2024-10-22,5,2,579,332,45,20
2024-10-23,5,2,579,322,45,32
2024-10-24,5,2,579,351,45,31
2024-10-25,5,2,579,364,45,24
2024-10-26,5,2,579,478,45,20
2024-10-27,5,2,579,303,45,41
2024-10-28,5,2,579,317,45,33
2024-10-29,5,2,579,496,45,42
2024-10-30,5,2,579,461,45,30
2024-10-31,5,2,579,497,45,24
2024-11-01,5,2,579,549,45,38
2024-11-02,5,2,579,367,45,22
2024-11-03,5,2,579,326,45,26
2024-11-04,5,2,579,336,45,28
2024-11-05,5,2,579,454,45,20
2024-11-06,5,2,579,501,45,24
2024-11-07,5,2,579,371,45,21
2024-11-08,5,2,579,382,45,41
2024-11-09,5,2,579,470,45,40
2024-11-10,5,2,579,331,45,18
2024-11-11,5,2,579,476,45,30
2024-11-12,5,2,579,359,45,23
2024-11-13,5,2,579,467,45,42
2024-11-14,5,2,579,455,45,36
2024-11-15,5,2,579,487,45,35
2024-11-16,5,2,579,521,45,40
2024-11-17,5,2,579,307,45,34
2024-11-18,5,2,579,475,45,29
2024-11-19,5,2,579,473,45,37
2024-11-20,5,2,579,318,45,22
2024-11-21,5,2,579,550,45,39
2024-11-22,5,2,579,294,45,38
2024-11-23,5,2,579,532,45,26
2024-11-24,5,2,579,501,45,35
2024-11-25,5,2,579,456,45,40
2024-11-26,5,2,579,361,45,20
2024-11-27,5,2,579,517,45,19
2024-11-28,5,2,579,476,45,18
2024-11-29,5,2,579,529,45,39
2024-11-30,5,2,579,313,45,39
2024-12-01,5,2,579,334,45,37
2024-12-02,5,2,579,315,45,18
2024-12-03,5,2,579,419,45,35
2024-12-04,5,2,579,378,45,42
2024-12-05,5,2,579,423,45,19
2024-12-06,5,2,579,545,45,40
2024-12-07,5,2,579,297,45,30
2024-12-08,5,2,579,517,45,25
2024-12-09,5,2,579,412,45,31
2024-12-10,5,2,579,343,45,32
2024-12-11,5,2,579,380,45,36
2024-12-12,5,2,579,467,45,31
2024-12-13,5,2,579,291,45,18
2024-12-14,5,2,579,438,45,24
2024-12-15,5,2,579,440,45,25
2024-12-16,5,2,579,324,45,40
2024-12-17,5,2,579,475,45,41
2024-12-18,5,2,579,545,45,25
2024-12-19,5,2,579,481,45,22
2024-12-20,5,2,579,525,45,33
2024-12-21,5,2,579,339,45,24
2024-12-22,5,2,579,437,45,27
2024-12-23,5,2,579,498,45,21
2024-12-24,5,2,579,528,45,24
2024-12-25,5,2,579,456,45,29
2024-12-26,5,2,579,478,45,38
2024-12-27,5,2,579,305,45,32
2024-12-28,5,2,579,323,45,42
2024-12-29,5,2,579,524,45,32
2024-12-30,5,2,579,417,45,39
2024-12-31,5,2,579,520,45,37
2023-01-01,5,3,579,460,45,38
2023-01-02,5,3,579,429,45,30
2023-01-03,5,3,579,289,45,32
2023-01-04,5,3,579,327,45,41
2023-01-05,5,3,579,416,45,42
2023-01-06,5,3,579,397,45,21
2023-01-07,5,3,579,395,45,38
2023-01-08,5,3,579,531,45,25
2023-01-09,5,3,579,409,45,23
2023-01-10,5,3,579,528,45,34
2023-01-11,5,3,579,545,45,26
2023-01-12,5,3,579,432,45,41
2023-01-13,5,3,579,539,45,22
2023-01-14,5,3,579,528,45,28
2023-01-15,5,3,579,299,45,33
2023-01-16,5,3,579,417,45,30
2023-01-17,5,3,579,520,45,34
2023-01-18,5,3,579,454,45,34
2023-01-19,5,3,579,524,45,42
2023-01-20,5,3,579,406,45,30
2023-01-21,5,3,579,488,45,29
2023-01-22,5,3,579,485,45,19
2023-01-23,5,3,579,404,45,41
2023-01-24,5,3,579,518,45,38
2023-01-25,5,3,579,443,45,36
2023-01-26,5,3,579,455,45,29
2023-01-27,5,3,579,542,45,35
2023-01-28,5,3,579,342,45,22
2023-01-29,5,3,579,510,45,18
2023-01-30,5,3,579,431,45,40
2023-01-31,5,3,579,546,45,31
2023-02-01,5,3,579,469,45,21
2023-02-02,5,3,579,311,45,36
2023-02-03,5,3,579,303,45,36
2023-02-04,5,3,579,417,45,24
2023-02-05,5,3,579,449,45,21
2023-02-06,5,3,579,354,45,31
2023-02-07,5,3,579,427,45,36
2023-02-08,5,3,579,323,45,41
2023-02-09,5,3,579,372,45,18
2023-02-10,5,3,579,295,45,32
2023-02-11,5,3,579,522,45,22
2023-02-12,5,3,579,544,45,34
2023-02-13,5,3,579,332,45,29
2023-02-14,5,3,579,486,45,24
2023-02-15,5,3,579,513,45,27
2023-02-16,5,3,579,427,45,38
2023-02-17,5,3,579,291,45,27
2023-02-18,5,3,579,340,45,29
2023-02-19,5,3,579,400,45,24
2023-02-20,5,3,579,363,45,41
2023-02-21,5,3,579,498,45,28
2023-02-22,5,3,579,419,45,28
2023-02-23,5,3,579,467,45,28
2023-02-24,5,3,579,457,45,30
2023-02-25,5,3,579,420,45,41
2023-02-26,5,3,579,321,45,28
2023-02-27,5,3,579,327,45,40
2023-02-28,5,3,579,549,45,37
2023-03-01,5,3,579,301,45,28
2023-03-02,5,3,579,446,45,38
2023-03-03,5,3,579,521,45,32
2023-03-04,5,3,579,436,45,38
2023-03-05,5,3,579,420,45,40
2023-03-06,5,3,579,520,45,22
2023-03-07,5,3,579,550,45,39
2023-03-08,5,3,579,525,45,36
2023-03-09,5,3,579,332,45,20
2023-03-10,5,3,579,433,45,20
2023-03-11,5,3,579,541,45,22
2023-03-12,5,3,579,499,45,24
2023-03-13,5,3,579,526,45,31
2023-03-14,5,3,579,390,45,25
2023-03-15,5,3,579,421,45,39
2023-03-16,5,3,579,293,45,31
2023-03-17,5,3,579,374,45,21
2023-03-18,5,3,579,537,45,39
2023-03-19,5,3,579,443,45,34
2023-03-20,5,3,579,415,45,37
2023-03-21,5,3,579,536,45,18
2023-03-22,5,3,579,300,45,30
2023-03-23,5,3,579,524,45,31
2023-03-24,5,3,579,485,45,29
2023-03-25,5,3,579,488,45,24
2023-03-26,5,3,579,328,45,29
2023-03-27,5,3,579,362,45,20
2023-03-28,5,3,579,495,45,41
2023-03-29,5,3,579,440,45,23
2023-03-30,5,3,579,543,45,27
2023-03-31,5,3,579,309,45,32
2023-04-01,5,3,579,385,45,27
2023-04-02,5,3,579,421,45,31
2023-04-03,5,3,579,457,45,33
2023-04-04,5,3,579,405,45,23
2023-04-05,5,3,579,476,45,23
2023-04-06,5,3,579,294,45,34
2023-04-07,5,3,579,419,45,41
2023-04-08,5,3,579,485,45,24
2023-04-09,5,3,579,531,45,19
2023-04-10,5,3,579,479,45,33
2023-04-11,5,3,579,353,45,41
2023-04-12,5,3,579,497,45,25
2023-04-13,5,3,579,412,45,27
2023-04-14,5,3,579,344,45,29
2023-04-15,5,3,579,383,45,25
2023-04-16,5,3,579,511,45,42
2023-04-17,5,3,579,487,45,20
2023-04-18,5,3,579,357,45,30
2023-04-19,5,3,579,529,45,31
2023-04-20,5,3,579,386,45,20
2023-04-21,5,3,579,545,45,18
2023-04-22,5,3,579,356,45,18
2023-04-23,5,3,579,518,45,20
2023-04-24,5,3,579,391,45,31
2023-04-25,5,3,579,296,45,19
2023-04-26,5,3,579,439,45,25
2023-04-27,5,3,579,533,45,20
2023-04-28,5,3,579,484,45,32
2023-04-29,5,3,579,369,45,39
2023-04-30,5,3,579,539,45,30
2023-05-01,5,3,579,413,45,19
2023-05-02,5,3,579,457,45,33
2023-05-03,5,3,579,408,45,35
2023-05-04,5,3,579,532,45,26
2023-05-05,5,3,579,309,45,37
2023-05-06,5,3,579,361,45,18
2023-05-07,5,3,579,373,45,31
2023-05-08,5,3,579,544,45,19
2023-05-09,5,3,579,504,45,38
2023-05-10,5,3,579,359,45,28
2023-05-11,5,3,579,295,45,23
2023-05-12,5,3,579,543,45,38
2023-05-13,5,3,579,329,45,18
2023-05-14,5,3,579,325,45,18
2023-05-15,5,3,579,389,45,39
2023-05-16,5,3,579,353,45,27
2023-05-17,5,3,579,535,45,28
2023-05-18,5,3,579,335,45,22
2023-05-19,5,3,579,353,45,21
2023-05-20,5,3,579,310,45,29
2023-05-21,5,3,579,448,45,37
2023-05-22,5,3,579,538,45,22
2023-05-23,5,3,579,465,45,41
2023-05-24,5,3,579,328,45,42
2023-05-25,5,3,579,312,45,25
2023-05-26,5,3,579,313,45,36
2023-05-27,5,3,579,507,45,36
2023-05-28,5,3,579,467,45,42
2023-05-29,5,3,579,503,45,39
2023-05-30,5,3,579,370,45,29
2023-05-31,5,3,579,405,45,39
2023-06-01,5,3,579,377,45,40
2023-06-02,5,3,579,321,45,40
2023-06-03,5,3,579,304,45,28
2023-06-04,5,3,579,392,45,40
2023-06-05,5,3,579,427,45,32
2023-06-06,5,3,579,346,45,38
2023-06-07,5,3,579,386,45,40
2023-06-08,5,3,579,541,45,34
2023-06-09,5,3,579,397,45,41
2023-06-10,5,3,579,333,45,28
2023-06-11,5,3,579,344,45,39
2023-06-12,5,3,579,480,45,26
2023-06-13,5,3,579,370,45,22
2023-06-14,5,3,579,331,45,21
2023-06-15,5,3,579,330,45,34
2023-06-16,5,3,579,501,45,22
2023-06-17,5,3,579,419,45,41
2023-06-18,5,3,579,486,45,26
2023-06-19,5,3,579,550,45,39
2023-06-20,5,3,579,459,45,35
2023-06-21,5,3,579,426,45,34
2023-06-22,5,3,579,371,45,29
2023-06-23,5,3,579,474,45,21
2023-06-24,5,3,579,296,45,25
2023-06-25,5,3,579,444,45,41
2023-06-26,5,3,579,384,45,33
2023-06-27,5,3,579,382,45,30
2023-06-28,5,3,579,483,45,26
2023-06-29,5,3,579,385,45,40
2023-06-30,5,3,579,545,45,18
2023-07-01,5,3,579,353,45,32
2023-07-02,5,3,579,345,45,27
2023-07-03,5,3,579,415,45,30
2023-07-04,5,3,579,337,45,23
2023-07-05,5,3,579,531,45,42
2023-07-06,5,3,579,537,45,26
2023-07-07,5,3,579,423,45,35
2023-07-08,5,3,579,356,45,31
2023-07-09,5,3,579,444,45,40
2023-07-10,5,3,579,548,45,29
2023-07-11,5,3,579,343,45,34
2023-07-12,5,3,579,446,45,19
2023-07-13,5,3,579,470,45,42
2023-07-14,5,3,579,462,45,37
2023-07-15,5,3,579,317,45,20
2023-07-16,5,3,579,386,45,18
2023-07-17,5,3,579,314,45,37
2023-07-18,5,3,579,347,45,33
2023-07-19,5,3,579,477,45,19
2023-07-20,5,3,579,340,45,33
2023-07-21,5,3,579,344,45,29
2023-07-22,5,3,579,539,45,24
2023-07-23,5,3,579,460,45,26
2023-07-24,5,3,579,298,45,33
2023-07-25,5,3,579,409,45,28
2023-07-26,5,3,579,409,45,42
2023-07-27,5,3,579,481,45,31
2023-07-28,5,3,579,417,45,30
2023-07-29,5,3,579,382,45,34
2023-07-30,5,3,579,447,45,21
2023-07-31,5,3,579,488,45,33
2023-08-01,5,3,579,429,45,21
2023-08-02,5,3,579,379,45,26
2023-08-03,5,3,579,489,45,32
2023-08-04,5,3,579,289,45,29
2023-08-05,5,3,579,454,45,35
2023-08-06,5,3,579,422,45,31
2023-08-07,5,3,579,342,45,38
2023-08-08,5,3,579,462,45,28
2023-08-09,5,3,579,361,45,24
2023-08-10,5,3,579,437,45,24
2023-08-11,5,3,579,534,45,42
2023-08-12,5,3,579,437,45,19
2023-08-13,5,3,579,412,45,36
2023-08-14,5,3,579,379,45,20
2023-08-15,5,3,579,503,45,24
2023-08-16,5,3,579,457,45,24
2023-08-17,5,3,579,450,45,39
2023-08-18,5,3,579,512,45,19
2023-08-19,5,3,579,346,45,23
2023-08-20,5,3,579,532,45,35
2023-08-21,5,3,579,416,45,36
2023-08-22,5,3,579,456,45,37
2023-08-23,5,3,579,305,45,29
2023-08-24,5,3,579,510,45,32
2023-08-25,5,3,579,537,45,35
2023-08-26,5,3,579,352,45,33
2023-08-27,5,3,579,455,45,19
2023-08-28,5,3,579,291,45,37
2023-08-29,5,3,579,309,45,27
2023-08-30,5,3,579,419,45,36
2023-08-31,5,3,579,530,45,23
2023-09-01,5,3,579,317,45,42
2023-09-02,5,3,579,348,45,32
2023-09-03,5,3,579,336,45,30
2023-09-04,5,3,579,455,45,25
2023-09-05,5,3,579,485,45,39
2023-09-06,5,3,579,471,45,32
2023-09-07,5,3,579,289,45,36
2023-09-08,5,3,579,357,45,33
2023-09-09,5,3,579,304,45,37
2023-09-10,5,3,579,526,45,30
2023-09-11,5,3,579,425,45,38
2023-09-12,5,3,579,517,45,40
2023-09-13,5,3,579,538,45,19
2023-09-14,5,3,579,505,45,20
2023-09-15,5,3,579,297,45,23
2023-09-16,5,3,579,483,45,27
2023-09-17,5,3,579,381,45,32
2023-09-18,5,3,579,394,45,25
2023-09-19,5,3,579,320,45,42
2023-09-20,5,3,579,528,45,29
2023-09-21,5,3,579,515,45,42
2023-09-22,5,3,579,323,45,18
2023-09-23,5,3,579,443,45,28
2023-09-24,5,3,579,504,45,34
2023-09-25,5,3,579,383,45,26
2023-09-26,5,3,579,379,45,33
2023-09-27,5,3,579,392,45,23
2023-09-28,5,3,579,388,45,39
2023-09-29,5,3,579,297,45,19
2023-09-30,5,3,579,522,45,41
2023-10-01,5,3,579,357,45,24
2023-10-02,5,3,579,516,45,23
2023-10-03,5,3,579,472,45,19
2023-10-04,5,3,579,404,45,39
2023-10-05,5,3,579,498,45,36
2023-10-06,5,3,579,402,45,34
2023-10-07,5,3,579,292,45,36
2023-10-08,5,3,579,423,45,25
2023-10-09,5,3,579,408,45,24
2023-10-10,5,3,579,417,45,31
2023-10-11,5,3,579,393,45,23
2023-10-12,5,3,579,471,45,27
2023-10-13,5,3,579,403,45,29
2023-10-14,5,3,579,359,45,40
2023-10-15,5,3,579,361,45,23
2023-10-16,5,3,579,458,45,33
2023-10-17,5,3,579,475,45,37
2023-10-18,5,3,579,523,45,41
2023-10-19,5,3,579,405,45,27
2023-10-20,5,3,579,353,45,28
2023-10-21,5,3,579,448,45,29
2023-10-22,5,3,579,350,45,19
2023-10-23,5,3,579,309,45,39
2023-10-24,5,3,579,540,45,24
2023-10-25,5,3,579,446,45,21
2023-10-26,5,3,579,397,45,35
2023-10-27,5,3,579,461,45,37
2023-10-28,5,3,579,409,45,23
2023-10-29,5,3,579,519,45,26
2023-10-30,5,3,579,471,45,28
2023-10-31,5,3,579,332,45,41
2023-11-01,5,3,579,491,45,25
2023-11-02,5,3,579,386,45,36
2023-11-03,5,3,579,357,45,23
2023-11-04,5,3,579,456,45,21
2023-11-05,5,3,579,303,45,21
2023-11-06,5,3,579,325,45,36
2023-11-07,5,3,579,352,45,38
2023-11-08,5,3,579,291,45,34
2023-11-09,5,3,579,320,45,28
2023-11-10,5,3,579,427,45,20
2023-11-11,5,3,579,493,45,38
2023-11-12,5,3,579,512,45,39
2023-11-13,5,3,579,493,45,22
2023-11-14,5,3,579,548,45,38
2023-11-15,5,3,579,365,45,20
2023-11-16,5,3,579,411,45,40
2023-11-17,5,3,579,395,45,38
2023-11-18,5,3,579,535,45,20
2023-11-19,5,3,579,460,45,34
2023-11-20,5,3,579,382,45,22
2023-11-21,5,3,579,294,45,39
2023-11-22,5,3,579,401,45,32
2023-11-23,5,3,579,536,45,22
2023-11-24,5,3,579,364,45,32
2023-11-25,5,3,579,361,45,25
2023-11-26,5,3,579,521,45,34
2023-11-27,5,3,579,451,45,24
2023-11-28,5,3,579,325,45,29
2023-11-29,5,3,579,348,45,24
2023-11-30,5,3,579,387,45,37
2023-12-01,5,3,579,498,45,18
2023-12-02,5,3,579,443,45,33
2023-12-03,5,3,579,460,45,41
2023-12-04,5,3,579,496,45,23
2023-12-05,5,3,579,364,45,38
2023-12-06,5,3,579,347,45,18
2023-12-07,5,3,579,536,45,33
2023-12-08,5,3,579,523,45,36
2023-12-09,5,3,579,412,45,25
2023-12-10,5,3,579,385,45,30
2023-12-11,5,3,579,433,45,28
2023-12-12,5,3,579,484,45,23
2023-12-13,5,3,579,548,45,23
2023-12-14,5,3,579,307,45,29
2023-12-15,5,3,579,435,45,28
2023-12-16,5,3,579,501,45,25
2023-12-17,5,3,579,502,45,22
2023-12-18,5,3,579,392,45,22
2023-12-19,5,3,579,527,45,18
2023-12-20,5,3,579,352,45,19
2023-12-21,5,3,579,516,45,23
2023-12-22,5,3,579,517,45,27
2023-12-23,5,3,579,477,45,25
2023-12-24,5,3,579,376,45,18
2023-12-25,5,3,579,347,45,24
2023-12-26,5,3,579,524,45,21
2023-12-27,5,3,579,383,45,26
2023-12-28,5,3,579,417,45,34
2023-12-29,5,3,579,322,45,18
2023-12-30,5,3,579,311,45,40
2023-12-31,5,3,579,419,45,41
2024-01-01,5,3,579,528,45,22
2024-01-02,5,3,579,463,45,32
2024-01-03,5,3,579,488,45,36
2024-01-04,5,3,579,293,45,36
2024-01-05,5,3,579,504,45,26
2024-01-06,5,3,579,534,45,37
2024-01-07,5,3,579,473,45,21
2024-01-08,5,3,579,337,45,27
2024-01-09,5,3,579,317,45,41
2024-01-10,5,3,579,534,45,29
2024-01-11,5,3,579,524,45,35
2024-01-12,5,3,579,517,45,21
2024-01-13,5,3,579,347,45,19
2024-01-14,5,3,579,332,45,18
2024-01-15,5,3,579,390,45,39
2024-01-16,5,3,579,438,45,23
2024-01-17,5,3,579,464,45,27
2024-01-18,5,3,579,505,45,26
2024-01-19,5,3,579,427,45,26
2024-01-20,5,3,579,516,45,31
2024-01-21,5,3,579,548,45,23
2024-01-22,5,3,579,489,45,21
2024-01-23,5,3,579,329,45,34
2024-01-24,5,3,579,480,45,33
2024-01-25,5,3,579,307,45,23
2024-01-26,5,3,579,397,45,37
2024-01-27,5,3,579,329,45,29
2024-01-28,5,3,579,414,45,19
2024-01-29,5,3,579,341,45,36
2024-01-30,5,3,579,297,45,42
2024-01-31,5,3,579,481,45,24
2024-02-01,5,3,579,427,45,18
2024-02-02,5,3,579,517,45,21
2024-02-03,5,3,579,529,45,40
2024-02-04,5,3,579,550,45,35
2024-02-05,5,3,579,487,45,33
2024-02-06,5,3,579,474,45,24
2024-02-07,5,3,579,503,45,31
2024-02-08,5,3,579,414,45,22
2024-02-09,5,3,579,434,45,30
2024-02-10,5,3,579,401,45,38
2024-02-11,5,3,579,315,45,23
2024-02-12,5,3,579,482,45,18
2024-02-13,5,3,579,548,45,38
2024-02-14,5,3,579,537,45,23
2024-02-15,5,3,579,407,45,42
2024-02-16,5,3,579,456,45,37
2024-02-17,5,3,579,494,45,35
2024-02-18,5,3,579,428,45,18
2024-02-19,5,3,579,397,45,32
2024-02-20,5,3,579,450,45,25
2024-02-21,5,3,579,472,45,25
2024-02-22,5,3,579,492,45,37
2024-02-23,5,3,579,403,45,38
2024-02-24,5,3,579,351,45,35
2024-02-25,5,3,579,497,45,39
2024-02-26,5,3,579,308,45,26
2024-02-27,5,3,579,353,45,24
2024-02-28,5,3,579,534,45,30
2024-02-29,5,3,579,510,45,38
2024-03-01,5,3,579,399,45,19
2024-03-02,5,3,579,398,45,42
2024-03-03,5,3,579,454,45,26
2024-03-04,5,3,579,429,45,41
2024-03-05,5,3,579,336,45,26
2024-03-06,5,3,579,409,45,36
2024-03-07,5,3,579,426,45,21
2024-03-08,5,3,579,396,45,19
2024-03-09,5,3,579,440,45,37
2024-03-10,5,3,579,347,45,20
2024-03-11,5,3,579,311,45,19
2024-03-12,5,3,579,441,45,36
2024-03-13,5,3,579,508,45,38
2024-03-14,5,3,579,324,45,31
2024-03-15,5,3,579,447,45,27
2024-03-16,5,3,579,455,45,27
2024-03-17,5,3,579,442,45,20
2024-03-18,5,3,579,335,45,34
2024-03-19,5,3,579,443,45,26
2024-03-20,5,3,579,445,45,38
2024-03-21,5,3,579,349,45,27
2024-03-22,5,3,579,307,45,21
2024-03-23,5,3,579,480,45,39
2024-03-24,5,3,579,452,45,36
2024-03-25,5,3,579,292,45,36
2024-03-26,5,3,579,448,45,23
2024-03-27,5,3,579,500,45,31
2024-03-28,5,3,579,405,45,23
2024-03-29,5,3,579,296,45,30
2024-03-30,5,3,579,364,45,32
2024-03-31,5,3,579,546,45,30
2024-04-01,5,3,579,549,45,19
2024-04-02,5,3,579,500,45,38
2024-04-03,5,3,579,539,45,28
2024-04-04,5,3,579,298,45,34
2024-04-05,5,3,579,398,45,42
2024-04-06,5,3,579,392,45,36
2024-04-07,5,3,579,517,45,25
2024-04-08,5,3,579,547,45,24
2024-04-09,5,3,579,492,45,40
2024-04-10,5,3,579,427,45,42
2024-04-11,5,3,579,522,45,35
2024-04-12,5,3,579,452,45,33
2024-04-13,5,3,579,379,45,31
2024-04-14,5,3,579,303,45,29
2024-04-15,5,3,579,414,45,31
2024-04-16,5,3,579,546,45,31
2024-04-17,5,3,579,313,45,19
2024-04-18,5,3,579,470,45,23
2024-04-19,5,3,579,483,45,23
2024-04-20,5,3,579,480,45,29
2024-04-21,5,3,579,397,45,25
2024-04-22,5,3,579,337,45,24
2024-04-23,5,3,579,529,45,42
2024-04-24,5,3,579,473,45,27
2024-04-25,5,3,579,330,45,25
2024-04-26,5,3,579,412,45,37
2024-04-27,5,3,579,370,45,39
2024-04-28,5,3,579,491,45,41
2024-04-29,5,3,579,332,45,42
2024-04-30,5,3,579,352,45,18
2024-05-01,5,3,579,547,45,39
2024-05-02,5,3,579,375,45,37
2024-05-03,5,3,579,334,45,29
2024-05-04,5,3,579,315,45,24
2024-05-05,5,3,579,463,45,41
2024-05-06,5,3,579,508,45,36
2024-05-07,5,3,579,455,45,20
2024-05-08,5,3,579,419,45,23
2024-05-09,5,3,579,442,45,19
2024-05-10,5,3,579,522,45,41
2024-05-11,5,3,579,525,45,27
2024-05-12,5,3,579,463,45,26
2024-05-13,5,3,579,513,45,34
2024-05-14,5,3,579,432,45,25
2024-05-15,5,3,579,320,45,34
2024-05-16,5,3,579,294,45,28
2024-05-17,5,3,579,335,45,29
2024-05-18,5,3,579,488,45,29
2024-05-19,5,3,579,415,45,37
2024-05-20,5,3,579,483,45,26
2024-05-21,5,3,579,453,45,27
2024-05-22,5,3,579,354,45,28
2024-05-23,5,3,579,337,45,20
2024-05-24,5,3,579,536,45,18
2024-05-25,5,3,579,451,45,37
2024-05-26,5,3,579,426,45,26
2024-05-27,5,3,579,479,45,19
2024-05-28,5,3,579,370,45,35
2024-05-29,5,3,579,462,45,36
2024-05-30,5,3,579,512,45,30
2024-05-31,5,3,579,320,45,25
2024-06-01,5,3,579,406,45,37
2024-06-02,5,3,579,508,45,36
2024-06-03,5,3,579,483,45,38
2024-06-04,5,3,579,311,45,35
2024-06-05,5,3,579,437,45,38
2024-06-06,5,3,579,385,45,38
2024-06-07,5,3,579,464,45,38
2024-06-08,5,3,579,406,45,28
2024-06-09,5,3,579,338,45,20
2024-06-10,5,3,579,549,45,26
2024-06-11,5,3,579,390,45,18
2024-06-12,5,3,579,543,45,26
2024-06-13,5,3,579,297,45,39
2024-06-14,5,3,579,461,45,36
2024-06-15,5,3,579,513,45,26
2024-06-16,5,3,579,315,45,39
2024-06-17,5,3,579,545,45,26
2024-06-18,5,3,579,544,45,34
2024-06-19,5,3,579,329,45,23
2024-06-20,5,3,579,388,45,28
2024-06-21,5,3,579,438,45,31
2024-06-22,5,3,579,389,45,40
2024-06-23,5,3,579,389,45,35
2024-06-24,5,3,579,470,45,42
2024-06-25,5,3,579,490,45,19
2024-06-26,5,3,579,508,45,36
2024-06-27,5,3,579,348,45,36
2024-06-28,5,3,579,496,45,19
2024-06-29,5,3,579,550,45,34
2024-06-30,5,3,579,403,45,29
2024-07-01,5,3,579,434,45,23
2024-07-02,5,3,579,475,45,42
2024-07-03,5,3,579,504,45,39
2024-07-04,5,3,579,453,45,32
2024-07-05,5,3,579,510,45,42
2024-07-06,5,3,579,379,45,24
2024-07-07,5,3,579,324,45,25
2024-07-08,5,3,579,435,45,32
2024-07-09,5,3,579,392,45,39
2024-07-10,5,3,579,431,45,39
2024-07-11,5,3,579,428,45,41
2024-07-12,5,3,579,435,45,28
2024-07-13,5,3,579,325,45,25
2024-07-14,5,3,579,307,45,21
2024-07-15,5,3,579,498,45,30
2024-07-16,5,3,579,293,45,33
2024-07-17,5,3,579,479,45,28
2024-07-18,5,3,579,362,45,25
2024-07-19,5,3,579,418,45,31
2024-07-20,5,3,579,544,45,40
2024-07-21,5,3,579,342,45,40
2024-07-22,5,3,579,502,45,18
2024-07-23,5,3,579,443,45,41
2024-07-24,5,3,579,400,45,20
2024-07-25,5,3,579,481,45,31
2024-07-26,5,3,579,417,45,33
2024-07-27,5,3,579,459,45,18
2024-07-28,5,3,579,505,45,18
2024-07-29,5,3,579,536,45,35
2024-07-30,5,3,579,536,45,30
2024-07-31,5,3,579,544,45,27
2024-08-01,5,3,579,532,45,39
2024-08-02,5,3,579,521,45,40
2024-08-03,5,3,579,418,45,39
2024-08-04,5,3,579,376,45,33
2024-08-05,5,3,579,350,45,23
2024-08-06,5,3,579,532,45,30
2024-08-07,5,3,579,500,45,24
2024-08-08,5,3,579,428,45,19
2024-08-09,5,3,579,379,45,18
2024-08-10,5,3,579,312,45,19
2024-08-11,5,3,579,457,45,31
2024-08-12,5,3,579,345,45,24
2024-08-13,5,3,579,547,45,33
2024-08-14,5,3,579,400,45,33
2024-08-15,5,3,579,524,45,30
2024-08-16,5,3,579,534,45,33
2024-08-17,5,3,579,527,45,34
2024-08-18,5,3,579,413,45,19
2024-08-19,5,3,579,341,45,41
2024-08-20,5,3,579,475,45,28
2024-08-21,5,3,579,491,45,32
2024-08-22,5,3,579,547,45,26
2024-08-23,5,3,579,422,45,39
2024-08-24,5,3,579,464,45,33
2024-08-25,5,3,579,335,45,29
2024-08-26,5,3,579,407,45,22
2024-08-27,5,3,579,523,45,34
2024-08-28,5,3,579,468,45,28
2024-08-29,5,3,579,413,45,26
2024-08-30,5,3,579,318,45,24
2024-08-31,5,3,579,323,45,24
2024-09-01,5,3,579,412,45,33
2024-09-02,5,3,579,503,45,21
2024-09-03,5,3,579,333,45,24
2024-09-04,5,3,579,328,45,19
2024-09-05,5,3,579,382,45,40
2024-09-06,5,3,579,393,45,31
2024-09-07,5,3,579,325,45,41
2024-09-08,5,3,579,374,45,33
2024-09-09,5,3,579,371,45,18
2024-09-10,5,3,579,354,45,19
2024-09-11,5,3,579,316,45,31
2024-09-12,5,3,579,427,45,33
2024-09-13,5,3,579,481,45,24
2024-09-14,5,3,579,334,45,22
2024-09-15,5,3,579,498,45,29
2024-09-16,5,3,579,294,45,35
2024-09-17,5,3,579,387,45,33
2024-09-18,5,3,579,509,45,37
2024-09-19,5,3,579,364,45,25
2024-09-20,5,3,579,305,45,21
2024-09-21,5,3,579,467,45,40
2024-09-22,5,3,579,413,45,20
2024-09-23,5,3,579,387,45,30
2024-09-24,5,3,579,329,45,35
2024-09-25,5,3,579,305,45,24
2024-09-26,5,3,579,468,45,36
2024-09-27,5,3,579,339,45,21
2024-09-28,5,3,579,320,45,25
2024-09-29,5,3,579,333,45,22
2024-09-30,5,3,579,335,45,40
2024-10-01,5,3,579,543,45,26
2024-10-02,5,3,579,396,45,26
2024-10-03,5,3,579,307,45,22
2024-10-04,5,3,579,314,45,26
2024-10-05,5,3,579,374,45,41
2024-10-06,5,3,579,368,45,34
2024-10-07,5,3,579,532,45,41
2024-10-08,5,3,579,494,45,28
2024-10-09,5,3,579,391,45,42
2024-10-10,5,3,579,519,45,37
2024-10-11,5,3,579,372,45,40
2024-10-12,5,3,579,475,45,30
2024-10-13,5,3,579,484,45,27
2024-10-14,5,3,579,385,45,21
2024-10-15,5,3,579,317,45,23
2024-10-16,5,3,579,483,45,20
2024-10-17,5,3,579,525,45,28
2024-10-18,5,3,579,397,45,19
2024-10-19,5,3,579,323,45,21
2024-10-20,5,3,579,547,45,33
2024-10-21,5,3,579,427,45,22
2024-10-22,5,3,579,346,45,28
2024-10-23,5,3,579,400,45,31
2024-10-24,5,3,579,356,45,28
2024-10-25,5,3,579,447,45,26
2024-10-26,5,3,579,401,45,18
2024-10-27,5,3,579,529,45,32
2024-10-28,5,3,579,545,45,28
2024-10-29,5,3,579,450,45,26
2024-10-30,5,3,579,454,45,30
2024-10-31,5,3,579,432,45,18
2024-11-01,5,3,579,529,45,28
2024-11-02,5,3,579,463,45,26
2024-11-03,5,3,579,467,45,31
2024-11-04,5,3,579,421,45,18
2024-11-05,5,3,579,508,45,21
2024-11-06,5,3,579,369,45,18
2024-11-07,5,3,579,537,45,39
2024-11-08,5,3,579,317,45,41
2024-11-09,5,3,579,294,45,32
2024-11-10,5,3,579,388,45,23
2024-11-11,5,3,579,429,45,33
2024-11-12,5,3,579,334,45,34
2024-11-13,5,3,579,401,45,19
2024-11-14,5,3,579,544,45,34
2024-11-15,5,3,579,392,45,22
2024-11-16,5,3,579,530,45,33
2024-11-17,5,3,579,338,45,35
2024-11-18,5,3,579,514,45,41
2024-11-19,5,3,579,485,45,35
2024-11-20,5,3,579,399,45,29
2024-11-21,5,3,579,441,45,18
2024-11-22,5,3,579,475,45,42
2024-11-23,5,3,579,496,45,26
2024-11-24,5,3,579,438,45,42
2024-11-25,5,3,579,389,45,20
2024-11-26,5,3,579,368,45,41
2024-11-27,5,3,579,431,45,30
2024-11-28,5,3,579,464,45,25
2024-11-29,5,3,579,312,45,37
2024-11-30,5,3,579,420,45,36
2024-12-01,5,3,579,409,45,23
2024-12-02,5,3,579,486,45,42
2024-12-03,5,3,579,375,45,38
2024-12-04,5,3,579,449,45,23
2024-12-05,5,3,579,512,45,28
2024-12-06,5,3,579,353,45,40
2024-12-07,5,3,579,457,45,33
2024-12-08,5,3,579,418,45,25
2024-12-09,5,3,579,454,45,19
2024-12-10,5,3,579,547,45,25
2024-12-11,5,3,579,363,45,29
2024-12-12,5,3,579,310,45,19
2024-12-13,5,3,579,378,45,38
2024-12-14,5,3,579,462,45,23
2024-12-15,5,3,579,419,45,29
2024-12-16,5,3,579,431,45,38
2024-12-17,5,3,579,340,45,36
2024-12-18,5,3,579,494,45,21
2024-12-19,5,3,579,397,45,30
2024-12-20,5,3,579,504,45,21
2024-12-21,5,3,579,302,45,18
2024-12-22,5,3,579,352,45,29
2024-12-23,5,3,579,347,45,29
2024-12-24,5,3,579,485,45,19
2024-12-25,5,3,579,499,45,39
2024-12-26,5,3,579,424,45,19
2024-12-27,5,3,579,375,45,22
2024-12-28,5,3,579,406,45,33
2024-12-29,5,3,579,312,45,18
2024-12-30,5,3,579,418,45,20
2024-12-31,5,3,579,445,45,23
2023-01-01,5,4,579,509,45,42
2023-01-02,5,4,579,300,45,32
2023-01-03,5,4,579,458,45,32
2023-01-04,5,4,579,460,45,42
2023-01-05,5,4,579,537,45,36
2023-01-06,5,4,579,391,45,42
2023-01-07,5,4,579,377,45,42
2023-01-08,5,4,579,303,45,30
2023-01-09,5,4,579,464,45,31
2023-01-10,5,4,579,305,45,41
2023-01-11,5,4,579,418,45,23
2023-01-12,5,4,579,524,45,36
2023-01-13,5,4,579,361,45,23
2023-01-14,5,4,579,325,45,26
2023-01-15,5,4,579,339,45,41
2023-01-16,5,4,579,387,45,31
2023-01-17,5,4,579,516,45,24
2023-01-18,5,4,579,372,45,26
2023-01-19,5,4,579,406,45,19
2023-01-20,5,4,579,450,45,30
2023-01-21,5,4,579,306,45,33
2023-01-22,5,4,579,490,45,39
2023-01-23,5,4,579,412,45,19
2023-01-24,5,4,579,538,45,32
2023-01-25,5,4,579,496,45,41
2023-01-26,5,4,579,483,45,20
2023-01-27,5,4,579,542,45,28
2023-01-28,5,4,579,534,45,29
2023-01-29,5,4,579,484,45,36
2023-01-30,5,4,579,512,45,25
2023-01-31,5,4,579,361,45,21
2023-02-01,5,4,579,458,45,31
2023-02-02,5,4,579,337,45,40
2023-02-03,5,4,579,441,45,31
2023-02-04,5,4,579,311,45,23
2023-02-05,5,4,579,326,45,28
2023-02-06,5,4,579,321,45,28
2023-02-07,5,4,579,539,45,34
2023-02-08,5,4,579,453,45,19
2023-02-09,5,4,579,319,45,18
2023-02-10,5,4,579,381,45,27
2023-02-11,5,4,579,395,45,37
2023-02-12,5,4,579,409,45,35
2023-02-13,5,4,579,465,45,39
2023-02-14,5,4,579,306,45,25
2023-02-15,5,4,579,308,45,23
2023-02-16,5,4,579,500,45,27
2023-02-17,5,4,579,430,45,33
2023-02-18,5,4,579,424,45,25
2023-02-19,5,4,579,479,45,31
2023-02-20,5,4,579,538,45,37
2023-02-21,5,4,579,489,45,29
2023-02-22,5,4,579,503,45,40
2023-02-23,5,4,579,399,45,31
2023-02-24,5,4,579,374,45,28
2023-02-25,5,4,579,436,45,28
2023-02-26,5,4,579,434,45,31
2023-02-27,5,4,579,440,45,34
2023-02-28,5,4,579,506,45,23
2023-03-01,5,4,579,430,45,42
2023-03-02,5,4,579,542,45,36
2023-03-03,5,4,579,307,45,36
2023-03-04,5,4,579,412,45,28
2023-03-05,5,4,579,466,45,39
2023-03-06,5,4,579,314,45,39
2023-03-07,5,4,579,525,45,18
2023-03-08,5,4,579,403,45,26
2023-03-09,5,4,579,483,45,41
2023-03-10,5,4,579,290,45,38
2023-03-11,5,4,579,489,45,31
2023-03-12,5,4,579,419,45,35
2023-03-13,5,4,579,374,45,22
2023-03-14,5,4,579,474,45,30
2023-03-15,5,4,579,526,45,40
2023-03-16,5,4,579,346,45,24
2023-03-17,5,4,579,474,45,37
2023-03-18,5,4,579,507,45,22
2023-03-19,5,4,579,512,45,29
2023-03-20,5,4,579,533,45,18
2023-03-21,5,4,579,390,45,19
2023-03-22,5,4,579,437,45,34
2023-03-23,5,4,579,454,45,34
2023-03-24,5,4,579,400,45,23
2023-03-25,5,4,579,463,45,22
2023-03-26,5,4,579,316,45,20
2023-03-27,5,4,579,349,45,18
2023-03-28,5,4,579,325,45,29
2023-03-29,5,4,579,497,45,28
2023-03-30,5,4,579,294,45,26
2023-03-31,5,4,579,504,45,28
2023-04-01,5,4,579,325,45,34
2023-04-02,5,4,579,433,45,30
2023-04-03,5,4,579,546,45,19
2023-04-04,5,4,579,532,45,42
2023-04-05,5,4,579,348,45,41
2023-04-06,5,4,579,399,45,24
2023-04-07,5,4,579,331,45,32
2023-04-08,5,4,579,378,45,42
2023-04-09,5,4,579,545,45,38
2023-04-10,5,4,579,434,45,28
2023-04-11,5,4,579,518,45,36
2023-04-12,5,4,579,322,45,37
2023-04-13,5,4,579,382,45,42
2023-04-14,5,4,579,494,45,19
2023-04-15,5,4,579,465,45,19
2023-04-16,5,4,579,498,45,35
2023-04-17,5,4,579,405,45,38
2023-04-18,5,4,579,401,45,37
2023-04-19,5,4,579,425,45,31
2023-04-20,5,4,579,428,45,19
2023-04-21,5,4,579,309,45,29
2023-04-22,5,4,579,433,45,36
2023-04-23,5,4,579,335,45,24
2023-04-24,5,4,579,487,45,31
2023-04-25,5,4,579,403,45,22
2023-04-26,5,4,579,307,45,41
2023-04-27,5,4,579,343,45,42
2023-04-28,5,4,579,323,45,42
2023-04-29,5,4,579,343,45,42
2023-04-30,5,4,579,388,45,27
2023-05-01,5,4,579,394,45,20
2023-05-02,5,4,579,467,45,19
2023-05-03,5,4,579,332,45,33
2023-05-04,5,4,579,548,45,41
2023-05-05,5,4,579,423,45,35
2023-05-06,5,4,579,374,45,27
2023-05-07,5,4,579,347,45,34
2023-05-08,5,4,579,348,45,23
2023-05-09,5,4,579,539,45,41
2023-05-10,5,4,579,315,45,35
2023-05-11,5,4,579,386,45,37
2023-05-12,5,4,579,372,45,26
2023-05-13,5,4,579,417,45,35
2023-05-14,5,4,579,415,45,36
2023-05-15,5,4,579,469,45,28
2023-05-16,5,4,579,423,45,31
2023-05-17,5,4,579,514,45,42
2023-05-18,5,4,579,370,45,21
2023-05-19,5,4,579,291,45,32
2023-05-20,5,4,579,387,45,38
2023-05-21,5,4,579,488,45,36
2023-05-22,5,4,579,515,45,40
2023-05-23,5,4,579,436,45,20
2023-05-24,5,4,579,532,45,33
2023-05-25,5,4,579,364,45,18
2023-05-26,5,4,579,449,45,29
2023-05-27,5,4,579,370,45,19
2023-05-28,5,4,579,374,45,32
2023-05-29,5,4,579,366,45,26
2023-05-30,5,4,579,524,45,22
2023-05-31,5,4,579,455,45,23
2023-06-01,5,4,579,499,45,22
2023-06-02,5,4,579,382,45,30
2023-06-03,5,4,579,456,45,25
2023-06-04,5,4,579,456,45,27
2023-06-05,5,4,579,512,45,18
2023-06-06,5,4,579,319,45,33
2023-06-07,5,4,579,392,45,23
2023-06-08,5,4,579,315,45,26
2023-06-09,5,4,579,299,45,28
2023-06-10,5,4,579,482,45,30
2023-06-11,5,4,579,520,45,22
2023-06-12,5,4,579,529,45,18
2023-06-13,5,4,579,501,45,42
2023-06-14,5,4,579,514,45,23
2023-06-15,5,4,579,318,45,21
2023-06-16,5,4,579,427,45,27
2023-06-17,5,4,579,462,45,24
2023-06-18,5,4,579,437,45,19
2023-06-19,5,4,579,360,45,33
2023-06-20,5,4,579,336,45,20
2023-06-21,5,4,579,293,45,37
2023-06-22,5,4,579,442,45,30
2023-06-23,5,4,579,463,45,35
2023-06-24,5,4,579,426,45,27
2023-06-25,5,4,579,439,45,21
2023-06-26,5,4,579,336,45,19
2023-06-27,5,4,579,367,45,29
2023-06-28,5,4,579,394,45,40
2023-06-29,5,4,579,530,45,21
2023-06-30,5,4,579,472,45,40
2023-07-01,5,4,579,537,45,26
2023-07-02,5,4,579,530,45,25
2023-07-03,5,4,579,464,45,27
2023-07-04,5,4,579,399,45,29
2023-07-05,5,4,579,501,45,23
2023-07-06,5,4,579,333,45,35
2023-07-07,5,4,579,498,45,35
2023-07-08,5,4,579,306,45,38
2023-07-09,5,4,579,370,45,35
2023-07-10,5,4,579,482,45,32
2023-07-11,5,4,579,406,45,33
2023-07-12,5,4,579,532,45,33
2023-07-13,5,4,579,391,45,22
2023-07-14,5,4,579,540,45,24
2023-07-15,5,4,579,365,45,42
2023-07-16,5,4,579,334,45,32
2023-07-17,5,4,579,314,45,34
2023-07-18,5,4,579,328,45,20
2023-07-19,5,4,579,455,45,37
2023-07-20,5,4,579,316,45,27
2023-07-21,5,4,579,494,45,36
2023-07-22,5,4,579,344,45,31
2023-07-23,5,4,579,393,45,29
2023-07-24,5,4,579,320,45,20
2023-07-25,5,4,579,533,45,38
2023-07-26,5,4,579,328,45,36
2023-07-27,5,4,579,429,45,41
2023-07-28,5,4,579,455,45,40
2023-07-29,5,4,579,371,45,19
2023-07-30,5,4,579,420,45,40
2023-07-31,5,4,579,297,45,28
2023-08-01,5,4,579,440,45,33
2023-08-02,5,4,579,312,45,19
2023-08-03,5,4,579,307,45,20
2023-08-04,5,4,579,461,45,28
2023-08-05,5,4,579,290,45,25
2023-08-06,5,4,579,475,45,35
2023-08-07,5,4,579,505,45,28
2023-08-08,5,4,579,342,45,29
2023-08-09,5,4,579,436,45,20
2023-08-10,5,4,579,394,45,30
2023-08-11,5,4,579,410,45,24
2023-08-12,5,4,579,445,45,25
2023-08-13,5,4,579,339,45,23
2023-08-14,5,4,579,537,45,38
2023-08-15,5,4,579,459,45,39
2023-08-16,5,4,579,424,45,37
2023-08-17,5,4,579,492,45,37
2023-08-18,5,4,579,488,45,31
2023-08-19,5,4,579,309,45,34
2023-08-20,5,4,579,330,45,26
2023-08-21,5,4,579,413,45,25
2023-08-22,5,4,579,476,45,37
2023-08-23,5,4,579,334,45,21
2023-08-24,5,4,579,466,45,30
2023-08-25,5,4,579,431,45,35
2023-08-26,5,4,579,517,45,41
2023-08-27,5,4,579,291,45,25
2023-08-28,5,4,579,306,45,40
2023-08-29,5,4,579,470,45,20
2023-08-30,5,4,579,468,45,20
2023-08-31,5,4,579,545,45,19
2023-09-01,5,4,579,375,45,41
2023-09-02,5,4,579,493,45,24
2023-09-03,5,4,579,299,45,20
2023-09-04,5,4,579,481,45,23
2023-09-05,5,4,579,297,45,29
2023-09-06,5,4,579,471,45,21
2023-09-07,5,4,579,392,45,32
2023-09-08,5,4,579,313,45,21
2023-09-09,5,4,579,516,45,22
2023-09-10,5,4,579,296,45,28
2023-09-11,5,4,579,448,45,27
2023-09-12,5,4,579,381,45,18
2023-09-13,5,4,579,380,45,25
2023-09-14,5,4,579,353,45,29
2023-09-15,5,4,579,366,45,38
2023-09-16,5,4,579,358,45,35
2023-09-17,5,4,579,424,45,42
2023-09-18,5,4,579,467,45,28
2023-09-19,5,4,579,483,45,20
2023-09-20,5,4,579,370,45,38
2023-09-21,5,4,579,446,45,38
2023-09-22,5,4,579,306,45,21
2023-09-23,5,4,579,296,45,39
2023-09-24,5,4,579,480,45,42
2023-09-25,5,4,579,387,45,42
2023-09-26,5,4,579,494,45,20
2023-09-27,5,4,579,514,45,27
2023-09-28,5,4,579,499,45,42
2023-09-29,5,4,579,507,45,34
2023-09-30,5,4,579,421,45,24
2023-10-01,5,4,579,478,45,34
2023-10-02,5,4,579,413,45,29
2023-10-03,5,4,579,480,45,35
2023-10-04,5,4,579,487,45,20
2023-10-05,5,4,579,523,45,38
2023-10-06,5,4,579,333,45,18
2023-10-07,5,4,579,366,45,21
2023-10-08,5,4,579,452,45,38
2023-10-09,5,4,579,320,45,26
2023-10-10,5,4,579,357,45,33
2023-10-11,5,4,579,529,45,27
2023-10-12,5,4,579,535,45,22
2023-10-13,5,4,579,413,45,42
2023-10-14,5,4,579,308,45,32
2023-10-15,5,4,579,344,45,39
2023-10-16,5,4,579,504,45,34
2023-10-17,5,4,579,357,45,30
2023-10-18,5,4,579,318,45,29
2023-10-19,5,4,579,356,45,20
2023-10-20,5,4,579,451,45,42
2023-10-21,5,4,579,511,45,41
2023-10-22,5,4,579,532,45,26
2023-10-23,5,4,579,469,45,19
2023-10-24,5,4,579,469,45,18
2023-10-25,5,4,579,326,45,19
2023-10-26,5,4,579,523,45,41
2023-10-27,5,4,579,427,45,27
2023-10-28,5,4,579,542,45,30
2023-10-29,5,4,579,409,45,40
2023-10-30,5,4,579,469,45,32
2023-10-31,5,4,579,355,45,41
2023-11-01,5,4,579,366,45,42
2023-11-02,5,4,579,363,45,32
2023-11-03,5,4,579,353,45,39
2023-11-04,5,4,579,495,45,37
2023-11-05,5,4,579,431,45,42
2023-11-06,5,4,579,328,45,40
2023-11-07,5,4,579,522,45,41
2023-11-08,5,4,579,441,45,25
2023-11-09,5,4,579,494,45,36
2023-11-10,5,4,579,338,45,26
2023-11-11,5,4,579,374,45,23
2023-11-12,5,4,579,360,45,28
2023-11-13,5,4,579,374,45,41
2023-11-14,5,4,579,401,45,37
2023-11-15,5,4,579,500,45,38
2023-11-16,5,4,579,516,45,36
2023-11-17,5,4,579,368,45,32
2023-11-18,5,4,579,382,45,37
2023-11-19,5,4,579,351,45,18
2023-11-20,5,4,579,343,45,25
2023-11-21,5,4,579,490,45,32
2023-11-22,5,4,579,342,45,31
2023-11-23,5,4,579,345,45,20
2023-11-24,5,4,579,439,45,21
2023-11-25,5,4,579,347,45,36
2023-11-26,5,4,579,321,45,23
2023-11-27,5,4,579,314,45,40
2023-11-28,5,4,579,429,45,20
2023-11-29,5,4,579,354,45,39
2023-11-30,5,4,579,315,45,41
2023-12-01,5,4,579,433,45,38
2023-12-02,5,4,579,513,45,21
2023-12-03,5,4,579,451,45,32
2023-12-04,5,4,579,382,45,40
2023-12-05,5,4,579,331,45,35
2023-12-06,5,4,579,368,45,41
2023-12-07,5,4,579,453,45,28
2023-12-08,5,4,579,450,45,32
2023-12-09,5,4,579,356,45,21
2023-12-10,5,4,579,318,45,23
2023-12-11,5,4,579,512,45,26
2023-12-12,5,4,579,519,45,30
2023-12-13,5,4,579,371,45,39
2023-12-14,5,4,579,520,45,33
2023-12-15,5,4,579,351,45,33
2023-12-16,5,4,579,534,45,22
2023-12-17,5,4,579,323,45,20
2023-12-18,5,4,579,459,45,30
2023-12-19,5,4,579,516,45,38
2023-12-20,5,4,579,348,45,31
2023-12-21,5,4,579,544,45,35
2023-12-22,5,4,579,330,45,31
2023-12-23,5,4,579,490,45,35
2023-12-24,5,4,579,326,45,32
2023-12-25,5,4,579,359,45,33
2023-12-26,5,4,579,366,45,18
2023-12-27,5,4,579,364,45,33
2023-12-28,5,4,579,419,45,29
2023-12-29,5,4,579,536,45,19
2023-12-30,5,4,579,408,45,23
2023-12-31,5,4,579,496,45,27
2024-01-01,5,4,579,306,45,32
2024-01-02,5,4,579,410,45,25
2024-01-03,5,4,579,290,45,31
2024-01-04,5,4,579,336,45,29
2024-01-05,5,4,579,381,45,40
2024-01-06,5,4,579,530,45,39
2024-01-07,5,4,579,548,45,19
2024-01-08,5,4,579,290,45,24
2024-01-09,5,4,579,540,45,28
2024-01-10,5,4,579,485,45,27
2024-01-11,5,4,579,415,45,28
2024-01-12,5,4,579,337,45,28
2024-01-13,5,4,579,532,45,39
2024-01-14,5,4,579,505,45,31
2024-01-15,5,4,579,371,45,18
2024-01-16,5,4,579,465,45,35
2024-01-17,5,4,579,458,45,19
2024-01-18,5,4,579,331,45,33
2024-01-19,5,4,579,520,45,40
2024-01-20,5,4,579,441,45,34
2024-01-21,5,4,579,495,45,28
2024-01-22,5,4,579,526,45,33
2024-01-23,5,4,579,360,45,40
2024-01-24,5,4,579,351,45,32
2024-01-25,5,4,579,435,45,31
2024-01-26,5,4,579,342,45,30
2024-01-27,5,4,579,346,45,29
2024-01-28,5,4,579,412,45,32
2024-01-29,5,4,579,550,45,27
2024-01-30,5,4,579,316,45,30
2024-01-31,5,4,579,318,45,39
2024-02-01,5,4,579,436,45,31
2024-02-02,5,4,579,359,45,35
2024-02-03,5,4,579,516,45,25
2024-02-04,5,4,579,379,45,40
2024-02-05,5,4,579,403,45,37
2024-02-06,5,4,579,316,45,26
2024-02-07,5,4,579,312,45,29
2024-02-08,5,4,579,469,45,18
2024-02-09,5,4,579,393,45,18
2024-02-10,5,4,579,506,45,39
2024-02-11,5,4,579,360,45,32
2024-02-12,5,4,579,368,45,23
2024-02-13,5,4,579,310,45,32
2024-02-14,5,4,579,467,45,35
2024-02-15,5,4,579,424,45,22
2024-02-16,5,4,579,343,45,39
2024-02-17,5,4,579,437,45,27
2024-02-18,5,4,579,370,45,42
2024-02-19,5,4,579,492,45,32
2024-02-20,5,4,579,405,45,40
2024-02-21,5,4,579,531,45,36
2024-02-22,5,4,579,315,45,31
2024-02-23,5,4,579,303,45,37
2024-02-24,5,4,579,400,45,29
2024-02-25,5,4,579,404,45,18
2024-02-26,5,4,579,457,45,31
2024-02-27,5,4,579,456,45,34
2024-02-28,5,4,579,486,45,38
2024-02-29,5,4,579,450,45,22
2024-03-01,5,4,579,485,45,25
2024-03-02,5,4,579,295,45,21
2024-03-03,5,4,579,298,45,31
2024-03-04,5,4,579,351,45,33
2024-03-05,5,4,579,408,45,25
2024-03-06,5,4,579,352,45,18
2024-03-07,5,4,579,497,45,32
2024-03-08,5,4,579,546,45,34
2024-03-09,5,4,579,489,45,40
2024-03-10,5,4,579,428,45,41
2024-03-11,5,4,579,546,45,26
2024-03-12,5,4,579,466,45,31
2024-03-13,5,4,579,502,45,24
2024-03-14,5,4,579,532,45,26
2024-03-15,5,4,579,486,45,29
2024-03-16,5,4,579,485,45,37
2024-03-17,5,4,579,487,45,37
2024-03-18,5,4,579,396,45,26
2024-03-19,5,4,579,523,45,32
2024-03-20,5,4,579,509,45,31
2024-03-21,5,4,579,441,45,39
2024-03-22,5,4,579,302,45,21
2024-03-23,5,4,579,500,45,28
2024-03-24,5,4,579,442,45,23
2024-03-25,5,4,579,316,45,39
2024-03-26,5,4,579,297,45,40
2024-03-27,5,4,579,330,45,22
2024-03-28,5,4,579,393,45,36
2024-03-29,5,4,579,550,45,19
2024-03-30,5,4,579,358,45,37
2024-03-31,5,4,579,325,45,36
2024-04-01,5,4,579,388,45,24
2024-04-02,5,4,579,399,45,23
2024-04-03,5,4,579,415,45,19
2024-04-04,5,4,579,526,45,21
2024-04-05,5,4,579,373,45,27
2024-04-06,5,4,579,385,45,27
2024-04-07,5,4,579,470,45,38
2024-04-08,5,4,579,362,45,39
2024-04-09,5,4,579,447,45,39
2024-04-10,5,4,579,409,45,25
2024-04-11,5,4,579,502,45,22
2024-04-12,5,4,579,302,45,36
2024-04-13,5,4,579,340,45,20
2024-04-14,5,4,579,382,45,38
2024-04-15,5,4,579,385,45,42
2024-04-16,5,4,579,536,45,28
2024-04-17,5,4,579,526,45,36
2024-04-18,5,4,579,541,45,22
2024-04-19,5,4,579,396,45,31
2024-04-20,5,4,579,364,45,19
2024-04-21,5,4,579,485,45,32
2024-04-22,5,4,579,486,45,21
2024-04-23,5,4,579,495,45,37
2024-04-24,5,4,579,495,45,41
2024-04-25,5,4,579,516,45,36
2024-04-26,5,4,579,352,45,42
2024-04-27,5,4,579,395,45,41
2024-04-28,5,4,579,489,45,32
2024-04-29,5,4,579,487,45,27
2024-04-30,5,4,579,366,45,20
2024-05-01,5,4,579,485,45,31
2024-05-02,5,4,579,453,45,41
2024-05-03,5,4,579,487,45,37
2024-05-04,5,4,579,431,45,35
2024-05-05,5,4,579,434,45,42
2024-05-06,5,4,579,505,45,24
2024-05-07,5,4,579,506,45,22
2024-05-08,5,4,579,292,45,37
2024-05-09,5,4,579,491,45,24
2024-05-10,5,4,579,371,45,39
2024-05-11,5,4,579,544,45,18
2024-05-12,5,4,579,361,45,22
2024-05-13,5,4,579,412,45,21
2024-05-14,5,4,579,537,45,28
2024-05-15,5,4,579,302,45,19
2024-05-16,5,4,579,382,45,29
2024-05-17,5,4,579,519,45,32
2024-05-18,5,4,579,533,45,41
2024-05-19,5,4,579,343,45,24
2024-05-20,5,4,579,312,45,41
2024-05-21,5,4,579,483,45,37
2024-05-22,5,4,579,344,45,40
2024-05-23,5,4,579,535,45,24
2024-05-24,5,4,579,442,45,40
2024-05-25,5,4,579,406,45,38
2024-05-26,5,4,579,313,45,33
2024-05-27,5,4,579,471,45,21
2024-05-28,5,4,579,432,45,42
2024-05-29,5,4,579,469,45,23
2024-05-30,5,4,579,439,45,22
2024-05-31,5,4,579,529,45,23
2024-06-01,5,4,579,503,45,20
2024-06-02,5,4,579,353,45,41
2024-06-03,5,4,579,531,45,40
2024-06-04,5,4,579,304,45,41
2024-06-05,5,4,579,417,45,26
2024-06-06,5,4,579,319,45,38
2024-06-07,5,4,579,528,45,34
2024-06-08,5,4,579,542,45,20
2024-06-09,5,4,579,317,45,29
2024-06-10,5,4,579,341,45,29
2024-06-11,5,4,579,315,45,30
2024-06-12,5,4,579,472,45,41
2024-06-13,5,4,579,448,45,32
2024-06-14,5,4,579,523,45,19
2024-06-15,5,4,579,504,45,23
2024-06-16,5,4,579,402,45,37
2024-06-17,5,4,579,533,45,26
2024-06-18,5,4,579,352,45,40
2024-06-19,5,4,579,459,45,24
2024-06-20,5,4,579,442,45,19
2024-06-21,5,4,579,378,45,24
2024-06-22,5,4,579,438,45,26
2024-06-23,5,4,579,383,45,23
2024-06-24,5,4,579,542,45,40
2024-06-25,5,4,579,489,45,28
2024-06-26,5,4,579,502,45,39
2024-06-27,5,4,579,454,45,23
2024-06-28,5,4,579,303,45,31
2024-06-29,5,4,579,303,45,42
2024-06-30,5,4,579,525,45,21
2024-07-01,5,4,579,444,45,26
2024-07-02,5,4,579,496,45,23
2024-07-03,5,4,579,368,45,31
2024-07-04,5,4,579,475,45,27
2024-07-05,5,4,579,304,45,27
2024-07-06,5,4,579,525,45,31
2024-07-07,5,4,579,337,45,35
2024-07-08,5,4,579,374,45,30
2024-07-09,5,4,579,340,45,19
2024-07-10,5,4,579,398,45,25
2024-07-11,5,4,579,347,45,30
2024-07-12,5,4,579,294,45,27
2024-07-13,5,4,579,471,45,41
2024-07-14,5,4,579,352,45,22
2024-07-15,5,4,579,490,45,29
2024-07-16,5,4,579,373,45,39
2024-07-17,5,4,579,478,45,34
2024-07-18,5,4,579,550,45,22
2024-07-19,5,4,579,397,45,33
2024-07-20,5,4,579,325,45,26
2024-07-21,5,4,579,438,45,28
2024-07-22,5,4,579,463,45,23
2024-07-23,5,4,579,384,45,37
2024-07-24,5,4,579,471,45,29
2024-07-25,5,4,579,442,45,25
2024-07-26,5,4,579,400,45,34
2024-07-27,5,4,579,439,45,19
2024-07-28,5,4,579,459,45,34
2024-07-29,5,4,579,492,45,18
2024-07-30,5,4,579,537,45,41
2024-07-31,5,4,579,380,45,41
2024-08-01,5,4,579,497,45,30
2024-08-02,5,4,579,337,45,18
2024-08-03,5,4,579,399,45,18
2024-08-04,5,4,579,469,45,22
2024-08-05,5,4,579,456,45,29
2024-08-06,5,4,579,438,45,28
2024-08-07,5,4,579,387,45,41
2024-08-08,5,4,579,303,45,26
2024-08-09,5,4,579,480,45,19
2024-08-10,5,4,579,389,45,23
2024-08-11,5,4,579,462,45,31
2024-08-12,5,4,579,343,45,33
2024-08-13,5,4,579,292,45,27
2024-08-14,5,4,579,356,45,20
2024-08-15,5,4,579,473,45,38
2024-08-16,5,4,579,326,45,25
2024-08-17,5,4,579,296,45,28
2024-08-18,5,4,579,334,45,32
2024-08-19,5,4,579,394,45,36
2024-08-20,5,4,579,328,45,24
2024-08-21,5,4,579,508,45,37
2024-08-22,5,4,579,368,45,30
2024-08-23,5,4,579,304,45,18
2024-08-24,5,4,579,489,45,31
2024-08-25,5,4,579,482,45,23
2024-08-26,5,4,579,303,45,27
2024-08-27,5,4,579,358,45,19
2024-08-28,5,4,579,431,45,20
2024-08-29,5,4,579,364,45,19
2024-08-30,5,4,579,292,45,28
2024-08-31,5,4,579,476,45,38
2024-09-01,5,4,579,508,45,27
2024-09-02,5,4,579,505,45,33
2024-09-03,5,4,579,350,45,23
2024-09-04,5,4,579,408,45,24
2024-09-05,5,4,579,442,45,19
2024-09-06,5,4,579,495,45,25
2024-09-07,5,4,579,493,45,21
2024-09-08,5,4,579,331,45,41
2024-09-09,5,4,579,329,45,26
2024-09-10,5,4,579,406,45,30
2024-09-11,5,4,579,494,45,22
2024-09-12,5,4,579,550,45,26
2024-09-13,5,4,579,453,45,19
2024-09-14,5,4,579,306,45,24
2024-09-15,5,4,579,443,45,34
2024-09-16,5,4,579,487,45,18
2024-09-17,5,4,579,294,45,41
2024-09-18,5,4,579,471,45,38
2024-09-19,5,4,579,389,45,25
2024-09-20,5,4,579,325,45,36
2024-09-21,5,4,579,429,45,25
2024-09-22,5,4,579,307,45,28
2024-09-23,5,4,579,298,45,25
2024-09-24,5,4,579,354,45,18
2024-09-25,5,4,579,325,45,30
2024-09-26,5,4,579,435,45,41
2024-09-27,5,4,579,379,45,31
2024-09-28,5,4,579,388,45,28
2024-09-29,5,4,579,470,45,24
2024-09-30,5,4,579,421,45,22
2024-10-01,5,4,579,528,45,38
2024-10-02,5,4,579,374,45,39
2024-10-03,5,4,579,418,45,27
2024-10-04,5,4,579,432,45,19
2024-10-05,5,4,579,410,45,29
2024-10-06,5,4,579,409,45,29
2024-10-07,5,4,579,363,45,37
2024-10-08,5,4,579,486,45,29
2024-10-09,5,4,579,451,45,41
2024-10-10,5,4,579,498,45,37
2024-10-11,5,4,579,507,45,20
2024-10-12,5,4,579,462,45,33
2024-10-13,5,4,579,300,45,21
2024-10-14,5,4,579,377,45,31
2024-10-15,5,4,579,531,45,32
2024-10-16,5,4,579,319,45,28
2024-10-17,5,4,579,298,45,32
2024-10-18,5,4,579,292,45,41
2024-10-19,5,4,579,289,45,37
2024-10-20,5,4,579,392,45,40
2024-10-21,5,4,579,499,45,20
2024-10-22,5,4,579,349,45,36
2024-10-23,5,4,579,332,45,32
2024-10-24,5,4,579,448,45,29
2024-10-25,5,4,579,510,45,39
2024-10-26,5,4,579,546,45,42
2024-10-27,5,4,579,500,45,28
2024-10-28,5,4,579,399,45,23
2024-10-29,5,4,579,537,45,31
2024-10-30,5,4,579,434,45,35
2024-10-31,5,4,579,473,45,30
2024-11-01,5,4,579,289,45,25
2024-11-02,5,4,579,451,45,18
2024-11-03,5,4,579,310,45,38
2024-11-04,5,4,579,431,45,42
2024-11-05,5,4,579,486,45,18
2024-11-06,5,4,579,537,45,22
2024-11-07,5,4,579,381,45,21
2024-11-08,5,4,579,454,45,41
2024-11-09,5,4,579,322,45,42
2024-11-10,5,4,579,404,45,24
2024-11-11,5,4,579,407,45,18
2024-11-12,5,4,579,530,45,38
2024-11-13,5,4,579,289,45,40
2024-11-14,5,4,579,480,45,31
2024-11-15,5,4,579,467,45,42
2024-11-16,5,4,579,391,45,42
2024-11-17,5,4,579,458,45,26
2024-11-18,5,4,579,378,45,23
2024-11-19,5,4,579,483,45,28
2024-11-20,5,4,579,472,45,23
2024-11-21,5,4,579,344,45,31
2024-11-22,5,4,579,384,45,22
2024-11-23,5,4,579,541,45,29
2024-11-24,5,4,579,457,45,29
2024-11-25,5,4,579,515,45,34
2024-11-26,5,4,579,300,45,32
2024-11-27,5,4,579,537,45,21
2024-11-28,5,4,579,379,45,30
2024-11-29,5,4,579,493,45,29
2024-11-30,5,4,579,543,45,29
2024-12-01,5,4,579,498,45,41
2024-12-02,5,4,579,328,45,23
2024-12-03,5,4,579,432,45,33
2024-12-04,5,4,579,462,45,34
2024-12-05,5,4,579,388,45,24
2024-12-06,5,4,579,455,45,28
2024-12-07,5,4,579,550,45,22
2024-12-08,5,4,579,531,45,37
2024-12-09,5,4,579,478,45,42
2024-12-10,5,4,579,343,45,23
2024-12-11,5,4,579,450,45,21
2024-12-12,5,4,579,478,45,29
2024-12-13,5,4,579,289,45,27
2024-12-14,5,4,579,539,45,21
2024-12-15,5,4,579,324,45,28
2024-12-16,5,4,579,424,45,27
2024-12-17,5,4,579,519,45,35
2024-12-18,5,4,579,494,45,30
2024-12-19,5,4,579,318,45,23
2024-12-20,5,4,579,523,45,30
2024-12-21,5,4,579,531,45,23
2024-12-22,5,4,579,403,45,39
2024-12-23,5,4,579,524,45,31
2024-12-24,5,4,579,417,45,28
2024-12-25,5,4,579,526,45,22
2024-12-26,5,4,579,502,45,26
2024-12-27,5,4,579,295,45,32
2024-12-28,5,4,579,544,45,21
2024-12-29,5,4,579,485,45,40
2024-12-30,5,4,579,529,45,20
2024-12-31,5,4,579,414,45,21
2023-01-01,5,5,579,528,45,42
2023-01-02,5,5,579,432,45,22
2023-01-03,5,5,579,390,45,25
2023-01-04,5,5,579,467,45,22
2023-01-05,5,5,579,312,45,42
2023-01-06,5,5,579,439,45,41
2023-01-07,5,5,579,517,45,22
2023-01-08,5,5,579,463,45,18
2023-01-09,5,5,579,312,45,35
2023-01-10,5,5,579,301,45,19
2023-01-11,5,5,579,352,45,33
2023-01-12,5,5,579,404,45,29
2023-01-13,5,5,579,464,45,18
2023-01-14,5,5,579,518,45,36
2023-01-15,5,5,579,307,45,19
2023-01-16,5,5,579,470,45,28
2023-01-17,5,5,579,321,45,32
2023-01-18,5,5,579,338,45,23
2023-01-19,5,5,579,407,45,19
2023-01-20,5,5,579,518,45,25
2023-01-21,5,5,579,548,45,41
2023-01-22,5,5,579,403,45,37
2023-01-23,5,5,579,369,45,37
2023-01-24,5,5,579,402,45,24
2023-01-25,5,5,579,376,45,18
2023-01-26,5,5,579,526,45,41
2023-01-27,5,5,579,532,45,39
2023-01-28,5,5,579,490,45,40
2023-01-29,5,5,579,479,45,24
2023-01-30,5,5,579,481,45,24
2023-01-31,5,5,579,502,45,22
2023-02-01,5,5,579,343,45,25
2023-02-02,5,5,579,440,45,22
2023-02-03,5,5,579,446,45,36
2023-02-04,5,5,579,294,45,34
2023-02-05,5,5,579,499,45,26
2023-02-06,5,5,579,530,45,26
2023-02-07,5,5,579,405,45,35
2023-02-08,5,5,579,348,45,22
2023-02-09,5,5,579,342,45,20
2023-02-10,5,5,579,313,45,36
2023-02-11,5,5,579,498,45,23
2023-02-12,5,5,579,476,45,36
2023-02-13,5,5,579,509,45,25
2023-02-14,5,5,579,295,45,23
2023-02-15,5,5,579,530,45,32
2023-02-16,5,5,579,480,45,26
2023-02-17,5,5,579,432,45,27
2023-02-18,5,5,579,530,45,34
2023-02-19,5,5,579,460,45,24
2023-02-20,5,5,579,379,45,36
2023-02-21,5,5,579,325,45,42
2023-02-22,5,5,579,334,45,33
2023-02-23,5,5,579,540,45,26
2023-02-24,5,5,579,450,45,37
2023-02-25,5,5,579,344,45,29
2023-02-26,5,5,579,383,45,25
2023-02-27,5,5,579,355,45,31
2023-02-28,5,5,579,480,45,36
2023-03-01,5,5,579,538,45,29
2023-03-02,5,5,579,473,45,41
2023-03-03,5,5,579,531,45,33
2023-03-04,5,5,579,344,45,20
2023-03-05,5,5,579,303,45,38
2023-03-06,5,5,579,328,45,30
2023-03-07,5,5,579,384,45,34
2023-03-08,5,5,579,371,45,28
2023-03-09,5,5,579,472,45,35
2023-03-10,5,5,579,444,45,19
2023-03-11,5,5,579,361,45,25
2023-03-12,5,5,579,458,45,30
2023-03-13,5,5,579,471,45,39
2023-03-14,5,5,579,443,45,30
2023-03-15,5,5,579,516,45,36
2023-03-16,5,5,579,495,45,32
2023-03-17,5,5,579,495,45,26
2023-03-18,5,5,579,513,45,21
2023-03-19,5,5,579,490,45,39
2023-03-20,5,5,579,360,45,25
2023-03-21,5,5,579,400,45,37
2023-03-22,5,5,579,374,45,32
2023-03-23,5,5,579,387,45,35
2023-03-24,5,5,579,451,45,25
2023-03-25,5,5,579,550,45,38
2023-03-26,5,5,579,418,45,36
2023-03-27,5,5,579,325,45,29
2023-03-28,5,5,579,502,45,23
2023-03-29,5,5,579,481,45,25
2023-03-30,5,5,579,298,45,26
2023-03-31,5,5,579,430,45,37
2023-04-01,5,5,579,536,45,20
2023-04-02,5,5,579,384,45,39
2023-04-03,5,5,579,510,45,32
2023-04-04,5,5,579,452,45,35
2023-04-05,5,5,579,379,45,36
2023-04-06,5,5,579,336,45,22
2023-04-07,5,5,579,318,45,41
2023-04-08,5,5,579,464,45,20
2023-04-09,5,5,579,348,45,41
2023-04-10,5,5,579,379,45,39
2023-04-11,5,5,579,389,45,40
2023-04-12,5,5,579,522,45,24
2023-04-13,5,5,579,372,45,37
2023-04-14,5,5,579,389,45,24
2023-04-15,5,5,579,443,45,34
2023-04-16,5,5,579,475,45,42
2023-04-17,5,5,579,499,45,26
2023-04-18,5,5,579,338,45,42
2023-04-19,5,5,579,426,45,32
2023-04-20,5,5,579,550,45,37
2023-04-21,5,5,579,317,45,23
2023-04-22,5,5,579,462,45,32
2023-04-23,5,5,579,449,45,34
2023-04-24,5,5,579,310,45,38
2023-04-25,5,5,579,475,45,22
2023-04-26,5,5,579,466,45,40
2023-04-27,5,5,579,476,45,42
2023-04-28,5,5,579,442,45,33
2023-04-29,5,5,579,347,45,31
2023-04-30,5,5,579,407,45,29
2023-05-01,5,5,579,463,45,27
2023-05-02,5,5,579,535,45,24
2023-05-03,5,5,579,422,45,29
2023-05-04,5,5,579,332,45,32
2023-05-05,5,5,579,399,45,33
2023-05-06,5,5,579,394,45,30
2023-05-07,5,5,579,345,45,18
2023-05-08,5,5,579,312,45,32
2023-05-09,5,5,579,436,45,33
2023-05-10,5,5,579,298,45,24
2023-05-11,5,5,579,313,45,35
2023-05-12,5,5,579,322,45,23
2023-05-13,5,5,579,319,45,24
2023-05-14,5,5,579,392,45,28
2023-05-15,5,5,579,442,45,18
2023-05-16,5,5,579,504,45,37
2023-05-17,5,5,579,529,45,41
2023-05-18,5,5,579,448,45,18
2023-05-19,5,5,579,412,45,21
2023-05-20,5,5,579,490,45,25
2023-05-21,5,5,579,445,45,34
2023-05-22,5,5,579,526,45,21
2023-05-23,5,5,579,479,45,40
2023-05-24,5,5,579,506,45,39
2023-05-25,5,5,579,509,45,40
2023-05-26,5,5,579,346,45,19
2023-05-27,5,5,579,334,45,29
2023-05-28,5,5,579,511,45,36
2023-05-29,5,5,579,346,45,27
2023-05-30,5,5,579,358,45,21
2023-05-31,5,5,579,410,45,41
2023-06-01,5,5,579,397,45,19
2023-06-02,5,5,579,422,45,31
2023-06-03,5,5,579,484,45,28
2023-06-04,5,5,579,498,45,42
2023-06-05,5,5,579,512,45,32
2023-06-06,5,5,579,448,45,33
2023-06-07,5,5,579,489,45,20
2023-06-08,5,5,579,342,45,40
2023-06-09,5,5,579,439,45,20
2023-06-10,5,5,579,297,45,20
2023-06-11,5,5,579,423,45,32
2023-06-12,5,5,579,387,45,34
2023-06-13,5,5,579,537,45,18
2023-06-14,5,5,579,508,45,36
2023-06-15,5,5,579,450,45,24
2023-06-16,5,5,579,321,45,31
2023-06-17,5,5,579,415,45,41
2023-06-18,5,5,579,306,45,40
2023-06-19,5,5,579,459,45,33
2023-06-20,5,5,579,431,45,24
2023-06-21,5,5,579,453,45,18
2023-06-22,5,5,579,451,45,28
2023-06-23,5,5,579,380,45,36
2023-06-24,5,5,579,304,45,35
2023-06-25,5,5,579,347,45,19
2023-06-26,5,5,579,349,45,34
2023-06-27,5,5,579,366,45,22
2023-06-28,5,5,579,462,45,23
2023-06-29,5,5,579,300,45,32
2023-06-30,5,5,579,496,45,18
2023-07-01,5,5,579,490,45,19
2023-07-02,5,5,579,495,45,24
2023-07-03,5,5,579,419,45,35
2023-07-04,5,5,579,374,45,20
2023-07-05,5,5,579,303,45,35
2023-07-06,5,5,579,404,45,21
2023-07-07,5,5,579,462,45,34
2023-07-08,5,5,579,411,45,25
2023-07-09,5,5,579,415,45,24
2023-07-10,5,5,579,463,45,26
2023-07-11,5,5,579,326,45,28
2023-07-12,5,5,579,443,45,40
2023-07-13,5,5,579,329,45,19
2023-07-14,5,5,579,429,45,30
2023-07-15,5,5,579,543,45,29
2023-07-16,5,5,579,512,45,32
2023-07-17,5,5,579,292,45,19
2023-07-18,5,5,579,542,45,25
2023-07-19,5,5,579,468,45,25
2023-07-20,5,5,579,503,45,32
2023-07-21,5,5,579,364,45,28
2023-07-22,5,5,579,333,45,40
2023-07-23,5,5,579,422,45,29
2023-07-24,5,5,579,532,45,32
2023-07-25,5,5,579,394,45,35
2023-07-26,5,5,579,519,45,22
2023-07-27,5,5,579,461,45,39
2023-07-28,5,5,579,409,45,32
2023-07-29,5,5,579,306,45,26
2023-07-30,5,5,579,529,45,20
2023-07-31,5,5,579,438,45,37
2023-08-01,5,5,579,341,45,18
2023-08-02,5,5,579,294,45,27
2023-08-03,5,5,579,329,45,39
2023-08-04,5,5,579,433,45,32
2023-08-05,5,5,579,526,45,25
2023-08-06,5,5,579,517,45,29
2023-08-07,5,5,579,467,45,19
2023-08-08,5,5,579,494,45,33
2023-08-09,5,5,579,299,45,27
2023-08-10,5,5,579,333,45,20
2023-08-11,5,5,579,455,45,22
2023-08-12,5,5,579,474,45,28
2023-08-13,5,5,579,533,45,35
2023-08-14,5,5,579,443,45,29
2023-08-15,5,5,579,380,45,39
2023-08-16,5,5,579,435,45,31
2023-08-17,5,5,579,377,45,27
2023-08-18,5,5,579,475,45,38
2023-08-19,5,5,579,513,45,20
2023-08-20,5,5,579,318,45,20
2023-08-21,5,5,579,492,45,20
2023-08-22,5,5,579,473,45,35
2023-08-23,5,5,579,547,45,30
2023-08-24,5,5,579,432,45,32
2023-08-25,5,5,579,315,45,31
2023-08-26,5,5,579,486,45,22
2023-08-27,5,5,579,373,45,32
2023-08-28,5,5,579,315,45,23
2023-08-29,5,5,579,290,45,22
2023-08-30,5,5,579,477,45,39
2023-08-31,5,5,579,469,45,40
2023-09-01,5,5,579,511,45,23
2023-09-02,5,5,579,382,45,20
2023-09-03,5,5,579,289,45,21
2023-09-04,5,5,579,501,45,27
2023-09-05,5,5,579,339,45,25
2023-09-06,5,5,579,353,45,19
2023-09-07,5,5,579,354,45,39
2023-09-08,5,5,579,351,45,28
2023-09-09,5,5,579,414,45,39
2023-09-10,5,5,579,391,45,26
2023-09-11,5,5,579,429,45,22
2023-09-12,5,5,579,547,45,41
2023-09-13,5,5,579,449,45,31
2023-09-14,5,5,579,538,45,28
2023-09-15,5,5,579,290,45,29
2023-09-16,5,5,579,465,45,19
2023-09-17,5,5,579,463,45,42
2023-09-18,5,5,579,454,45,28
2023-09-19,5,5,579,472,45,32
2023-09-20,5,5,579,312,45,21
2023-09-21,5,5,579,496,45,23
2023-09-22,5,5,579,369,45,19
2023-09-23,5,5,579,407,45,31
2023-09-24,5,5,579,475,45,30
2023-09-25,5,5,579,297,45,40
2023-09-26,5,5,579,343,45,37
2023-09-27,5,5,579,297,45,32
2023-09-28,5,5,579,296,45,28
2023-09-29,5,5,579,524,45,29
2023-09-30,5,5,579,446,45,25
2023-10-01,5,5,579,361,45,21
2023-10-02,5,5,579,416,45,19
2023-10-03,5,5,579,485,45,22
2023-10-04,5,5,579,358,45,33
2023-10-05,5,5,579,415,45,33
2023-10-06,5,5,579,338,45,35
2023-10-07,5,5,579,431,45,33
2023-10-08,5,5,579,372,45,25
2023-10-09,5,5,579,323,45,32
2023-10-10,5,5,579,477,45,34
2023-10-11,5,5,579,402,45,18
2023-10-12,5,5,579,357,45,24
2023-10-13,5,5,579,542,45,33
2023-10-14,5,5,579,373,45,22
2023-10-15,5,5,579,330,45,29
2023-10-16,5,5,579,338,45,30
2023-10-17,5,5,579,326,45,20
2023-10-18,5,5,579,484,45,22
2023-10-19,5,5,579,309,45,29
2023-10-20,5,5,579,311,45,29
2023-10-21,5,5,579,372,45,31
2023-10-22,5,5,579,443,45,26
2023-10-23,5,5,579,468,45,30
2023-10-24,5,5,579,340,45,30
2023-10-25,5,5,579,478,45,24
2023-10-26,5,5,579,289,45,42
2023-10-27,5,5,579,537,45,41
2023-10-28,5,5,579,461,45,37
2023-10-29,5,5,579,313,45,19
2023-10-30,5,5,579,305,45,42
2023-10-31,5,5,579,476,45,19
2023-11-01,5,5,579,353,45,37
2023-11-02,5,5,579,415,45,28
2023-11-03,5,5,579,418,45,42
2023-11-04,5,5,579,488,45,19
2023-11-05,5,5,579,312,45,36
2023-11-06,5,5,579,308,45,24
2023-11-07,5,5,579,329,45,39
2023-11-08,5,5,579,544,45,38
2023-11-09,5,5,579,502,45,37
2023-11-10,5,5,579,393,45,32
2023-11-11,5,5,579,469,45,22
2023-11-12,5,5,579,482,45,36
2023-11-13,5,5,579,525,45,35
2023-11-14,5,5,579,332,45,27
2023-11-15,5,5,579,359,45,24
2023-11-16,5,5,579,368,45,33
2023-11-17,5,5,579,544,45,42
2023-11-18,5,5,579,290,45,42
2023-11-19,5,5,579,415,45,37
2023-11-20,5,5,579,450,45,40
2023-11-21,5,5,579,457,45,31
2023-11-22,5,5,579,497,45,22
2023-11-23,5,5,579,331,45,22
2023-11-24,5,5,579,457,45,18
2023-11-25,5,5,579,414,45,37
2023-11-26,5,5,579,435,45,42
2023-11-27,5,5,579,516,45,27
2023-11-28,5,5,579,352,45,35
2023-11-29,5,5,579,304,45,25
2023-11-30,5,5,579,336,45,38
2023-12-01,5,5,579,410,45,34
2023-12-02,5,5,579,408,45,38
2023-12-03,5,5,579,298,45,41
2023-12-04,5,5,579,392,45,41
2023-12-05,5,5,579,543,45,35
2023-12-06,5,5,579,496,45,29
2023-12-07,5,5,579,366,45,27
2023-12-08,5,5,579,510,45,20
2023-12-09,5,5,579,289,45,27
2023-12-10,5,5,579,475,45,34
2023-12-11,5,5,579,534,45,37
2023-12-12,5,5,579,333,45,40
2023-12-13,5,5,579,290,45,21
2023-12-14,5,5,579,298,45,39
2023-12-15,5,5,579,458,45,33
2023-12-16,5,5,579,361,45,28
2023-12-17,5,5,579,469,45,36
2023-12-18,5,5,579,464,45,27
2023-12-19,5,5,579,537,45,22
2023-12-20,5,5,579,538,45,40
2023-12-21,5,5,579,515,45,31
2023-12-22,5,5,579,399,45,24
2023-12-23,5,5,579,333,45,37
2023-12-24,5,5,579,525,45,35
2023-12-25,5,5,579,353,45,36
2023-12-26,5,5,579,501,45,22
2023-12-27,5,5,579,520,45,41
2023-12-28,5,5,579,443,45,25
2023-12-29,5,5,579,400,45,35
2023-12-30,5,5,579,527,45,40
2023-12-31,5,5,579,352,45,24
2024-01-01,5,5,579,470,45,28
2024-01-02,5,5,579,467,45,23
2024-01-03,5,5,579,395,45,31
2024-01-04,5,5,579,371,45,40
2024-01-05,5,5,579,482,45,23
2024-01-06,5,5,579,319,45,34
2024-01-07,5,5,579,514,45,42
2024-01-08,5,5,579,382,45,20
2024-01-09,5,5,579,290,45,21
2024-01-10,5,5,579,424,45,31
2024-01-11,5,5,579,408,45,37
2024-01-12,5,5,579,489,45,31
2024-01-13,5,5,579,508,45,32
2024-01-14,5,5,579,374,45,23
2024-01-15,5,5,579,395,45,41
2024-01-16,5,5,579,519,45,41
2024-01-17,5,5,579,430,45,29
2024-01-18,5,5,579,459,45,19
2024-01-19,5,5,579,486,45,39
2024-01-20,5,5,579,426,45,35
2024-01-21,5,5,579,408,45,36
2024-01-22,5,5,579,289,45,37
2024-01-23,5,5,579,438,45,29
2024-01-24,5,5,579,308,45,38
2024-01-25,5,5,579,303,45,33
2024-01-26,5,5,579,369,45,35
2024-01-27,5,5,579,346,45,20
2024-01-28,5,5,579,418,45,22
2024-01-29,5,5,579,367,45,39
2024-01-30,5,5,579,518,45,36
2024-01-31,5,5,579,350,45,27
2024-02-01,5,5,579,317,45,19
2024-02-02,5,5,579,533,45,40
2024-02-03,5,5,579,373,45,36
2024-02-04,5,5,579,489,45,27
2024-02-05,5,5,579,466,45,32
2024-02-06,5,5,579,418,45,36
2024-02-07,5,5,579,494,45,29
2024-02-08,5,5,579,492,45,20
2024-02-09,5,5,579,521,45,34
2024-02-10,5,5,579,416,45,22
2024-02-11,5,5,579,479,45,37
2024-02-12,5,5,579,420,45,19
2024-02-13,5,5,579,349,45,25
2024-02-14,5,5,579,323,45,31
2024-02-15,5,5,579,321,45,35
2024-02-16,5,5,579,543,45,36
2024-02-17,5,5,579,501,45,25
2024-02-18,5,5,579,436,45,22
2024-02-19,5,5,579,386,45,34
2024-02-20,5,5,579,514,45,18
2024-02-21,5,5,579,398,45,22
2024-02-22,5,5,579,306,45,23
2024-02-23,5,5,579,346,45,20
2024-02-24,5,5,579,421,45,22
2024-02-25,5,5,579,499,45,41
2024-02-26,5,5,579,406,45,20
2024-02-27,5,5,579,324,45,18
2024-02-28,5,5,579,392,45,41
2024-02-29,5,5,579,465,45,25
2024-03-01,5,5,579,517,45,36
2024-03-02,5,5,579,523,45,19
2024-03-03,5,5,579,448,45,41
2024-03-04,5,5,579,486,45,18
2024-03-05,5,5,579,450,45,42
2024-03-06,5,5,579,356,45,18
2024-03-07,5,5,579,507,45,42
2024-03-08,5,5,579,507,45,32
2024-03-09,5,5,579,415,45,38
2024-03-10,5,5,579,468,45,40
2024-03-11,5,5,579,523,45,37
2024-03-12,5,5,579,454,45,34
2024-03-13,5,5,579,347,45,33
2024-03-14,5,5,579,474,45,31
2024-03-15,5,5,579,493,45,21
2024-03-16,5,5,579,314,45,42
2024-03-17,5,5,579,532,45,21
2024-03-18,5,5,579,443,45,21
2024-03-19,5,5,579,375,45,21
2024-03-20,5,5,579,339,45,34
2024-03-21,5,5,579,296,45,19
2024-03-22,5,5,579,356,45,36
2024-03-23,5,5,579,445,45,20
2024-03-24,5,5,579,437,45,23
2024-03-25,5,5,579,491,45,23
2024-03-26,5,5,579,332,45,21
2024-03-27,5,5,579,454,45,27
2024-03-28,5,5,579,289,45,40
2024-03-29,5,5,579,494,45,22
2024-03-30,5,5,579,521,45,41
2024-03-31,5,5,579,548,45,42
2024-04-01,5,5,579,335,45,36
2024-04-02,5,5,579,376,45,42
2024-04-03,5,5,579,501,45,28
2024-04-04,5,5,579,293,45,31
2024-04-05,5,5,579,294,45,41
2024-04-06,5,5,579,533,45,24
2024-04-07,5,5,579,546,45,25
2024-04-08,5,5,579,408,45,34
2024-04-09,5,5,579,441,45,37
2024-04-10,5,5,579,396,45,31
2024-04-11,5,5,579,434,45,25
2024-04-12,5,5,579,501,45,29
2024-04-13,5,5,579,320,45,41
2024-04-14,5,5,579,426,45,23
2024-04-15,5,5,579,370,45,27
2024-04-16,5,5,579,359,45,41
2024-04-17,5,5,579,356,45,34
2024-04-18,5,5,579,448,45,30
2024-04-19,5,5,579,483,45,20
2024-04-20,5,5,579,449,45,32
2024-04-21,5,5,579,438,45,23
2024-04-22,5,5,579,521,45,28
2024-04-23,5,5,579,362,45,31
2024-04-24,5,5,579,427,45,30
2024-04-25,5,5,579,446,45,18
2024-04-26,5,5,579,379,45,38
2024-04-27,5,5,579,439,45,41
2024-04-28,5,5,579,496,45,36
2024-04-29,5,5,579,537,45,35
2024-04-30,5,5,579,316,45,25
2024-05-01,5,5,579,378,45,22
2024-05-02,5,5,579,341,45,23
2024-05-03,5,5,579,511,45,40
2024-05-04,5,5,579,430,45,24
2024-05-05,5,5,579,510,45,31
2024-05-06,5,5,579,410,45,32
2024-05-07,5,5,579,371,45,31
2024-05-08,5,5,579,550,45,18
2024-05-09,5,5,579,344,45,32
2024-05-10,5,5,579,383,45,40
2024-05-11,5,5,579,469,45,22
2024-05-12,5,5,579,546,45,29
2024-05-13,5,5,579,469,45,22
2024-05-14,5,5,579,489,45,21
2024-05-15,5,5,579,456,45,31
2024-05-16,5,5,579,458,45,18
2024-05-17,5,5,579,306,45,42
2024-05-18,5,5,579,316,45,31
2024-05-19,5,5,579,320,45,39
2024-05-20,5,5,579,425,45,28
2024-05-21,5,5,579,358,45,41
2024-05-22,5,5,579,399,45,42
2024-05-23,5,5,579,383,45,25
2024-05-24,5,5,579,352,45,20
2024-05-25,5,5,579,324,45,21
2024-05-26,5,5,579,359,45,27
2024-05-27,5,5,579,328,45,20
2024-05-28,5,5,579,491,45,28
2024-05-29,5,5,579,467,45,29
2024-05-30,5,5,579,308,45,19
2024-05-31,5,5,579,324,45,29
2024-06-01,5,5,579,319,45,30
2024-06-02,5,5,579,397,45,39
2024-06-03,5,5,579,446,45,35
2024-06-04,5,5,579,514,45,36
2024-06-05,5,5,579,374,45,23
2024-06-06,5,5,579,408,45,18
2024-06-07,5,5,579,404,45,24
2024-06-08,5,5,579,408,45,19
2024-06-09,5,5,579,494,45,34
2024-06-10,5,5,579,380,45,18
2024-06-11,5,5,579,494,45,26
2024-06-12,5,5,579,372,45,23
2024-06-13,5,5,579,376,45,26
2024-06-14,5,5,579,342,45,21
2024-06-15,5,5,579,422,45,35
2024-06-16,5,5,579,434,45,23
2024-06-17,5,5,579,464,45,42
2024-06-18,5,5,579,329,45,40
2024-06-19,5,5,579,495,45,35
2024-06-20,5,5,579,399,45,25
2024-06-21,5,5,579,506,45,21
2024-06-22,5,5,579,455,45,28
2024-06-23,5,5,579,314,45,18
2024-06-24,5,5,579,353,45,19
2024-06-25,5,5,579,311,45,22
2024-06-26,5,5,579,405,45,29
2024-06-27,5,5,579,538,45,38
2024-06-28,5,5,579,393,45,37
2024-06-29,5,5,579,292,45,18
2024-06-30,5,5,579,308,45,42
2024-07-01,5,5,579,422,45,35
2024-07-02,5,5,579,467,45,38
2024-07-03,5,5,579,440,45,42
2024-07-04,5,5,579,341,45,31
2024-07-05,5,5,579,432,45,34
2024-07-06,5,5,579,442,45,23
2024-07-07,5,5,579,464,45,21
2024-07-08,5,5,579,381,45,22
2024-07-09,5,5,579,420,45,38
2024-07-10,5,5,579,392,45,40
2024-07-11,5,5,579,416,45,20
2024-07-12,5,5,579,451,45,21
2024-07-13,5,5,579,475,45,23
2024-07-14,5,5,579,294,45,41
2024-07-15,5,5,579,333,45,41
2024-07-16,5,5,579,322,45,36
2024-07-17,5,5,579,504,45,20
2024-07-18,5,5,579,371,45,42
2024-07-19,5,5,579,511,45,33
2024-07-20,5,5,579,329,45,30
2024-07-21,5,5,579,545,45,41
2024-07-22,5,5,579,327,45,28
2024-07-23,5,5,579,440,45,42
2024-07-24,5,5,579,328,45,25
2024-07-25,5,5,579,450,45,28
2024-07-26,5,5,579,423,45,29
2024-07-27,5,5,579,543,45,27
2024-07-28,5,5,579,381,45,41
2024-07-29,5,5,579,398,45,32
2024-07-30,5,5,579,305,45,39
2024-07-31,5,5,579,493,45,31
2024-08-01,5,5,579,485,45,25
2024-08-02,5,5,579,347,45,29
2024-08-03,5,5,579,535,45,37
2024-08-04,5,5,579,322,45,32
2024-08-05,5,5,579,525,45,23
2024-08-06,5,5,579,468,45,20
2024-08-07,5,5,579,350,45,38
2024-08-08,5,5,579,333,45,40
2024-08-09,5,5,579,441,45,28
2024-08-10,5,5,579,372,45,32
2024-08-11,5,5,579,361,45,35
2024-08-12,5,5,579,455,45,42
2024-08-13,5,5,579,303,45,33
2024-08-14,5,5,579,514,45,24
2024-08-15,5,5,579,325,45,29
2024-08-16,5,5,579,534,45,31
2024-08-17,5,5,579,368,45,25
2024-08-18,5,5,579,496,45,36
2024-08-19,5,5,579,538,45,34
2024-08-20,5,5,579,498,45,34
2024-08-21,5,5,579,369,45,31
2024-08-22,5,5,579,461,45,37
2024-08-23,5,5,579,323,45,26
2024-08-24,5,5,579,533,45,35
2024-08-25,5,5,579,344,45,39
2024-08-26,5,5,579,315,45,26
2024-08-27,5,5,579,509,45,22
2024-08-28,5,5,579,519,45,28
2024-08-29,5,5,579,438,45,29
2024-08-30,5,5,579,498,45,23
2024-08-31,5,5,579,463,45,23
2024-09-01,5,5,579,383,45,37
2024-09-02,5,5,579,391,45,20
2024-09-03,5,5,579,517,45,28
2024-09-04,5,5,579,302,45,36
2024-09-05,5,5,579,411,45,21
2024-09-06,5,5,579,412,45,19
2024-09-07,5,5,579,496,45,41
2024-09-08,5,5,579,296,45,41
2024-09-09,5,5,579,358,45,38
2024-09-10,5,5,579,370,45,27
2024-09-11,5,5,579,548,45,32
2024-09-12,5,5,579,358,45,26
2024-09-13,5,5,579,531,45,31
2024-09-14,5,5,579,478,45,20
2024-09-15,5,5,579,373,45,27
2024-09-16,5,5,579,475,45,35
2024-09-17,5,5,579,430,45,27
2024-09-18,5,5,579,366,45,31
2024-09-19,5,5,579,298,45,41
2024-09-20,5,5,579,496,45,24
2024-09-21,5,5,579,427,45,36
2024-09-22,5,5,579,324,45,31
2024-09-23,5,5,579,356,45,24
2024-09-24,5,5,579,428,45,37
2024-09-25,5,5,579,300,45,28
2024-09-26,5,5,579,392,45,25
2024-09-27,5,5,579,349,45,19
2024-09-28,5,5,579,473,45,27
2024-09-29,5,5,579,496,45,28
2024-09-30,5,5,579,323,45,39
2024-10-01,5,5,579,390,45,39
2024-10-02,5,5,579,405,45,35
2024-10-03,5,5,579,536,45,21
2024-10-04,5,5,579,361,45,38
2024-10-05,5,5,579,539,45,34
2024-10-06,5,5,579,494,45,18
2024-10-07,5,5,579,363,45,35
2024-10-08,5,5,579,399,45,33
2024-10-09,5,5,579,538,45,40
2024-10-10,5,5,579,435,45,30
2024-10-11,5,5,579,468,45,39
2024-10-12,5,5,579,361,45,36
2024-10-13,5,5,579,523,45,20
2024-10-14,5,5,579,424,45,35
2024-10-15,5,5,579,467,45,25
2024-10-16,5,5,579,538,45,27
2024-10-17,5,5,579,404,45,38
2024-10-18,5,5,579,339,45,37
2024-10-19,5,5,579,446,45,31
2024-10-20,5,5,579,355,45,22
2024-10-21,5,5,579,403,45,33
2024-10-22,5,5,579,436,45,27
2024-10-23,5,5,579,514,45,31
2024-10-24,5,5,579,301,45,31
2024-10-25,5,5,579,531,45,35
2024-10-26,5,5,579,305,45,24
2024-10-27,5,5,579,437,45,32
2024-10-28,5,5,579,387,45,18
2024-10-29,5,5,579,415,45,24
2024-10-30,5,5,579,536,45,30
2024-10-31,5,5,579,464,45,22
2024-11-01,5,5,579,440,45,26
2024-11-02,5,5,579,303,45,30
2024-11-03,5,5,579,507,45,22
2024-11-04,5,5,579,450,45,18
2024-11-05,5,5,579,407,45,37
2024-11-06,5,5,579,352,45,42
2024-11-07,5,5,579,296,45,29
2024-11-08,5,5,579,384,45,18
2024-11-09,5,5,579,379,45,27
2024-11-10,5,5,579,519,45,35
2024-11-11,5,5,579,508,45,29
2024-11-12,5,5,579,351,45,34
2024-11-13,5,5,579,445,45,18
2024-11-14,5,5,579,457,45,20
2024-11-15,5,5,579,513,45,27
2024-11-16,5,5,579,464,45,18
2024-11-17,5,5,579,344,45,23
2024-11-18,5,5,579,402,45,34
2024-11-19,5,5,579,406,45,42
2024-11-20,5,5,579,325,45,27
2024-11-21,5,5,579,376,45,33
2024-11-22,5,5,579,476,45,38
2024-11-23,5,5,579,461,45,19
2024-11-24,5,5,579,550,45,37
2024-11-25,5,5,579,473,45,28
2024-11-26,5,5,579,458,45,25
2024-11-27,5,5,579,401,45,27
2024-11-28,5,5,579,424,45,37
2024-11-29,5,5,579,478,45,32
2024-11-30,5,5,579,484,45,26
2024-12-01,5,5,579,520,45,42
2024-12-02,5,5,579,481,45,21
2024-12-03,5,5,579,297,45,35
2024-12-04,5,5,579,479,45,40
2024-12-05,5,5,579,468,45,30
2024-12-06,5,5,579,448,45,21
2024-12-07,5,5,579,405,45,24
2024-12-08,5,5,579,432,45,40
2024-12-09,5,5,579,546,45,19
2024-12-10,5,5,579,471,45,32
2024-12-11,5,5,579,519,45,42
2024-12-12,5,5,579,323,45,28
2024-12-13,5,5,579,476,45,25
2024-12-14,5,5,579,331,45,33
2024-12-15,5,5,579,335,45,34
2024-12-16,5,5,579,549,45,40
2024-12-17,5,5,579,529,45,30
2024-12-18,5,5,579,458,45,24
2024-12-19,5,5,579,411,45,28
2024-12-20,5,5,579,400,45,27
2024-12-21,5,5,579,452,45,34
2024-12-22,5,5,579,506,45,34
2024-12-23,5,5,579,433,45,38
2024-12-24,5,5,579,351,45,30
2024-12-25,5,5,579,543,45,20
2024-12-26,5,5,579,417,45,40
2024-12-27,5,5,579,468,45,41
2024-12-28,5,5,579,426,45,18
2024-12-29,5,5,579,360,45,18
2024-12-30,5,5,579,508,45,35
2024-12-31,5,5,579,403,45,37
2023-01-01,5,6,579,423,45,18
2023-01-02,5,6,579,322,45,19
2023-01-03,5,6,579,370,45,18
2023-01-04,5,6,579,463,45,38
2023-01-05,5,6,579,324,45,25
2023-01-06,5,6,579,344,45,22
2023-01-07,5,6,579,462,45,39
2023-01-08,5,6,579,500,45,41
2023-01-09,5,6,579,534,45,28
2023-01-10,5,6,579,338,45,42
2023-01-11,5,6,579,419,45,19
2023-01-12,5,6,579,538,45,41
2023-01-13,5,6,579,337,45,42
2023-01-14,5,6,579,512,45,38
2023-01-15,5,6,579,518,45,32
2023-01-16,5,6,579,418,45,19
2023-01-17,5,6,579,361,45,41
2023-01-18,5,6,579,478,45,36
2023-01-19,5,6,579,406,45,22
2023-01-20,5,6,579,302,45,30
2023-01-21,5,6,579,410,45,21
2023-01-22,5,6,579,451,45,19
2023-01-23,5,6,579,366,45,29
2023-01-24,5,6,579,367,45,27
2023-01-25,5,6,579,518,45,40
2023-01-26,5,6,579,307,45,39
2023-01-27,5,6,579,300,45,31
2023-01-28,5,6,579,515,45,30
2023-01-29,5,6,579,329,45,30
2023-01-30,5,6,579,338,45,22
2023-01-31,5,6,579,496,45,27
2023-02-01,5,6,579,391,45,19
2023-02-02,5,6,579,373,45,35
2023-02-03,5,6,579,386,45,32
2023-02-04,5,6,579,337,45,29
2023-02-05,5,6,579,506,45,22
2023-02-06,5,6,579,477,45,36
2023-02-07,5,6,579,330,45,34
2023-02-08,5,6,579,530,45,30
2023-02-09,5,6,579,342,45,41
2023-02-10,5,6,579,296,45,26
2023-02-11,5,6,579,511,45,36
2023-02-12,5,6,579,437,45,20
2023-02-13,5,6,579,535,45,26
2023-02-14,5,6,579,326,45,21
2023-02-15,5,6,579,440,45,38
2023-02-16,5,6,579,476,45,27
2023-02-17,5,6,579,296,45,33
2023-02-18,5,6,579,398,45,30
2023-02-19,5,6,579,371,45,26
2023-02-20,5,6,579,471,45,21
2023-02-21,5,6,579,346,45,23
2023-02-22,5,6,579,396,45,18
2023-02-23,5,6,579,539,45,34
2023-02-24,5,6,579,472,45,35
2023-02-25,5,6,579,455,45,22
2023-02-26,5,6,579,318,45,39
2023-02-27,5,6,579,330,45,30
2023-02-28,5,6,579,318,45,32
2023-03-01,5,6,579,380,45,24
2023-03-02,5,6,579,465,45,28
2023-03-03,5,6,579,445,45,25
2023-03-04,5,6,579,380,45,41
2023-03-05,5,6,579,521,45,20
2023-03-06,5,6,579,385,45,30
2023-03-07,5,6,579,482,45,41
2023-03-08,5,6,579,521,45,33
2023-03-09,5,6,579,425,45,34
2023-03-10,5,6,579,345,45,31
2023-03-11,5,6,579,379,45,28
2023-03-12,5,6,579,507,45,30
2023-03-13,5,6,579,505,45,35
2023-03-14,5,6,579,299,45,35
2023-03-15,5,6,579,450,45,31
2023-03-16,5,6,579,318,45,40
2023-03-17,5,6,579,433,45,32
2023-03-18,5,6,579,504,45,26
2023-03-19,5,6,579,431,45,42
2023-03-20,5,6,579,334,45,35
2023-03-21,5,6,579,440,45,20
2023-03-22,5,6,579,514,45,35
2023-03-23,5,6,579,380,45,29
2023-03-24,5,6,579,462,45,21
2023-03-25,5,6,579,488,45,36
2023-03-26,5,6,579,340,45,29
2023-03-27,5,6,579,383,45,40
2023-03-28,5,6,579,489,45,31
2023-03-29,5,6,579,457,45,24
2023-03-30,5,6,579,313,45,26
2023-03-31,5,6,579,327,45,31
2023-04-01,5,6,579,542,45,20
2023-04-02,5,6,579,467,45,23
2023-04-03,5,6,579,431,45,27
2023-04-04,5,6,579,408,45,25
2023-04-05,5,6,579,348,45,26
2023-04-06,5,6,579,340,45,39
2023-04-07,5,6,579,456,45,40
2023-04-08,5,6,579,460,45,18
2023-04-09,5,6,579,457,45,20
2023-04-10,5,6,579,379,45,31
2023-04-11,5,6,579,412,45,34
2023-04-12,5,6,579,469,45,41
2023-04-13,5,6,579,536,45,23
2023-04-14,5,6,579,310,45,25
2023-04-15,5,6,579,361,45,32
2023-04-16,5,6,579,463,45,26
2023-04-17,5,6,579,468,45,37
2023-04-18,5,6,579,428,45,37
2023-04-19,5,6,579,505,45,33
2023-04-20,5,6,579,402,45,42
2023-04-21,5,6,579,483,45,30
2023-04-22,5,6,579,356,45,30
2023-04-23,5,6,579,505,45,24
2023-04-24,5,6,579,475,45,40
2023-04-25,5,6,579,410,45,22
2023-04-26,5,6,579,340,45,36
2023-04-27,5,6,579,372,45,19
2023-04-28,5,6,579,291,45,27
2023-04-29,5,6,579,292,45,21
2023-04-30,5,6,579,341,45,41
2023-05-01,5,6,579,494,45,25
2023-05-02,5,6,579,527,45,19
2023-05-03,5,6,579,297,45,29
2023-05-04,5,6,579,358,45,27
2023-05-05,5,6,579,414,45,19
2023-05-06,5,6,579,511,45,20
2023-05-07,5,6,579,363,45,42
2023-05-08,5,6,579,487,45,28
2023-05-09,5,6,579,493,45,25
2023-05-10,5,6,579,355,45,36
2023-05-11,5,6,579,315,45,27
2023-05-12,5,6,579,302,45,32
2023-05-13,5,6,579,372,45,40
2023-05-14,5,6,579,487,45,35
2023-05-15,5,6,579,328,45,36
2023-05-16,5,6,579,463,45,41
2023-05-17,5,6,579,346,45,42
2023-05-18,5,6,579,350,45,20
2023-05-19,5,6,579,527,45,21
2023-05-20,5,6,579,498,45,37
2023-05-21,5,6,579,420,45,20
2023-05-22,5,6,579,528,45,22
2023-05-23,5,6,579,427,45,32
2023-05-24,5,6,579,443,45,39
2023-05-25,5,6,579,543,45,39
2023-05-26,5,6,579,310,45,42
2023-05-27,5,6,579,306,45,23
2023-05-28,5,6,579,390,45,36
2023-05-29,5,6,579,440,45,41
2023-05-30,5,6,579,319,45,21
2023-05-31,5,6,579,353,45,18
2023-06-01,5,6,579,312,45,35
2023-06-02,5,6,579,502,45,37
2023-06-03,5,6,579,301,45,35
2023-06-04,5,6,579,385,45,33
2023-06-05,5,6,579,359,45,32
2023-06-06,5,6,579,296,45,31
2023-06-07,5,6,579,403,45,37
2023-06-08,5,6,579,413,45,27
2023-06-09,5,6,579,332,45,29
2023-06-10,5,6,579,366,45,19
2023-06-11,5,6,579,499,45,18
2023-06-12,5,6,579,377,45,41
2023-06-13,5,6,579,337,45,21
2023-06-14,5,6,579,332,45,32
2023-06-15,5,6,579,375,45,40
2023-06-16,5,6,579,449,45,28
2023-06-17,5,6,579,353,45,32
2023-06-18,5,6,579,397,45,32
2023-06-19,5,6,579,289,45,31
2023-06-20,5,6,579,472,45,32
2023-06-21,5,6,579,461,45,32
2023-06-22,5,6,579,372,45,39
2023-06-23,5,6,579,496,45,35
2023-06-24,5,6,579,341,45,32
2023-06-25,5,6,579,469,45,20
2023-06-26,5,6,579,543,45,35
2023-06-27,5,6,579,444,45,24
2023-06-28,5,6,579,548,45,24
2023-06-29,5,6,579,383,45,36
2023-06-30,5,6,579,473,45,27
2023-07-01,5,6,579,423,45,20
2023-07-02,5,6,579,319,45,19
2023-07-03,5,6,579,385,45,22
2023-07-04,5,6,579,450,45,37
2023-07-05,5,6,579,405,45,40
2023-07-06,5,6,579,357,45,37
2023-07-07,5,6,579,376,45,24
2023-07-08,5,6,579,475,45,38
2023-07-09,5,6,579,505,45,19
2023-07-10,5,6,579,339,45,32
2023-07-11,5,6,579,447,45,24
2023-07-12,5,6,579,373,45,40
2023-07-13,5,6,579,385,45,32
2023-07-14,5,6,579,319,45,23
2023-07-15,5,6,579,382,45,22
2023-07-16,5,6,579,500,45,36
2023-07-17,5,6,579,511,45,24
2023-07-18,5,6,579,330,45,21
2023-07-19,5,6,579,533,45,30
2023-07-20,5,6,579,310,45,23
2023-07-21,5,6,579,334,45,21
2023-07-22,5,6,579,521,45,35
2023-07-23,5,6,579,463,45,37
2023-07-24,5,6,579,518,45,31
2023-07-25,5,6,579,424,45,38
2023-07-26,5,6,579,314,45,39
2023-07-27,5,6,579,292,45,33
2023-07-28,5,6,579,520,45,39
2023-07-29,5,6,579,473,45,18
2023-07-30,5,6,579,474,45,35
2023-07-31,5,6,579,445,45,28
2023-08-01,5,6,579,546,45,23
2023-08-02,5,6,579,540,45,30
2023-08-03,5,6,579,461,45,30
2023-08-04,5,6,579,463,45,18
2023-08-05,5,6,579,509,45,33
2023-08-06,5,6,579,549,45,27
2023-08-07,5,6,579,372,45,40
2023-08-08,5,6,579,545,45,41
2023-08-09,5,6,579,406,45,28
2023-08-10,5,6,579,329,45,36
2023-08-11,5,6,579,339,45,29
2023-08-12,5,6,579,396,45,37
2023-08-13,5,6,579,372,45,30
2023-08-14,5,6,579,418,45,24
2023-08-15,5,6,579,413,45,22
2023-08-16,5,6,579,371,45,29
2023-08-17,5,6,579,458,45,24
2023-08-18,5,6,579,325,45,29
2023-08-19,5,6,579,548,45,29
2023-08-20,5,6,579,324,45,32
2023-08-21,5,6,579,449,45,23
2023-08-22,5,6,579,410,45,40
2023-08-23,5,6,579,518,45,29
2023-08-24,5,6,579,368,45,40
2023-08-25,5,6,579,446,45,23
2023-08-26,5,6,579,347,45,34
2023-08-27,5,6,579,427,45,36
2023-08-28,5,6,579,485,45,42
2023-08-29,5,6,579,549,45,31
2023-08-30,5,6,579,502,45,28
2023-08-31,5,6,579,364,45,23
2023-09-01,5,6,579,374,45,35
2023-09-02,5,6,579,370,45,39
2023-09-03,5,6,579,490,45,34
2023-09-04,5,6,579,460,45,38
2023-09-05,5,6,579,432,45,32
2023-09-06,5,6,579,432,45,34
2023-09-07,5,6,579,431,45,31
2023-09-08,5,6,579,498,45,21
2023-09-09,5,6,579,440,45,24
2023-09-10,5,6,579,378,45,23
2023-09-11,5,6,579,401,45,32
2023-09-12,5,6,579,326,45,29
2023-09-13,5,6,579,509,45,40
2023-09-14,5,6,579,389,45,18
2023-09-15,5,6,579,370,45,27
2023-09-16,5,6,579,460,45,35
2023-09-17,5,6,579,493,45,25
2023-09-18,5,6,579,542,45,18
2023-09-19,5,6,579,363,45,37
2023-09-20,5,6,579,497,45,22
2023-09-21,5,6,579,413,45,30
2023-09-22,5,6,579,535,45,25
2023-09-23,5,6,579,301,45,36
2023-09-24,5,6,579,451,45,35
2023-09-25,5,6,579,356,45,34
2023-09-26,5,6,579,542,45,38
2023-09-27,5,6,579,504,45,26
2023-09-28,5,6,579,403,45,18
2023-09-29,5,6,579,313,45,38
2023-09-30,5,6,579,378,45,23
2023-10-01,5,6,579,460,45,32
2023-10-02,5,6,579,529,45,32
2023-10-03,5,6,579,416,45,23
2023-10-04,5,6,579,443,45,31
2023-10-05,5,6,579,432,45,35
2023-10-06,5,6,579,526,45,40
2023-10-07,5,6,579,516,45,19
2023-10-08,5,6,579,307,45,29
2023-10-09,5,6,579,291,45,26
2023-10-10,5,6,579,290,45,19
2023-10-11,5,6,579,471,45,40
2023-10-12,5,6,579,485,45,36
2023-10-13,5,6,579,391,45,30
2023-10-14,5,6,579,348,45,27
2023-10-15,5,6,579,523,45,22
2023-10-16,5,6,579,462,45,42
2023-10-17,5,6,579,547,45,25
2023-10-18,5,6,579,464,45,19
2023-10-19,5,6,579,447,45,34
2023-10-20,5,6,579,331,45,27
2023-10-21,5,6,579,403,45,33
2023-10-22,5,6,579,350,45,21
2023-10-23,5,6,579,468,45,30
2023-10-24,5,6,579,504,45,22
2023-10-25,5,6,579,472,45,20
2023-10-26,5,6,579,387,45,30
2023-10-27,5,6,579,378,45,18
2023-10-28,5,6,579,477,45,29
2023-10-29,5,6,579,313,45,31
2023-10-30,5,6,579,477,45,26
2023-10-31,5,6,579,356,45,27
2023-11-01,5,6,579,472,45,28
2023-11-02,5,6,579,490,45,41
2023-11-03,5,6,579,477,45,33
2023-11-04,5,6,579,550,45,40
2023-11-05,5,6,579,363,45,36
2023-11-06,5,6,579,332,45,41
2023-11-07,5,6,579,401,45,29
2023-11-08,5,6,579,423,45,30
2023-11-09,5,6,579,316,45,36
2023-11-10,5,6,579,403,45,35
2023-11-11,5,6,579,416,45,32
2023-11-12,5,6,579,394,45,27
2023-11-13,5,6,579,363,45,33
2023-11-14,5,6,579,387,45,26
2023-11-15,5,6,579,430,45,42
2023-11-16,5,6,579,540,45,37
2023-11-17,5,6,579,479,45,22
2023-11-18,5,6,579,342,45,18
2023-11-19,5,6,579,446,45,36
2023-11-20,5,6,579,474,45,18
2023-11-21,5,6,579,414,45,23
2023-11-22,5,6,579,454,45,38
2023-11-23,5,6,579,334,45,42
2023-11-24,5,6,579,436,45,24
2023-11-25,5,6,579,292,45,24
2023-11-26,5,6,579,484,45,22
2023-11-27,5,6,579,474,45,40
2023-11-28,5,6,579,416,45,37
2023-11-29,5,6,579,493,45,19
2023-11-30,5,6,579,442,45,32
2023-12-01,5,6,579,486,45,32
2023-12-02,5,6,579,439,45,38
2023-12-03,5,6,579,455,45,35
2023-12-04,5,6,579,435,45,32
2023-12-05,5,6,579,339,45,28
2023-12-06,5,6,579,502,45,35
2023-12-07,5,6,579,526,45,41
2023-12-08,5,6,579,435,45,42
2023-12-09,5,6,579,521,45,41
2023-12-10,5,6,579,507,45,36
2023-12-11,5,6,579,542,45,42
2023-12-12,5,6,579,422,45,40
2023-12-13,5,6,579,360,45,39
2023-12-14,5,6,579,345,45,25
2023-12-15,5,6,579,358,45,31
2023-12-16,5,6,579,425,45,32
2023-12-17,5,6,579,433,45,32
2023-12-18,5,6,579,522,45,26
2023-12-19,5,6,579,321,45,22
2023-12-20,5,6,579,328,45,31
2023-12-21,5,6,579,368,45,32
2023-12-22,5,6,579,441,45,40
2023-12-23,5,6,579,348,45,34
2023-12-24,5,6,579,441,45,40
2023-12-25,5,6,579,318,45,36
2023-12-26,5,6,579,409,45,20
2023-12-27,5,6,579,516,45,24
2023-12-28,5,6,579,480,45,36
2023-12-29,5,6,579,426,45,32
2023-12-30,5,6,579,437,45,18
2023-12-31,5,6,579,414,45,19
2024-01-01,5,6,579,305,45,42
2024-01-02,5,6,579,525,45,30
2024-01-03,5,6,579,454,45,40
2024-01-04,5,6,579,456,45,32
2024-01-05,5,6,579,541,45,21
2024-01-06,5,6,579,499,45,40
2024-01-07,5,6,579,422,45,24
2024-01-08,5,6,579,386,45,24
2024-01-09,5,6,579,517,45,33
2024-01-10,5,6,579,296,45,25
2024-01-11,5,6,579,393,45,31
2024-01-12,5,6,579,357,45,36
2024-01-13,5,6,579,437,45,20
2024-01-14,5,6,579,489,45,25
2024-01-15,5,6,579,314,45,34
2024-01-16,5,6,579,531,45,24
2024-01-17,5,6,579,368,45,29
2024-01-18,5,6,579,323,45,19
2024-01-19,5,6,579,381,45,39
2024-01-20,5,6,579,321,45,36
2024-01-21,5,6,579,357,45,42
2024-01-22,5,6,579,297,45,19
2024-01-23,5,6,579,374,45,21
2024-01-24,5,6,579,524,45,30
2024-01-25,5,6,579,376,45,21
2024-01-26,5,6,579,509,45,40
2024-01-27,5,6,579,379,45,24
2024-01-28,5,6,579,352,45,23
2024-01-29,5,6,579,371,45,28
2024-01-30,5,6,579,333,45,40
2024-01-31,5,6,579,289,45,29
2024-02-01,5,6,579,497,45,29
2024-02-02,5,6,579,400,45,19
2024-02-03,5,6,579,358,45,33
2024-02-04,5,6,579,470,45,36
2024-02-05,5,6,579,511,45,35
2024-02-06,5,6,579,425,45,39
2024-02-07,5,6,579,510,45,38
2024-02-08,5,6,579,440,45,40
2024-02-09,5,6,579,546,45,19
2024-02-10,5,6,579,338,45,40
2024-02-11,5,6,579,539,45,18
2024-02-12,5,6,579,323,45,22
2024-02-13,5,6,579,503,45,23
2024-02-14,5,6,579,444,45,32
2024-02-15,5,6,579,537,45,40
2024-02-16,5,6,579,395,45,33
2024-02-17,5,6,579,426,45,23
2024-02-18,5,6,579,341,45,27
2024-02-19,5,6,579,547,45,18
2024-02-20,5,6,579,444,45,38
2024-02-21,5,6,579,445,45,41
2024-02-22,5,6,579,388,45,24
2024-02-23,5,6,579,418,45,26
2024-02-24,5,6,579,290,45,41
2024-02-25,5,6,579,491,45,20
2024-02-26,5,6,579,485,45,29
2024-02-27,5,6,579,429,45,26
2024-02-28,5,6,579,528,45,38
2024-02-29,5,6,579,445,45,35
2024-03-01,5,6,579,428,45,25
2024-03-02,5,6,579,421,45,19
2024-03-03,5,6,579,480,45,35
2024-03-04,5,6,579,346,45,32
2024-03-05,5,6,579,473,45,20
2024-03-06,5,6,579,316,45,22
2024-03-07,5,6,579,519,45,40
2024-03-08,5,6,579,335,45,24
2024-03-09,5,6,579,538,45,30
2024-03-10,5,6,579,398,45,39
2024-03-11,5,6,579,336,45,19
2024-03-12,5,6,579,450,45,25
2024-03-13,5,6,579,443,45,38
2024-03-14,5,6,579,496,45,38
2024-03-15,5,6,579,501,45,37
2024-03-16,5,6,579,480,45,36
2024-03-17,5,6,579,346,45,38
2024-03-18,5,6,579,296,45,40
2024-03-19,5,6,579,548,45,20
2024-03-20,5,6,579,330,45,32
2024-03-21,5,6,579,348,45,42
2024-03-22,5,6,579,399,45,33
2024-03-23,5,6,579,293,45,25
2024-03-24,5,6,579,424,45,34
2024-03-25,5,6,579,479,45,23
2024-03-26,5,6,579,476,45,35
2024-03-27,5,6,579,408,45,23
2024-03-28,5,6,579,387,45,35
2024-03-29,5,6,579,364,45,41
2024-03-30,5,6,579,543,45,18
2024-03-31,5,6,579,431,45,25
2024-04-01,5,6,579,310,45,33
2024-04-02,5,6,579,338,45,36
2024-04-03,5,6,579,436,45,19
2024-04-04,5,6,579,549,45,37
2024-04-05,5,6,579,411,45,24
2024-04-06,5,6,579,437,45,40
2024-04-07,5,6,579,360,45,40
2024-04-08,5,6,579,532,45,27
2024-04-09,5,6,579,482,45,28
2024-04-10,5,6,579,307,45,38
2024-04-11,5,6,579,453,45,27
2024-04-12,5,6,579,360,45,35
2024-04-13,5,6,579,349,45,19
2024-04-14,5,6,579,414,45,42
2024-04-15,5,6,579,418,45,19
2024-04-16,5,6,579,382,45,31
2024-04-17,5,6,579,307,45,27
2024-04-18,5,6,579,469,45,34
2024-04-19,5,6,579,543,45,33
2024-04-20,5,6,579,335,45,27
2024-04-21,5,6,579,397,45,21
2024-04-22,5,6,579,543,45,22
2024-04-23,5,6,579,514,45,29
2024-04-24,5,6,579,385,45,21
2024-04-25,5,6,579,376,45,39
2024-04-26,5,6,579,347,45,35
2024-04-27,5,6,579,504,45,40
2024-04-28,5,6,579,297,45,38
2024-04-29,5,6,579,424,45,31
2024-04-30,5,6,579,339,45,30
2024-05-01,5,6,579,462,45,24
2024-05-02,5,6,579,335,45,42
2024-05-03,5,6,579,417,45,30
2024-05-04,5,6,579,543,45,21
2024-05-05,5,6,579,524,45,20
2024-05-06,5,6,579,314,45,38
2024-05-07,5,6,579,517,45,41
2024-05-08,5,6,579,333,45,21
2024-05-09,5,6,579,541,45,41
2024-05-10,5,6,579,522,45,37
2024-05-11,5,6,579,323,45,21
2024-05-12,5,6,579,436,45,22
2024-05-13,5,6,579,400,45,28
2024-05-14,5,6,579,527,45,34
2024-05-15,5,6,579,443,45,36
2024-05-16,5,6,579,363,45,32
2024-05-17,5,6,579,519,45,27
2024-05-18,5,6,579,335,45,42
2024-05-19,5,6,579,390,45,23
2024-05-20,5,6,579,533,45,21
2024-05-21,5,6,579,441,45,21
2024-05-22,5,6,579,514,45,23
2024-05-23,5,6,579,331,45,26
2024-05-24,5,6,579,446,45,35
2024-05-25,5,6,579,443,45,18
2024-05-26,5,6,579,409,45,36
2024-05-27,5,6,579,463,45,42
2024-05-28,5,6,579,430,45,22
2024-05-29,5,6,579,366,45,40
2024-05-30,5,6,579,368,45,37
2024-05-31,5,6,579,430,45,24
2024-06-01,5,6,579,449,45,33
2024-06-02,5,6,579,305,45,42
2024-06-03,5,6,579,363,45,37
2024-06-04,5,6,579,319,45,20
2024-06-05,5,6,579,490,45,20
2024-06-06,5,6,579,375,45,24
2024-06-07,5,6,579,497,45,18
2024-06-08,5,6,579,428,45,22
2024-06-09,5,6,579,390,45,27
2024-06-10,5,6,579,299,45,32
2024-06-11,5,6,579,397,45,42
2024-06-12,5,6,579,528,45,29
2024-06-13,5,6,579,453,45,35
2024-06-14,5,6,579,509,45,36
2024-06-15,5,6,579,526,45,35
2024-06-16,5,6,579,455,45,19
2024-06-17,5,6,579,332,45,25
2024-06-18,5,6,579,442,45,20
2024-06-19,5,6,579,405,45,42
2024-06-20,5,6,579,366,45,31
2024-06-21,5,6,579,422,45,35
2024-06-22,5,6,579,509,45,37
2024-06-23,5,6,579,341,45,20
2024-06-24,5,6,579,517,45,36
2024-06-25,5,6,579,506,45,34
2024-06-26,5,6,579,417,45,20
2024-06-27,5,6,579,291,45,30
2024-06-28,5,6,579,438,45,25
2024-06-29,5,6,579,328,45,28
2024-06-30,5,6,579,390,45,20
2024-07-01,5,6,579,377,45,30
2024-07-02,5,6,579,450,45,27
2024-07-03,5,6,579,459,45,22
2024-07-04,5,6,579,466,45,35
2024-07-05,5,6,579,533,45,20
2024-07-06,5,6,579,510,45,34
2024-07-07,5,6,579,532,45,42
2024-07-08,5,6,579,528,45,42
2024-07-09,5,6,579,322,45,24
2024-07-10,5,6,579,421,45,36
2024-07-11,5,6,579,469,45,31
2024-07-12,5,6,579,440,45,35
2024-07-13,5,6,579,290,45,39
2024-07-14,5,6,579,395,45,22
2024-07-15,5,6,579,306,45,36
2024-07-16,5,6,579,466,45,21
2024-07-17,5,6,579,522,45,20
2024-07-18,5,6,579,350,45,35
2024-07-19,5,6,579,414,45,32
2024-07-20,5,6,579,442,45,18
2024-07-21,5,6,579,400,45,26
2024-07-22,5,6,579,381,45,38
2024-07-23,5,6,579,456,45,31
2024-07-24,5,6,579,430,45,18
2024-07-25,5,6,579,467,45,37
2024-07-26,5,6,579,362,45,36
2024-07-27,5,6,579,517,45,21
2024-07-28,5,6,579,300,45,40
2024-07-29,5,6,579,540,45,35
2024-07-30,5,6,579,410,45,35
2024-07-31,5,6,579,511,45,31
2024-08-01,5,6,579,531,45,33
2024-08-02,5,6,579,353,45,20
2024-08-03,5,6,579,455,45,30
2024-08-04,5,6,579,544,45,19
2024-08-05,5,6,579,381,45,29
2024-08-06,5,6,579,328,45,32
2024-08-07,5,6,579,510,45,35
2024-08-08,5,6,579,294,45,29
2024-08-09,5,6,579,464,45,36
2024-08-10,5,6,579,377,45,40
2024-08-11,5,6,579,519,45,35
2024-08-12,5,6,579,350,45,38
2024-08-13,5,6,579,382,45,31
2024-08-14,5,6,579,332,45,39
2024-08-15,5,6,579,330,45,37
2024-08-16,5,6,579,397,45,23
2024-08-17,5,6,579,510,45,37
2024-08-18,5,6,579,386,45,27
2024-08-19,5,6,579,403,45,35
2024-08-20,5,6,579,529,45,37
2024-08-21,5,6,579,307,45,37
2024-08-22,5,6,579,457,45,30
2024-08-23,5,6,579,433,45,25
2024-08-24,5,6,579,451,45,30
2024-08-25,5,6,579,291,45,25
2024-08-26,5,6,579,398,45,22
2024-08-27,5,6,579,426,45,32
2024-08-28,5,6,579,439,45,18
2024-08-29,5,6,579,462,45,38
2024-08-30,5,6,579,502,45,26
2024-08-31,5,6,579,528,45,19
2024-09-01,5,6,579,374,45,39
2024-09-02,5,6,579,407,45,22
2024-09-03,5,6,579,512,45,41
2024-09-04,5,6,579,424,45,35
2024-09-05,5,6,579,540,45,22
2024-09-06,5,6,579,502,45,23
2024-09-07,5,6,579,489,45,37
2024-09-08,5,6,579,372,45,24
2024-09-09,5,6,579,427,45,21
2024-09-10,5,6,579,389,45,23
2024-09-11,5,6,579,365,45,30
2024-09-12,5,6,579,302,45,32
2024-09-13,5,6,579,316,45,19
2024-09-14,5,6,579,451,45,37
2024-09-15,5,6,579,388,45,32
2024-09-16,5,6,579,423,45,23
2024-09-17,5,6,579,472,45,37
2024-09-18,5,6,579,354,45,31
2024-09-19,5,6,579,377,45,39
2024-09-20,5,6,579,289,45,27
2024-09-21,5,6,579,384,45,35
2024-09-22,5,6,579,333,45,36
2024-09-23,5,6,579,454,45,29
2024-09-24,5,6,579,330,45,21
2024-09-25,5,6,579,500,45,21
2024-09-26,5,6,579,511,45,37
2024-09-27,5,6,579,549,45,33
2024-09-28,5,6,579,545,45,26
2024-09-29,5,6,579,380,45,26
2024-09-30,5,6,579,534,45,36
2024-10-01,5,6,579,496,45,39
2024-10-02,5,6,579,362,45,19
2024-10-03,5,6,579,301,45,36
2024-10-04,5,6,579,491,45,28
2024-10-05,5,6,579,392,45,18
2024-10-06,5,6,579,546,45,22
2024-10-07,5,6,579,313,45,36
2024-10-08,5,6,579,462,45,40
2024-10-09,5,6,579,417,45,28
2024-10-10,5,6,579,398,45,32
2024-10-11,5,6,579,396,45,19
2024-10-12,5,6,579,431,45,37
2024-10-13,5,6,579,290,45,22
2024-10-14,5,6,579,383,45,27
2024-10-15,5,6,579,538,45,40
2024-10-16,5,6,579,405,45,41
2024-10-17,5,6,579,452,45,20
2024-10-18,5,6,579,300,45,37
2024-10-19,5,6,579,455,45,37
2024-10-20,5,6,579,379,45,22
2024-10-21,5,6,579,512,45,38
2024-10-22,5,6,579,536,45,36
2024-10-23,5,6,579,396,45,38
2024-10-24,5,6,579,329,45,42
2024-10-25,5,6,579,318,45,33
2024-10-26,5,6,579,417,45,19
2024-10-27,5,6,579,513,45,31
2024-10-28,5,6,579,337,45,20
2024-10-29,5,6,579,432,45,25
2024-10-30,5,6,579,499,45,36
2024-10-31,5,6,579,291,45,36
2024-11-01,5,6,579,542,45,38
2024-11-02,5,6,579,404,45,38
2024-11-03,5,6,579,509,45,19
2024-11-04,5,6,579,453,45,36
2024-11-05,5,6,579,531,45,18
2024-11-06,5,6,579,486,45,22
2024-11-07,5,6,579,407,45,39
2024-11-08,5,6,579,289,45,30
2024-11-09,5,6,579,384,45,18
2024-11-10,5,6,579,548,45,32
2024-11-11,5,6,579,445,45,28
2024-11-12,5,6,579,476,45,32
2024-11-13,5,6,579,365,45,39
2024-11-14,5,6,579,490,45,23
2024-11-15,5,6,579,497,45,31
2024-11-16,5,6,579,427,45,35
2024-11-17,5,6,579,421,45,26
2024-11-18,5,6,579,420,45,40
2024-11-19,5,6,579,305,45,31
2024-11-20,5,6,579,481,45,35
2024-11-21,5,6,579,327,45,27
2024-11-22,5,6,579,312,45,41
2024-11-23,5,6,579,294,45,39
2024-11-24,5,6,579,501,45,26
2024-11-25,5,6,579,542,45,35
2024-11-26,5,6,579,516,45,23
2024-11-27,5,6,579,403,45,20
2024-11-28,5,6,579,447,45,20
2024-11-29,5,6,579,521,45,34
2024-11-30,5,6,579,309,45,26
2024-12-01,5,6,579,294,45,23
2024-12-02,5,6,579,469,45,26
2024-12-03,5,6,579,350,45,29
2024-12-04,5,6,579,426,45,31
2024-12-05,5,6,579,360,45,32
2024-12-06,5,6,579,299,45,34
2024-12-07,5,6,579,363,45,33
2024-12-08,5,6,579,473,45,35
2024-12-09,5,6,579,502,45,19
2024-12-10,5,6,579,318,45,32
2024-12-11,5,6,579,463,45,36
2024-12-12,5,6,579,397,45,34
2024-12-13,5,6,579,375,45,22
2024-12-14,5,6,579,516,45,20
2024-12-15,5,6,579,441,45,36
2024-12-16,5,6,579,503,45,24
2024-12-17,5,6,579,444,45,22
2024-12-18,5,6,579,381,45,30
2024-12-19,5,6,579,482,45,22
2024-12-20,5,6,579,436,45,38
2024-12-21,5,6,579,310,45,42
2024-12-22,5,6,579,304,45,36
2024-12-23,5,6,579,525,45,27
2024-12-24,5,6,579,327,45,39
2024-12-25,5,6,579,434,45,29
2024-12-26,5,6,579,290,45,28
2024-12-27,5,6,579,345,45,32
2024-12-28,5,6,579,306,45,27
2024-12-29,5,6,579,315,45,21
2024-12-30,5,6,579,381,45,23
2024-12-31,5,6,579,351,45,22
